zip,city,state,country,latitude,longitude
0800,Darwin,AU,AU,-12.46145,130.84275
0801,Darwin,AU,AU,-12.46110,130.84180
0803,Darwin,AU,AU,-12.43480,130.74430
0804,Darwin,AU,AU,-12.43050,130.84140
0810,Darwin,AU,AU,-12.37458,130.87517
0811,Darwin,AU,AU,-12.37400,130.88220
0812,Darwin,AU,AU,-12.38196,130.90060
0813,Darwin,AU,AU,-12.40220,130.91600
0814,Darwin,AU,AU,-12.38300,130.85170
0815,Darwin,AU,AU,-12.37790,130.88300
0820,Darwin,AU,AU,-12.43091,130.85584
0821,Darwin,AU,AU,-12.42920,130.88590
0822,Palmerston,AU,AU,-12.72820,131.66498
0828,Darwin,AU,AU,-12.43085,130.93590
0829,Darwin,AU,AU,-12.45305,130.98270
0830,Darwin,AU,AU,-12.49051,130.97883
0831,Darwin,AU,AU,-12.48600,130.98330
0832,Palmerston,AU,AU,-12.50116,130.99610
0834,Litchfield,AU,AU,-12.51900,131.02840
0835,Litchfield,AU,AU,-12.51263,131.03813
0836,Litchfield,AU,AU,-12.54480,131.12023
0837,Litchfield,AU,AU,-12.72210,131.13495
0838,Litchfield,AU,AU,-12.70040,131.01450
0839,Litchfield,AU,AU,-12.52310,131.04150
0840,Unincorporated NT,AU,AU,-12.78467,130.47360
0841,Litchfield,AU,AU,-12.81930,130.96970
0845,Coomalie,AU,AU,-13.05050,131.03070
0846,Coomalie,AU,AU,-13.23790,131.10560
0847,Victoria Daly,AU,AU,-13.82080,131.83290
0850,Roper Gulf,AU,AU,-14.45718,132.27405
0851,Katherine,AU,AU,-14.46520,132.26350
0852,Binjari,AU,AU,-15.67618,132.68638
0853,Katherine,AU,AU,-14.53120,132.37930
0854,Roper Gulf,AU,AU,-15.44780,132.61090
0860,Barkly,AU,AU,-18.22160,134.25420
0861,Barkly,AU,AU,-18.22160,134.25420
0862,Roper Gulf,AU,AU,-18.22158,134.25418
0870,Alice Springs,AU,AU,-22.26760,133.17580
0871,Alice Springs,AU,AU,-22.26760,133.17580
0872,Laverton,AU,AU,-22.20191,133.14299
0873,MacDonnell,AU,AU,-22.26760,133.17580
0874,Alice Springs,AU,AU,-23.64690,133.86480
0875,Alice Springs,AU,AU,-22.26760,133.17580
0880,East Arnhem,AU,AU,-12.26754,136.59252
0881,East Arnhem,AU,AU,-12.18160,136.77840
0885,East Arnhem,AU,AU,-13.85410,136.42130
0886,West Arnhem,AU,AU,-12.67050,132.83600
0906,Darwin,AU,AU,-12.42920,130.88590
0907,Darwin,AU,AU,-12.42920,130.88590
0909,Darwin,AU,AU,-12.42920,130.88590
1001,Sydney,AU,AU,-33.86780,151.20730
1002,Sydney,AU,AU,-33.86780,151.20730
1003,Sydney,AU,AU,-33.86780,151.20730
1004,Sydney,AU,AU,-33.86780,151.20730
1005,Sydney,AU,AU,-33.86780,151.20730
1006,Sydney,AU,AU,-33.86780,151.20730
1007,Sydney,AU,AU,-33.86780,151.20730
1008,Sydney,AU,AU,-33.86780,151.20730
1009,Sydney,AU,AU,-33.86780,151.20730
1010,Sydney,AU,AU,-33.86780,151.20730
1020,Sydney,AU,AU,-33.86780,151.20730
1021,Sydney,AU,AU,-33.86780,151.20730
1022,Sydney,AU,AU,-33.86780,151.20730
1023,Sydney,AU,AU,-33.86780,151.20730
1025,Sydney,AU,AU,-33.86780,151.20730
1026,Sydney,AU,AU,-33.86780,151.20730
1027,Sydney,AU,AU,-33.86780,151.20730
1028,Sydney,AU,AU,-33.86780,151.20730
1029,Sydney,AU,AU,-33.86780,151.20730
1030,Sydney,AU,AU,-33.86780,151.20730
1031,Sydney,AU,AU,-33.86780,151.20730
1032,Sydney,AU,AU,-33.86780,151.20730
1033,Sydney,AU,AU,-33.86780,151.20730
1034,Sydney,AU,AU,-33.86780,151.20730
1035,Sydney,AU,AU,-33.86780,151.20730
1036,Sydney,AU,AU,-33.86780,151.20730
1037,Sydney,AU,AU,-33.86780,151.20730
1038,Sydney,AU,AU,-33.86780,151.20730
1039,Sydney,AU,AU,-33.86780,151.20730
1040,Sydney,AU,AU,-33.86780,151.20730
1041,Sydney,AU,AU,-33.86780,151.20730
1042,Sydney,AU,AU,-33.86780,151.20730
1043,Sydney,AU,AU,-33.86780,151.20730
1044,Sydney,AU,AU,-33.86780,151.20730
1045,Sydney,AU,AU,-33.86780,151.20730
1046,Sydney,AU,AU,-33.86780,151.20730
1100,Sydney,AU,AU,-33.86780,151.20730
1101,Sydney,AU,AU,-33.86780,151.20730
1105,Sydney,AU,AU,-33.86780,151.20730
1106,Sydney,AU,AU,-33.86780,151.20730
1107,Sydney,AU,AU,-33.86780,151.20730
1108,Sydney,AU,AU,-33.86780,151.20730
1109,Sydney,AU,AU,-33.86780,151.20730
1110,Sydney,AU,AU,-33.86780,151.20730
1112,Sydney,AU,AU,-33.86780,151.20730
1113,Sydney,AU,AU,-33.86780,151.20730
1114,Sydney,AU,AU,-33.86780,151.20730
1115,Sydney,AU,AU,-33.86780,151.20730
1116,Sydney,AU,AU,-33.86780,151.20730
1117,Sydney,AU,AU,-33.86780,151.20730
1118,Sydney,AU,AU,-33.86780,151.20730
1119,Sydney,AU,AU,-33.86780,151.20730
1120,Sydney,AU,AU,-33.86780,151.20730
1121,Sydney,AU,AU,-33.86780,151.20730
1122,Sydney,AU,AU,-33.86780,151.20730
1123,Sydney,AU,AU,-33.86780,151.20730
1124,Sydney,AU,AU,-33.86780,151.20730
1125,Sydney,AU,AU,-33.86780,151.20730
1126,Sydney,AU,AU,-33.86780,151.20730
1127,Sydney,AU,AU,-33.86780,151.20730
1128,Sydney,AU,AU,-33.86780,151.20730
1129,Sydney,AU,AU,-33.86780,151.20730
1130,Sydney,AU,AU,-33.86780,151.20730
1131,Sydney,AU,AU,-33.86780,151.20730
1132,Sydney,AU,AU,-33.86780,151.20730
1133,Sydney,AU,AU,-33.86780,151.20730
1134,Sydney,AU,AU,-33.86780,151.20730
1135,Sydney,AU,AU,-33.86780,151.20730
1136,Sydney,AU,AU,-33.86780,151.20730
1137,Sydney,AU,AU,-33.86780,151.20730
1138,Sydney,AU,AU,-33.86780,151.20730
1139,Sydney,AU,AU,-33.86780,151.20730
1140,Sydney,AU,AU,-33.86780,151.20730
1141,Sydney,AU,AU,-33.86780,151.20730
1142,Sydney,AU,AU,-33.86780,151.20730
1143,Sydney,AU,AU,-33.86780,151.20730
1144,Sydney,AU,AU,-33.86780,151.20730
1145,Sydney,AU,AU,-33.86780,151.20730
1146,Sydney,AU,AU,-33.86780,151.20730
1147,Sydney,AU,AU,-33.86780,151.20730
1148,Sydney,AU,AU,-33.86780,151.20730
1149,Sydney,AU,AU,-33.86780,151.20730
1150,Sydney,AU,AU,-33.86780,151.20730
1151,Sydney,AU,AU,-33.86780,151.20730
1152,Sydney,AU,AU,-33.86780,151.20730
1153,Sydney,AU,AU,-33.86780,151.20730
1154,Sydney,AU,AU,-33.86780,151.20730
1155,Sydney,AU,AU,-33.86780,151.20730
1156,Sydney,AU,AU,-33.86780,151.20730
1157,Sydney,AU,AU,-33.86780,151.20730
1158,Sydney,AU,AU,-33.86780,151.20730
1159,Sydney,AU,AU,-33.86780,151.20730
1160,Sydney,AU,AU,-33.86780,151.20730
1161,Sydney,AU,AU,-33.86780,151.20730
1162,Sydney,AU,AU,-33.86780,151.20730
1163,Sydney,AU,AU,-33.86780,151.20730
1164,Sydney,AU,AU,-33.86780,151.20730
1165,Sydney,AU,AU,-33.86780,151.20730
1166,Sydney,AU,AU,-33.86780,151.20730
1167,Sydney,AU,AU,-33.86780,151.20730
1168,Sydney,AU,AU,-33.86780,151.20730
1169,Sydney,AU,AU,-33.86780,151.20730
1170,Sydney,AU,AU,-33.86780,151.20730
1171,Sydney,AU,AU,-33.86780,151.20730
1172,Sydney,AU,AU,-33.86780,151.20730
1173,Sydney,AU,AU,-33.86780,151.20730
1174,Sydney,AU,AU,-33.86780,151.20730
1175,Sydney,AU,AU,-33.86780,151.20730
1176,Sydney,AU,AU,-33.86780,151.20730
1177,Sydney,AU,AU,-33.86780,151.20730
1178,Sydney,AU,AU,-33.86780,151.20730
1179,Sydney,AU,AU,-33.86780,151.20730
1180,Sydney,AU,AU,-33.86780,151.20730
1181,Sydney,AU,AU,-33.86780,151.20730
1182,Sydney,AU,AU,-33.86780,151.20730
1183,Sydney,AU,AU,-33.86780,151.20730
1184,Sydney,AU,AU,-33.86780,151.20730
1185,Sydney,AU,AU,-33.86780,151.20730
1186,Sydney,AU,AU,-33.86780,151.20730
1187,Sydney,AU,AU,-33.86780,151.20730
1188,Sydney,AU,AU,-33.86780,151.20730
1189,Sydney,AU,AU,-33.86780,151.20730
1190,Sydney,AU,AU,-33.86780,151.20730
1191,Sydney,AU,AU,-33.86780,151.20730
1192,Sydney,AU,AU,-33.86780,151.20730
1193,Sydney,AU,AU,-33.86780,151.20730
1194,Sydney,AU,AU,-33.86780,151.20730
1195,Sydney,AU,AU,-33.86780,151.20730
1196,Sydney,AU,AU,-33.86780,151.20730
1197,Sydney,AU,AU,-33.86780,151.20730
1198,Sydney,AU,AU,-33.86780,151.20730
1199,Sydney,AU,AU,-33.86780,151.20730
1201,Sydney,AU,AU,-33.86780,151.20730
1202,Sydney,AU,AU,-33.86780,151.20730
1203,Sydney,AU,AU,-33.86780,151.20730
1205,Sydney,AU,AU,-33.86780,151.20730
1207,Sydney,AU,AU,-33.86780,151.20730
1208,Sydney,AU,AU,-33.87870,151.20530
1209,Inner West,AU,AU,-34.59940,150.40170
1210,Inner West,AU,AU,-34.59940,150.40170
1211,Inner West,AU,AU,-34.59940,150.40170
1212,Inner West,AU,AU,-34.59940,150.40170
1213,Inner West,AU,AU,-34.59940,150.40170
1214,Inner West,AU,AU,-34.59940,150.40170
1215,Inner West,AU,AU,-34.59940,150.40170
1216,Parramatta,AU,AU,-34.59940,150.40170
1217,Parramatta,AU,AU,-34.59940,150.40170
1218,Parramatta,AU,AU,-34.59940,150.40170
1219,Parramatta,AU,AU,-34.59940,150.40170
1220,Parramatta,AU,AU,-34.05990,150.99800
1221,Sydney,AU,AU,-34.05990,150.99800
1222,Sydney,AU,AU,-34.05990,150.99800
1223,Sydney,AU,AU,-34.05990,150.99800
1224,Sydney,AU,AU,-34.05990,150.99800
1225,Sydney,AU,AU,-34.05990,150.99800
1226,Sydney,AU,AU,-34.05990,150.99800
1227,Sydney,AU,AU,-34.05990,150.99800
1228,Sydney,AU,AU,-34.05990,150.99800
1229,Sydney,AU,AU,-34.05990,150.99800
1230,Sydney,AU,AU,-33.87870,151.20530
1231,Sydney,AU,AU,-33.87870,151.20530
1232,Sydney,AU,AU,-33.87870,151.20530
1233,Sydney,AU,AU,-33.87870,151.20530
1234,Sydney,AU,AU,-33.87870,151.20530
1235,Sydney,AU,AU,-33.87870,151.20530
1236,Sydney,AU,AU,-33.87870,151.20530
1237,Sydney,AU,AU,-33.87870,151.20530
1238,Sydney,AU,AU,-33.87870,151.20530
1239,Sydney,AU,AU,-33.87870,151.20530
1240,Sydney,AU,AU,-33.87870,151.20530
1291,Sydney,AU,AU,-33.86780,151.20730
1292,Sydney,AU,AU,-33.86780,151.20730
1293,Sydney,AU,AU,-33.86780,151.20730
1294,Sydney,AU,AU,-33.86780,151.20730
1295,Sydney,AU,AU,-33.86780,151.20730
1296,Sydney,AU,AU,-33.86780,151.20730
1297,Sydney,AU,AU,-33.86780,151.20730
1298,Sydney,AU,AU,-33.86780,151.20730
1299,Sydney,AU,AU,-33.86780,151.20730
1300,Sydney,AU,AU,-33.87940,151.21930
1314,Sydney,AU,AU,-33.88000,151.23250
1335,Sydney,AU,AU,-33.86700,151.22590
1340,Sydney,AU,AU,-33.87500,151.22230
1350,Sydney,AU,AU,-33.88780,151.23680
1355,Sydney,AU,AU,-33.89280,151.24720
1360,Sydney,AU,AU,-33.87780,151.24350
1401,Sydney,AU,AU,-33.89230,151.04730
1405,Sydney,AU,AU,-33.89230,151.04730
1419,Sydney,AU,AU,-33.93390,151.15310
1420,Sydney,AU,AU,-33.93390,151.15310
1422,Sydney,AU,AU,-33.93390,151.15310
1423,Sydney,AU,AU,-33.93390,151.15310
1424,Sydney,AU,AU,-33.93390,151.15310
1425,Sydney,AU,AU,-33.93390,151.15310
1426,Sydney,AU,AU,-33.93390,151.15310
1427,Sydney,AU,AU,-33.93390,151.15310
1428,Sydney,AU,AU,-33.93390,151.15310
1429,Sydney,AU,AU,-33.93390,151.15310
1430,Sydney,AU,AU,-33.89560,151.19240
1435,Sydney,AU,AU,-33.89990,151.19950
1440,Sydney,AU,AU,-33.89940,151.20530
1441,Sydney,AU,AU,-33.89940,151.20530
1445,Sydney,AU,AU,-33.91670,151.20000
1450,Sydney,AU,AU,-33.88970,151.17640
1455,Sydney,AU,AU,-33.94600,151.19590
1460,Sydney,AU,AU,-33.92600,151.19350
1465,Sydney,AU,AU,-33.92020,151.22240
1466,Sydney,AU,AU,-33.92310,151.20790
1470,Sydney,AU,AU,-33.85240,151.15490
1475,Sydney,AU,AU,-33.90740,151.15550
1476,Sydney,AU,AU,-33.90740,151.15550
1480,Sydney,AU,AU,-33.93930,151.09930
1481,Sydney,AU,AU,-33.95370,151.11750
1484,Sydney,AU,AU,-33.95370,151.11750
1485,Sydney,AU,AU,-33.96810,151.13560
1490,Sutherland,AU,AU,-34.03860,151.10010
1493,Georges River,AU,AU,-33.97990,151.09030
1495,Sutherland,AU,AU,-34.03530,151.12470
1499,Georges River,AU,AU,-34.03100,151.05530
1515,Sydney,AU,AU,-33.79400,151.16490
1560,Sydney,AU,AU,-33.81310,151.21730
1565,Sydney,AU,AU,-33.84600,151.21190
1570,Sydney,AU,AU,-33.81670,151.18330
1585,Sydney,AU,AU,-33.82490,151.20400
1590,Sydney,AU,AU,-33.82340,151.19840
1595,Sydney,AU,AU,-33.81570,151.16680
1597,Sydney,AU,AU,-33.81570,151.16680
1602,Sydney,AU,AU,-33.76060,151.18780
1630,Hornsby,AU,AU,-33.70240,151.09930
1635,Ku-ring-gai,AU,AU,-33.72530,151.16130
1639,Sydney,AU,AU,-33.74820,151.22320
1640,Sydney,AU,AU,-33.74820,151.22320
1655,Sydney,AU,AU,-33.79800,151.28830
1658,Northern Beaches,AU,AU,-33.67760,151.30310
1660,Northern Beaches,AU,AU,-33.67760,151.30310
1670,Sydney,AU,AU,-33.79680,151.12440
1675,Sydney,AU,AU,-33.83330,151.13330
1680,Sydney,AU,AU,-33.81880,151.10620
1685,Sydney,AU,AU,-33.80540,151.07390
1700,Sydney,AU,AU,-33.81480,151.05470
1710,Sydney,AU,AU,-33.77270,151.08180
1715,Parramatta,AU,AU,-33.73780,151.07220
1730,Parramatta,AU,AU,-33.78330,150.93330
1740,Parramatta,AU,AU,-33.81780,151.00350
1741,Parramatta,AU,AU,-33.81780,151.00350
1750,Cumberland,AU,AU,-33.79350,151.00120
1755,Parramatta,AU,AU,-33.75880,150.99290
1765,Parramatta,AU,AU,-33.73330,151.00000
1771,Parramatta,AU,AU,-33.73780,151.07220
1781,Blacktown,AU,AU,-33.77680,151.02150
1790,North Sydney,AU,AU,-33.77680,151.02150
1800,Sydney,AU,AU,-33.88830,151.12270
1805,Sydney,AU,AU,-33.88330,151.10000
1811,Sydney,AU,AU,-33.83340,151.04730
1819,Sydney,AU,AU,-33.88100,151.07990
1825,Sydney,AU,AU,-33.86440,151.03970
1830,Cumberland,AU,AU,-33.84060,151.00750
1831,Cumberland,AU,AU,-33.84060,151.00750
1835,Canterbury-Bankstown,AU,AU,-33.85000,151.03330
1851,Fairfield,AU,AU,-33.84280,150.90060
1860,Fairfield,AU,AU,-33.86670,150.95000
1871,Liverpool,AU,AU,-33.91940,150.92590
1874,Liverpool,AU,AU,-33.94370,150.95660
1875,Liverpool,AU,AU,-33.94370,150.95660
1885,Canterbury-Bankstown,AU,AU,-33.91670,151.03330
1888,Canterbury-Bankstown,AU,AU,-33.91670,151.03330
1890,Liverpool,AU,AU,-34.00000,150.86670
1891,Canterbury-Bankstown,AU,AU,-33.93930,150.98150
2000,Sydney,AU,AU,-33.86431,151.20491
2001,Sydney,AU,AU,-33.86780,151.20730
2002,Sydney,AU,AU,-33.87020,151.20220
2004,Sydney,AU,AU,-33.87020,151.20220
2006,Sydney,AU,AU,-33.87020,151.20220
2007,Sydney,AU,AU,-33.87720,151.19720
2008,Sydney,AU,AU,-33.88887,151.19650
2009,Sydney,AU,AU,-33.86980,151.19400
2010,Sydney,AU,AU,-33.88157,151.21603
2011,Sydney,AU,AU,-33.87180,151.22460
2012,Sydney,AU,AU,-33.89880,151.21080
2013,Sydney,AU,AU,-33.89880,151.21080
2015,Sydney,AU,AU,-33.90233,151.19743
2016,Sydney,AU,AU,-33.89280,151.20410
2017,Sydney,AU,AU,-33.90343,151.20697
2018,Sydney,AU,AU,-33.92435,151.20605
2019,Sydney,AU,AU,-33.95130,151.20275
2020,Sydney,AU,AU,-33.92600,151.19350
2021,Sydney,AU,AU,-33.89257,151.22907
2022,Sydney,AU,AU,-33.89613,151.24720
2023,Sydney,AU,AU,-33.87900,151.25100
2024,Sydney,AU,AU,-33.90200,151.26060
2025,Sydney,AU,AU,-33.88780,151.23680
2026,Sydney,AU,AU,-33.89284,151.27358
2027,Sydney,AU,AU,-33.87228,151.24190
2028,Sydney,AU,AU,-33.87780,151.24350
2029,Sydney,AU,AU,-33.86880,151.27060
2030,Sydney,AU,AU,-33.85672,151.27988
2031,Sydney,AU,AU,-33.91328,151.25388
2032,Sydney,AU,AU,-33.92640,151.22665
2033,Sydney,AU,AU,-33.92020,151.22240
2034,Sydney,AU,AU,-33.92050,151.25520
2035,Sydney,AU,AU,-33.94713,151.22583
2036,Sydney,AU,AU,-33.96794,151.23413
2037,Sydney,AU,AU,-33.88010,151.18215
2038,Sydney,AU,AU,-33.88330,151.16670
2039,Sydney,AU,AU,-33.86140,151.17050
2040,Sydney,AU,AU,-33.87920,151.16075
2041,Sydney,AU,AU,-33.85450,151.18617
2042,Sydney,AU,AU,-33.89940,151.17530
2043,Sydney,AU,AU,-33.90250,151.18580
2044,Sydney,AU,AU,-33.91890,151.17050
2045,Sydney,AU,AU,-33.88300,151.14390
2046,Sydney,AU,AU,-33.85926,151.13167
2047,Sydney,AU,AU,-33.85240,151.15490
2048,Sydney,AU,AU,-33.89410,151.16420
2049,Sydney,AU,AU,-33.89590,151.15187
2050,Sydney,AU,AU,-33.88970,151.17640
2052,Sydney,AU,AU,-33.84190,151.19350
2055,Sydney,AU,AU,-33.83900,151.20720
2057,Sydney,AU,AU,-33.80000,151.18330
2058,Sydney,AU,AU,-33.84190,151.19350
2059,Sydney,AU,AU,-33.83900,151.20720
2060,Sydney,AU,AU,-33.84157,151.20459
2061,Sydney,AU,AU,-33.84735,151.21405
2062,Sydney,AU,AU,-33.82130,151.21610
2063,Sydney,AU,AU,-33.81310,151.21730
2064,Sydney,AU,AU,-33.81670,151.18330
2065,Sydney,AU,AU,-33.82571,151.19309
2066,Sydney,AU,AU,-33.82146,151.16327
2067,Sydney,AU,AU,-33.79700,151.17410
2068,Sydney,AU,AU,-33.79832,151.20815
2069,Sydney,AU,AU,-33.78277,151.19643
2070,Sydney,AU,AU,-33.77497,151.17677
2071,Sydney,AU,AU,-33.76070,151.17180
2072,Sydney,AU,AU,-33.75530,151.15120
2073,Sydney,AU,AU,-33.75530,151.13760
2074,Ku-ring-gai,AU,AU,-33.73118,151.12700
2075,Northern Beaches,AU,AU,-33.70380,151.16460
2076,Hornsby,AU,AU,-33.71573,151.11140
2077,Hornsby,AU,AU,-33.69293,151.10330
2079,Northern Beaches,AU,AU,-33.68330,151.11670
2080,Hornsby,AU,AU,-33.64200,151.12870
2081,Hornsby,AU,AU,-33.60820,151.15975
2082,Hornsby,AU,AU,-33.58657,151.13320
2083,Central Coast (NSW),AU,AU,-33.52434,151.20317
2084,Northern Beaches,AU,AU,-33.65825,151.21068
2085,Sydney,AU,AU,-33.74127,151.20557
2086,Sydney,AU,AU,-33.74820,151.22320
2087,Sydney,AU,AU,-33.77060,151.21430
2088,Sydney,AU,AU,-33.83900,151.23960
2089,Sydney,AU,AU,-33.84010,151.22003
2090,Sydney,AU,AU,-33.83343,151.22667
2091,Sydney,AU,AU,-33.77600,151.27150
2092,Sydney,AU,AU,-33.80140,151.23980
2093,Sydney,AU,AU,-33.79558,151.25666
2094,Sydney,AU,AU,-33.79570,151.27350
2095,Sydney,AU,AU,-33.79800,151.28830
2096,Sydney,AU,AU,-33.77680,151.28653
2097,Northern Beaches,AU,AU,-33.73100,151.29342
2099,Sydney,AU,AU,-33.75047,151.28269
2100,Sydney,AU,AU,-33.76029,151.25771
2101,Northern Beaches,AU,AU,-33.70208,151.28418
2102,Northern Beaches,AU,AU,-33.68860,151.29530
2103,Northern Beaches,AU,AU,-33.67760,151.30310
2104,Northern Beaches,AU,AU,-33.65980,151.29880
2105,Northern Beaches,AU,AU,-33.64083,151.28273
2106,Northern Beaches,AU,AU,-33.65640,151.31400
2107,Northern Beaches,AU,AU,-33.63422,151.32337
2108,Northern Beaches,AU,AU,-33.60385,151.30103
2109,Ryde,AU,AU,-33.66940,151.29180
2110,Sydney,AU,AU,-33.83727,151.15763
2111,Sydney,AU,AU,-33.83739,151.13277
2112,Sydney,AU,AU,-33.81363,151.10330
2113,Sydney,AU,AU,-33.79558,151.12602
2114,Sydney,AU,AU,-33.80716,151.08026
2115,Sydney,AU,AU,-33.81480,151.05470
2116,Parramatta,AU,AU,-33.81450,151.03750
2117,Parramatta,AU,AU,-33.79510,151.03973
2118,The Hills,AU,AU,-33.77748,151.03303
2119,Parramatta,AU,AU,-33.75410,151.06855
2120,Hornsby,AU,AU,-33.72730,151.07420
2121,Sydney,AU,AU,-33.76605,151.08715
2122,Sydney,AU,AU,-33.78480,151.09315
2123,Parramatta,AU,AU,-33.81780,151.00350
2124,Parramatta,AU,AU,-33.81780,151.00350
2125,Hornsby,AU,AU,-33.74570,151.04760
2126,Hornsby,AU,AU,-33.72200,151.04610
2127,Sydney,AU,AU,-33.84455,151.06668
2128,Sydney,AU,AU,-33.83340,151.04730
2129,Strathfield,AU,AU,-33.78740,151.06240
2130,Sydney,AU,AU,-33.89150,151.13820
2131,Sydney,AU,AU,-33.88830,151.12270
2132,Sydney,AU,AU,-33.88330,151.11670
2133,Sydney,AU,AU,-33.86580,151.10160
2134,Sydney,AU,AU,-33.88330,151.10000
2135,Sydney,AU,AU,-33.88100,151.07990
2136,Sydney,AU,AU,-33.89113,151.09350
2137,Sydney,AU,AU,-33.84728,151.10586
2138,Sydney,AU,AU,-33.83855,151.08607
2139,Sydney,AU,AU,-33.86580,151.10160
2140,Sydney,AU,AU,-33.86470,151.07513
2141,Sydney,AU,AU,-33.87020,151.04310
2142,Parramatta,AU,AU,-33.83086,151.01331
2143,Cumberland,AU,AU,-33.88965,151.02370
2144,Cumberland,AU,AU,-33.85000,151.03330
2145,Parramatta,AU,AU,-33.81010,150.96199
2146,Cumberland,AU,AU,-33.78547,150.95950
2147,Parramatta,AU,AU,-33.76478,150.93330
2148,Cumberland,AU,AU,-33.77440,150.89869
2150,Parramatta,AU,AU,-33.82033,151.00563
2151,The Hills,AU,AU,-33.78285,151.00920
2152,Parramatta,AU,AU,-33.78380,150.99860
2153,Parramatta,AU,AU,-34.15622,150.53640
2154,Hornsby,AU,AU,-33.73330,151.00000
2155,Blacktown,AU,AU,-33.69848,150.93134
2156,Hornsby,AU,AU,-33.67097,150.98420
2157,Hornsby,AU,AU,-33.48285,150.32668
2158,The Hills,AU,AU,-33.66170,151.01692
2159,Hornsby,AU,AU,-33.62130,151.05545
2160,Parramatta,AU,AU,-33.83300,150.97620
2161,Fairfield,AU,AU,-33.85850,150.97797
2162,Cumberland,AU,AU,-33.88335,151.00500
2163,Canterbury-Bankstown,AU,AU,-33.88803,150.97247
2164,Cumberland,AU,AU,-33.85022,150.92786
2165,Cumberland,AU,AU,-33.86680,150.94428
2166,Fairfield,AU,AU,-33.89206,150.93386
2167,Campbelltown (NSW),AU,AU,-33.96670,150.90000
2168,Liverpool,AU,AU,-33.91502,150.88321
2170,Fairfield,AU,AU,-33.93052,150.92260
2171,Liverpool,AU,AU,-33.92083,150.84684
2172,Sutherland,AU,AU,-34.33047,150.60720
2173,Sutherland,AU,AU,-33.96885,150.95560
2174,Liverpool,AU,AU,-33.95690,150.86130
2175,Fairfield,AU,AU,-33.84320,150.84890
2176,Fairfield,AU,AU,-33.87239,150.89026
2177,Fairfield,AU,AU,-33.89240,150.87950
2178,Fairfield,AU,AU,-33.87177,150.81317
2179,Camden,AU,AU,-33.94860,150.80240
2190,Sydney,AU,AU,-33.90337,151.05040
2191,Sydney,AU,AU,-33.90350,151.08470
2192,Sydney,AU,AU,-33.91900,151.08940
2193,Sydney,AU,AU,-33.90653,151.12230
2194,Sydney,AU,AU,-33.91250,151.10280
2195,Sydney,AU,AU,-33.92197,151.07163
2196,Sydney,AU,AU,-33.93105,151.06215
2197,Canterbury-Bankstown,AU,AU,-33.89860,150.99540
2198,Canterbury-Bankstown,AU,AU,-33.90880,150.98850
2199,Canterbury-Bankstown,AU,AU,-33.90490,151.02000
2200,Canterbury-Bankstown,AU,AU,-33.91960,151.03081
2203,Sydney,AU,AU,-33.90410,151.13940
2204,Sydney,AU,AU,-33.90740,151.15550
2205,Sydney,AU,AU,-33.93263,151.14750
2206,Sydney,AU,AU,-33.92353,151.11460
2207,Sydney,AU,AU,-33.93930,151.12324
2208,Sydney,AU,AU,-33.93930,151.09930
2209,Sydney,AU,AU,-33.94725,151.07450
2210,Canterbury-Bankstown,AU,AU,-33.96756,151.04968
2211,Canterbury-Bankstown,AU,AU,-33.96215,151.03590
2212,Canterbury-Bankstown,AU,AU,-33.95857,151.01753
2213,Canterbury-Bankstown,AU,AU,-33.96510,150.99403
2214,Canterbury-Bankstown,AU,AU,-33.93930,150.98150
2216,Sydney,AU,AU,-33.95350,151.14810
2217,Sydney,AU,AU,-33.97743,151.13760
2218,Sydney,AU,AU,-33.97185,151.11790
2219,Sydney,AU,AU,-33.99260,151.13903
2220,Georges River,AU,AU,-33.97990,151.09030
2221,Georges River,AU,AU,-33.98640,151.10438
2222,Sydney,AU,AU,-33.96670,151.08330
2223,Georges River,AU,AU,-33.97450,151.07215
2224,Sutherland,AU,AU,-34.01123,151.10055
2225,Sutherland,AU,AU,-34.00410,151.07590
2226,Sutherland,AU,AU,-34.00867,151.05903
2227,Sutherland,AU,AU,-34.04425,151.08665
2228,Sutherland,AU,AU,-34.04490,151.10120
2229,Sutherland,AU,AU,-34.05233,151.12231
2230,Sutherland,AU,AU,-34.06145,151.14405
2231,Sydney,AU,AU,-34.01090,151.20510
2232,Sutherland,AU,AU,-34.13481,151.00411
2233,Sutherland,AU,AU,-34.07452,151.01630
2234,Sutherland,AU,AU,-34.01713,151.01587
2250,Hawkesbury,AU,AU,-33.39531,151.28313
2251,Central Coast (NSW),AU,AU,-33.48035,151.39317
2252,Central Coast (NSW),AU,AU,-33.33300,151.38530
2256,Central Coast (NSW),AU,AU,-33.50547,151.29425
2257,Central Coast (NSW),AU,AU,-33.51408,151.34968
2258,Central Coast (NSW),AU,AU,-33.32946,151.36224
2259,Cessnock,AU,AU,-33.14555,151.50113
2260,Central Coast (NSW),AU,AU,-33.43040,151.44058
2261,Central Coast (NSW),AU,AU,-33.34829,151.47319
2262,Central Coast (NSW),AU,AU,-33.21142,151.53922
2263,Central Coast (NSW),AU,AU,-33.25951,151.53164
2264,Lake Macquarie,AU,AU,-33.10279,151.52864
2265,Cessnock,AU,AU,-33.07145,151.43540
2267,Lake Macquarie,AU,AU,-33.07180,151.59840
2278,Lake Macquarie,AU,AU,-32.94520,151.56673
2280,Lake Macquarie,AU,AU,-33.02485,151.65926
2281,Lake Macquarie,AU,AU,-33.11086,151.63648
2282,Lake Macquarie,AU,AU,-32.97467,151.64627
2283,Lake Macquarie,AU,AU,-33.02135,151.58520
2284,Lake Macquarie,AU,AU,-32.96486,151.61704
2285,Newcastle,AU,AU,-32.93544,151.64260
2286,Lake Macquarie,AU,AU,-32.90207,151.58327
2287,Lake Macquarie,AU,AU,-33.01968,151.59602
2289,Lake Macquarie,AU,AU,-32.94661,151.70253
2290,Lake Macquarie,AU,AU,-32.98337,151.69477
2291,Newcastle,AU,AU,-32.94450,151.74600
2292,Newcastle,AU,AU,-32.91780,151.73265
2293,Newcastle,AU,AU,-32.91520,151.75615
2294,Newcastle,AU,AU,-32.91500,151.76440
2295,Port Stephens,AU,AU,-32.88670,151.79835
2296,Newcastle,AU,AU,-32.91390,151.74740
2297,Newcastle,AU,AU,-32.90730,151.75090
2298,Newcastle,AU,AU,-32.90493,151.72313
2299,Newcastle,AU,AU,-32.90852,151.69880
2300,Newcastle,AU,AU,-32.93236,151.77666
2302,Newcastle,AU,AU,-32.92450,151.75710
2303,Newcastle,AU,AU,-32.92393,151.75030
2304,Newcastle,AU,AU,-32.88940,151.73573
2305,Lake Macquarie,AU,AU,-32.92653,151.70107
2306,Lake Macquarie,AU,AU,-32.99280,151.68170
2307,Newcastle,AU,AU,-32.87880,151.69100
2308,Newcastle,AU,AU,-32.89200,151.70530
2309,Narrabri,AU,AU,-33.53860,151.24150
2310,Dungog,AU,AU,-32.59410,151.88620
2311,Dungog,AU,AU,-32.35599,151.52079
2312,Mid-Coast,AU,AU,-32.12805,152.37555
2314,Port Stephens,AU,AU,-32.59410,151.88620
2315,Port Stephens,AU,AU,-32.72812,152.14962
2316,Port Stephens,AU,AU,-32.77443,152.07365
2317,Port Stephens,AU,AU,-32.71650,152.07460
2318,Port Stephens,AU,AU,-32.76669,151.87447
2319,Port Stephens,AU,AU,-32.73525,152.01610
2320,Dungog,AU,AU,-32.72003,151.53340
2321,Port Stephens,AU,AU,-32.68371,151.60020
2322,Cessnock,AU,AU,-32.81896,151.65389
2323,Lake Macquarie,AU,AU,-32.83492,151.12792
2324,Maitland,AU,AU,-32.75568,151.75588
2325,Central Coast (NSW),AU,AU,-32.91732,151.17928
2326,Maitland,AU,AU,-32.79613,151.44832
2327,Cessnock,AU,AU,-32.82727,151.48473
2328,Muswellbrook,AU,AU,-32.42687,150.56892
2329,Warrumbungle,AU,AU,-32.05525,150.02670
2330,Hawkesbury,AU,AU,-32.63772,151.09298
2331,Singleton,AU,AU,-32.36050,150.99260
2333,Singleton,AU,AU,-32.29708,150.73106
2334,Maitland,AU,AU,-32.67780,151.38920
2335,Maitland,AU,AU,-32.96641,151.20788
2336,Muswellbrook,AU,AU,-32.15860,150.94197
2337,Mid-Coast,AU,AU,-31.96073,150.99136
2338,Tamworth,AU,AU,-31.76410,150.88690
2339,Liverpool Plains,AU,AU,-31.71139,150.59951
2340,Liverpool Plains,AU,AU,-31.23717,150.92979
2341,Gunnedah,AU,AU,-31.34910,150.64870
2342,Tamworth,AU,AU,-31.21670,150.65830
2343,Gunnedah,AU,AU,-31.51652,150.38701
2344,Tamworth,AU,AU,-31.14795,150.76990
2345,Tamworth,AU,AU,-30.89340,150.87530
2346,Tamworth,AU,AU,-30.69382,150.65300
2347,Narrabri,AU,AU,-30.21950,150.78818
2348,Bogan,AU,AU,-31.09040,150.76490
2350,Uralla,AU,AU,-30.45820,151.76753
2351,Armidale,AU,AU,-30.75390,151.13660
2352,Tamworth,AU,AU,-31.05820,151.08115
2353,Tamworth,AU,AU,-31.01770,151.07060
2354,Upper Hunter,AU,AU,-31.03870,151.56339
2355,Tamworth,AU,AU,-30.74390,151.10387
2356,Narrabri,AU,AU,-30.61010,148.96750
2357,Warrumbungle,AU,AU,-31.28786,149.37927
2358,Uralla,AU,AU,-30.56792,151.40214
2359,Tamworth,AU,AU,-30.21940,151.04643
2360,Gwydir,AU,AU,-29.66333,151.19941
2361,Inverell,AU,AU,-29.12278,151.14000
2365,Clarence Valley,AU,AU,-30.26068,151.58372
2369,Armidale,AU,AU,-29.91960,151.21460
2370,Armidale,AU,AU,-29.66658,151.92620
2371,Inverell,AU,AU,-29.36217,151.65257
2372,Tenterfield,AU,AU,-29.00229,152.05802
2379,Warrumbungle,AU,AU,-31.11855,149.76292
2380,Gunnedah,AU,AU,-31.02550,149.84132
2381,Warrumbungle,AU,AU,-31.29313,150.11733
2382,Gunnedah,AU,AU,-30.69210,150.09922
2386,Narrabri,AU,AU,-30.09850,148.96790
2387,Moree Plains,AU,AU,-29.81690,148.90900
2388,Coonamble,AU,AU,-30.50489,149.40881
2390,Gwydir,AU,AU,-30.18282,150.14562
2395,Warrumbungle,AU,AU,-31.57663,149.49137
2396,Warrumbungle,AU,AU,-30.95683,149.02873
2397,Moree Plains,AU,AU,-29.86717,149.67840
2398,Moree Plains,AU,AU,-29.73330,149.80000
2399,Gwydir,AU,AU,-29.50880,150.16867
2400,Gwydir,AU,AU,-29.81023,149.80619
2401,Moree Plains,AU,AU,-29.58330,150.33310
2402,Inverell,AU,AU,-29.45907,150.61820
2403,Gwydir,AU,AU,-29.62330,150.77888
2404,Moree Plains,AU,AU,-29.91462,150.57198
2405,Moree Plains,AU,AU,-28.89960,149.60855
2406,Goondiwindi,AU,AU,-29.01850,149.25480
2408,Gwydir,AU,AU,-28.99445,150.48392
2409,Gwydir,AU,AU,-28.67040,150.49160
2410,Inverell,AU,AU,-28.81050,150.73535
2411,Moree Plains,AU,AU,-29.13310,150.30140
2415,Dungog,AU,AU,-32.32414,151.90930
2420,Dungog,AU,AU,-32.43973,151.69467
2421,Maitland,AU,AU,-32.45103,151.43936
2422,Walcha,AU,AU,-31.76278,151.90851
2423,Mid-Coast,AU,AU,-32.32989,152.27778
2424,Mid-Coast,AU,AU,-31.77802,152.08621
2425,Mid-Coast,AU,AU,-32.48400,151.99532
2426,Mid-Coast,AU,AU,-31.80270,152.58650
2427,Mid-Coast,AU,AU,-31.86270,152.70570
2428,Mid-Coast,AU,AU,-32.28102,152.49682
2429,Port Macquarie-Hastings,AU,AU,-31.73951,152.33584
2430,Mid-Coast,AU,AU,-31.77237,152.53723
2431,Kempsey,AU,AU,-30.89657,153.04890
2439,Port Macquarie-Hastings,AU,AU,-31.63187,152.69829
2440,Port Macquarie-Hastings,AU,AU,-30.98318,152.68665
2441,Nambucca Valley,AU,AU,-31.03431,152.82609
2442,Port Macquarie-Hastings,AU,AU,-31.13380,152.70680
2443,Mid-Coast,AU,AU,-31.69982,152.71778
2444,Port Macquarie-Hastings,AU,AU,-31.57747,152.72411
2445,Port Macquarie-Hastings,AU,AU,-31.57120,152.84688
2446,Walcha,AU,AU,-31.41743,152.58047
2447,Nambucca Valley,AU,AU,-30.70093,152.74787
2448,Bellingen,AU,AU,-30.61202,153.00078
2449,Bellingen,AU,AU,-30.62443,152.78542
2450,Clarence Valley,AU,AU,-30.28178,153.01678
2452,Coffs Harbour,AU,AU,-30.35500,153.08768
2453,Coffs Harbour,AU,AU,-30.27196,152.62521
2454,Nambucca Valley,AU,AU,-30.45317,152.90028
2455,Bellingen,AU,AU,-30.49700,153.01420
2456,Clarence Valley,AU,AU,-30.07655,153.18786
2460,Richmond Valley,AU,AU,-29.59340,152.87269
2462,Clarence Valley,AU,AU,-29.72757,153.16090
2463,Clarence Valley,AU,AU,-29.48327,153.22303
2464,Clarence Valley,AU,AU,-29.46618,153.34558
2465,Clarence Valley,AU,AU,-29.42580,153.24180
2466,Clarence Valley,AU,AU,-29.40150,153.35110
2469,Richmond Valley,AU,AU,-28.97599,152.76558
2470,Lismore,AU,AU,-28.85033,152.96373
2471,Lismore,AU,AU,-29.00090,153.22717
2472,Clarence Valley,AU,AU,-29.00307,153.29929
2473,Richmond Valley,AU,AU,-29.11188,153.41530
2474,Tweed,AU,AU,-28.58720,152.95262
2475,Kyogle,AU,AU,-28.53152,152.47990
2476,Tenterfield,AU,AU,-28.44827,152.47953
2477,Lismore,AU,AU,-28.89017,153.43891
2478,Ballina,AU,AU,-28.85974,153.53540
2479,Ballina,AU,AU,-28.70570,153.51757
2480,Ballina,AU,AU,-28.74932,153.27243
2481,Ballina,AU,AU,-28.65413,153.57699
2482,Byron,AU,AU,-28.55543,153.42230
2483,Tweed,AU,AU,-28.47851,153.50609
2484,Kyogle,AU,AU,-28.37018,153.34247
2485,Tweed,AU,AU,-28.18205,153.53400
2486,Tweed,AU,AU,-28.21920,153.47469
2487,Tweed,AU,AU,-28.27179,153.54884
2488,Tweed,AU,AU,-28.33440,153.55943
2489,Tweed,AU,AU,-28.38000,153.56633
2490,Tweed,AU,AU,-28.26865,153.46730
2500,Wollongong,AU,AU,-34.33700,150.73363
2502,Wollongong,AU,AU,-34.48605,150.87547
2505,Wollongong,AU,AU,-34.48810,150.89560
2506,Wollongong,AU,AU,-34.48330,150.85000
2508,Campbelltown (NSW),AU,AU,-34.20642,150.98060
2515,Wollongong,AU,AU,-34.28648,150.94690
2516,Wollongong,AU,AU,-34.33830,150.91350
2517,Wollongong,AU,AU,-34.35237,150.90437
2518,Wollongong,AU,AU,-34.37762,150.90545
2519,Wollongong,AU,AU,-34.39285,150.88455
2520,Wollongong,AU,AU,-34.42400,150.89340
2522,Wollongong,AU,AU,-34.53210,150.81960
2525,Wollongong,AU,AU,-34.43560,150.85830
2526,Wollongong,AU,AU,-34.44549,150.82299
2527,Kiama,AU,AU,-34.57600,150.75312
2528,Wollongong,AU,AU,-34.55117,150.85778
2529,Shellharbour,AU,AU,-34.58141,150.84349
2530,Wollongong,AU,AU,-34.50391,150.77845
2533,Kiama,AU,AU,-34.65741,150.82560
2534,Shoalhaven,AU,AU,-34.74221,150.79767
2535,Kiama,AU,AU,-34.77680,150.68648
2536,Shoalhaven,AU,AU,-35.66877,150.16323
2537,Eurobodalla,AU,AU,-35.92659,150.10008
2538,Shoalhaven,AU,AU,-35.12392,150.07467
2539,Shoalhaven,AU,AU,-35.25142,150.48763
2540,Unincorp. Other Territories,AU,AU,-35.00361,150.58603
2541,Shoalhaven,AU,AU,-34.87327,150.59041
2545,Eurobodalla,AU,AU,-36.15676,149.77204
2546,Snowy Monaro,AU,AU,-36.33310,150.03915
2548,Bega Valley,AU,AU,-36.86712,149.90168
2549,Bega Valley,AU,AU,-36.94321,149.85567
2550,Snowy Monaro,AU,AU,-36.55452,149.81118
2551,Snowy Monaro,AU,AU,-37.18881,149.75291
2555,Penrith,AU,AU,-33.89070,150.74270
2556,Camden,AU,AU,-33.93330,150.73330
2557,Liverpool,AU,AU,-33.99535,150.77537
2558,Campbelltown (NSW),AU,AU,-34.02973,150.80800
2559,Campbelltown (NSW),AU,AU,-34.04865,150.80175
2560,Wollongong,AU,AU,-34.08959,150.81126
2563,Campbelltown (NSW),AU,AU,-34.10440,150.75070
2564,Campbelltown (NSW),AU,AU,-34.00440,150.89653
2565,Liverpool,AU,AU,-33.98638,150.86155
2566,Camden,AU,AU,-34.02140,150.83717
2567,Campbelltown (NSW),AU,AU,-34.04170,150.75030
2568,Wollondilly,AU,AU,-34.12680,150.73870
2569,Wollondilly,AU,AU,-34.18500,150.71450
2570,Wollondilly,AU,AU,-34.15930,150.55653
2571,Wingecarribee,AU,AU,-34.22547,150.58528
2572,Wollondilly,AU,AU,-34.18490,150.55115
2573,Wollondilly,AU,AU,-34.22250,150.59470
2574,Wollongong,AU,AU,-34.32388,150.62215
2575,Wingecarribee,AU,AU,-34.40192,150.39404
2576,Wingecarribee,AU,AU,-34.52393,150.48827
2577,Shellharbour,AU,AU,-34.65829,150.32575
2578,Wingecarribee,AU,AU,-34.65660,150.29620
2579,Upper Lachlan,AU,AU,-34.65862,150.22680
2580,Wingecarribee,AU,AU,-34.68209,149.71567
2581,Goulburn Mulwaree,AU,AU,-34.76992,149.28560
2582,Hilltops,AU,AU,-34.76650,148.82470
2583,Hilltops,AU,AU,-34.29719,149.35382
2584,Yass Valley,AU,AU,-34.67170,148.63480
2585,Hilltops,AU,AU,-34.60000,148.55000
2586,Hilltops,AU,AU,-34.30672,148.82331
2587,Hilltops,AU,AU,-34.55003,148.33679
2588,Cootamundra-Gundagai,AU,AU,-34.53330,148.15000
2590,Junee,AU,AU,-34.74457,147.87917
2594,Weddin,AU,AU,-34.21614,148.11760
2600,Canberra,AU,AU,-35.30704,149.13899
2601,Canberra,AU,AU,-35.28083,149.12523
2602,Canberra,AU,AU,-35.24881,149.14101
2603,Canberra,AU,AU,-35.32218,149.12828
2604,Canberra,AU,AU,-35.32200,149.14900
2605,Canberra,AU,AU,-35.33313,149.09367
2606,Canberra,AU,AU,-35.34920,149.08879
2607,Canberra,AU,AU,-35.36858,149.09806
2608,Canberra,AU,AU,-35.31200,149.12940
2609,Canberra,AU,AU,-35.31792,149.18322
2610,Canberra,AU,AU,-35.27000,149.04520
2611,Canberra,AU,AU,-35.34972,148.99858
2612,Canberra,AU,AU,-35.27862,149.13833
2614,Canberra,AU,AU,-35.24856,149.05504
2615,Canberra,AU,AU,-35.20998,149.03573
2616,Canberra,AU,AU,-35.23800,149.06630
2617,Canberra,AU,AU,-35.22351,149.08629
2618,Unincorporated ACT,AU,AU,-35.13043,149.05667
2619,Canberra,AU,AU,-35.38440,149.20250
2620,Snowy Monaro,AU,AU,-35.44041,149.21141
2621,Snowy Monaro,AU,AU,-35.35614,149.42083
2622,Eurobodalla,AU,AU,-35.47530,149.79261
2623,Queanbeyan-Palerang,AU,AU,-35.59110,149.44520
2624,Snowy Valleys,AU,AU,-36.43391,148.36949
2625,Snowy Monaro,AU,AU,-36.50680,148.30550
2626,Snowy Monaro,AU,AU,-35.88787,149.14853
2627,Snowy Valleys,AU,AU,-36.45650,148.50181
2628,Snowy Monaro,AU,AU,-36.38188,148.75881
2629,Snowy Valleys,AU,AU,-35.93112,148.67958
2630,Bega Valley,AU,AU,-36.11957,149.15510
2631,Bega Valley,AU,AU,-36.60369,149.31511
2632,Bega Valley,AU,AU,-36.89408,149.21320
2633,Snowy Monaro,AU,AU,-36.95833,148.89897
2640,Snowy Valleys,AU,AU,-36.01824,147.02628
2641,Albury,AU,AU,-36.03623,146.93503
2642,Federation,AU,AU,-35.89757,147.33913
2643,Federation,AU,AU,-35.98200,146.63250
2644,Greater Hume,AU,AU,-35.78431,147.35291
2645,Lockhart,AU,AU,-35.24880,146.40922
2646,Berrigan,AU,AU,-35.81857,146.31963
2647,Berrigan,AU,AU,-35.98540,146.00530
2648,Unincorporated NSW,AU,AU,-33.97159,141.86288
2649,Snowy Valleys,AU,AU,-35.60330,148.09150
2650,Narrandera,AU,AU,-35.17743,147.38822
2651,Wagga Wagga,AU,AU,-35.14810,147.46710
2652,Griffith,AU,AU,-34.85477,146.97670
2653,Snowy Valleys,AU,AU,-35.78348,148.03523
2655,Wagga Wagga,AU,AU,-35.26610,147.01148
2656,Wagga Wagga,AU,AU,-35.34208,146.70548
2658,Lockhart,AU,AU,-35.50896,146.89308
2659,Lockhart,AU,AU,-35.76220,146.90110
2660,Greater Hume,AU,AU,-35.66367,147.07873
2661,Wagga Wagga,AU,AU,-35.15690,147.28440
2663,Junee,AU,AU,-34.85471,147.22517
2665,Carrathool,AU,AU,-34.35687,146.93908
2666,Coolamon,AU,AU,-34.42803,147.57229
2668,Temora,AU,AU,-34.14490,147.38730
2669,Carrathool,AU,AU,-33.66540,146.64631
2671,Forbes,AU,AU,-33.82671,147.17454
2672,Lachlan,AU,AU,-33.29722,146.43974
2675,Carrathool,AU,AU,-33.29468,145.61292
2678,Wagga Wagga,AU,AU,-35.06080,147.35420
2680,Murrumbidgee,AU,AU,-34.31429,146.04339
2681,Carrathool,AU,AU,-34.24530,146.20270
2700,Leeton,AU,AU,-34.84101,146.43721
2701,Coolamon,AU,AU,-34.75752,147.19538
2702,Wagga Wagga,AU,AU,-34.79320,147.03910
2703,Leeton,AU,AU,-34.59850,146.40950
2705,Narrandera,AU,AU,-34.51618,146.34980
2706,Murrumbidgee,AU,AU,-34.56940,145.99870
2707,Murrumbidgee,AU,AU,-34.86375,145.76480
2708,Albury,AU,AU,-34.70620,146.47420
2710,Hay,AU,AU,-35.47509,144.90492
2711,Murray River,AU,AU,-34.28308,144.59439
2712,Murrumbidgee,AU,AU,-35.77095,145.80215
2713,Murrumbidgee,AU,AU,-35.62162,145.42850
2714,Murray River,AU,AU,-35.74668,145.41020
2715,Wentworth,AU,AU,-34.17667,143.58360
2716,Edward River,AU,AU,-34.58330,145.80185
2717,Wentworth,AU,AU,-34.09640,142.06610
2720,Snowy Valleys,AU,AU,-35.32160,148.33327
2721,Bland,AU,AU,-33.99785,147.73545
2722,Snowy Valleys,AU,AU,-35.07949,148.22868
2725,Temora,AU,AU,-34.49890,147.88200
2726,Hilltops,AU,AU,-34.78360,148.29977
2727,Cootamundra-Gundagai,AU,AU,-35.00160,148.27700
2729,Cootamundra-Gundagai,AU,AU,-35.06682,147.92512
2730,Snowy Valleys,AU,AU,-34.88840,148.44894
2731,Murray River,AU,AU,-35.86838,144.66850
2732,Murray River,AU,AU,-35.56179,144.26841
2733,Edward River,AU,AU,-35.14260,144.07240
2734,Murray River,AU,AU,-35.16891,143.67552
2735,Murray River,AU,AU,-35.12860,143.44040
2736,Murray River,AU,AU,-34.99540,143.33705
2737,Wentworth,AU,AU,-34.54555,142.80575
2738,Wentworth,AU,AU,-34.24566,142.35038
2739,Wentworth,AU,AU,-34.15023,142.15093
2745,Wollondilly,AU,AU,-33.84593,150.66270
2747,Blacktown,AU,AU,-33.74339,150.73978
2748,Penrith,AU,AU,-33.78230,150.71090
2749,Penrith,AU,AU,-33.69795,150.69415
2750,Penrith,AU,AU,-33.75690,150.67250
2751,Penrith,AU,AU,-33.75000,150.70000
2752,Liverpool,AU,AU,-33.90355,150.60710
2753,Penrith,AU,AU,-33.60180,150.70710
2754,Hawkesbury,AU,AU,-33.54887,150.72083
2756,Lithgow,AU,AU,-33.51430,150.83813
2757,Hawkesbury,AU,AU,-33.55330,150.69470
2758,Lithgow,AU,AU,-33.51057,150.61457
2759,Penrith,AU,AU,-33.80515,150.79120
2760,Blacktown,AU,AU,-33.76030,150.79180
2761,Blacktown,AU,AU,-33.73926,150.84530
2762,Blacktown,AU,AU,-33.71670,150.86670
2763,Blacktown,AU,AU,-33.73247,150.89983
2765,Penrith,AU,AU,-33.65029,150.86472
2766,Blacktown,AU,AU,-33.78650,150.84725
2767,Blacktown,AU,AU,-33.76670,150.87180
2768,Blacktown,AU,AU,-33.72660,150.92567
2769,Blacktown,AU,AU,-33.70230,150.91090
2770,Blacktown,AU,AU,-33.74599,150.81064
2773,Blue Mountains,AU,AU,-33.77045,150.62620
2774,Blue Mountains,AU,AU,-33.73248,150.61177
2775,The Hills,AU,AU,-33.37027,151.01368
2776,Blue Mountains,AU,AU,-33.70000,150.53330
2777,Blue Mountains,AU,AU,-33.69192,150.60272
2778,Blue Mountains,AU,AU,-33.72500,150.49165
2779,Blue Mountains,AU,AU,-33.72450,150.45840
2780,Blue Mountains,AU,AU,-33.70370,150.30650
2782,Blue Mountains,AU,AU,-33.71030,150.37530
2783,Blue Mountains,AU,AU,-33.72060,150.42970
2784,Blue Mountains,AU,AU,-33.72920,150.41770
2785,Lithgow,AU,AU,-33.69468,150.25570
2786,Lithgow,AU,AU,-33.51722,150.30806
2787,Blue Mountains,AU,AU,-33.75403,150.00549
2790,Blue Mountains,AU,AU,-33.44624,150.12273
2791,Blayney,AU,AU,-33.57410,149.08850
2792,Cowra,AU,AU,-33.61705,148.99500
2793,Cowra,AU,AU,-33.84530,148.92618
2794,Hilltops,AU,AU,-33.89980,148.68339
2795,Cabonne,AU,AU,-33.44028,149.64432
2797,Cowra,AU,AU,-33.69500,149.04050
2798,Orange,AU,AU,-33.44792,149.13080
2799,Cowra,AU,AU,-33.57073,149.27239
2800,Dubbo,AU,AU,-33.33541,149.23231
2803,Hilltops,AU,AU,-34.13413,148.44120
2804,Cowra,AU,AU,-33.54908,148.62694
2805,Cabonne,AU,AU,-33.62410,148.40900
2806,Forbes,AU,AU,-33.48130,148.38490
2807,Cowra,AU,AU,-34.03780,148.55610
2808,Hilltops,AU,AU,-33.96800,148.94820
2809,Weddin,AU,AU,-34.00000,148.40000
2810,Forbes,AU,AU,-33.85679,147.96451
2817,Gilgandra,AU,AU,-31.39015,148.86125
2818,Dubbo,AU,AU,-32.42688,148.76847
2820,Dubbo,AU,AU,-32.77633,149.02557
2821,Narromine,AU,AU,-32.26040,148.21350
2822,Gilgandra,AU,AU,-31.90750,148.63680
2823,Warren,AU,AU,-32.03578,147.88496
2824,Warren,AU,AU,-31.91442,147.96380
2825,Warren,AU,AU,-31.55141,147.72641
2826,Warren,AU,AU,-31.84780,147.72150
2827,Warren,AU,AU,-31.66076,148.66220
2828,Gilgandra,AU,AU,-31.31101,148.63487
2829,Coonamble,AU,AU,-30.83219,148.37989
2830,Warrumbungle,AU,AU,-32.22111,148.63267
2831,Brewarrina,AU,AU,-31.59287,148.13678
2832,Walgett,AU,AU,-29.85259,148.17852
2833,Moree Plains,AU,AU,-29.54380,148.57590
2834,Brewarrina,AU,AU,-29.26880,147.94420
2835,Bogan,AU,AU,-32.18180,146.22181
2836,Unincorporated NSW,AU,AU,-31.20543,143.23273
2838,Brewarrina,AU,AU,-29.11310,147.45250
2839,Brewarrina,AU,AU,-29.75202,146.85477
2840,Brewarrina,AU,AU,-29.90288,145.18578
2842,Gilgandra,AU,AU,-31.67015,149.18252
2843,Warrumbungle,AU,AU,-31.82790,149.71560
2844,Mid-Western,AU,AU,-32.04993,149.41345
2845,Lithgow,AU,AU,-33.41100,150.06460
2846,Mid-Western,AU,AU,-32.61784,150.58576
2847,Lithgow,AU,AU,-33.35710,149.98150
2848,Lithgow,AU,AU,-32.91557,149.96918
2849,Singleton,AU,AU,-32.71143,150.07189
2850,Lithgow,AU,AU,-32.62808,149.68542
2852,Warrumbungle,AU,AU,-32.30800,149.47741
2864,Cabonne,AU,AU,-33.30576,148.71278
2865,Cabonne,AU,AU,-33.13480,148.63550
2866,Dubbo,AU,AU,-33.01909,148.91771
2867,Dubbo,AU,AU,-32.88120,148.69948
2868,Dubbo,AU,AU,-32.73092,148.62398
2869,Narromine,AU,AU,-32.65680,148.16340
2870,Cabonne,AU,AU,-33.14646,148.21353
2871,Weddin,AU,AU,-33.46718,147.88060
2873,Bogan,AU,AU,-32.27480,147.34382
2874,Lachlan,AU,AU,-32.59055,147.57470
2875,Forbes,AU,AU,-32.93322,147.61862
2876,Forbes,AU,AU,-33.12310,147.91042
2877,Forbes,AU,AU,-32.82308,146.63593
2878,Carrathool,AU,AU,-32.91090,144.45662
2879,Unincorporated NSW,AU,AU,-32.32903,142.35970
2880,Unincorporated NSW,AU,AU,-31.26802,141.64043
2890,Mid-Western,AU,AU,-32.39180,148.39410
2891,Sydney,AU,AU,-32.39180,148.39410
2898,Unincorporated NSW,AU,AU,-32.39180,148.39410
2899,Unincorp. Other Territories,AU,AU,-32.39180,148.39410
2900,Unincorporated ACT,AU,AU,-35.41740,149.06805
2901,Unincorporated ACT,AU,AU,-35.42470,149.09820
2902,Canberra,AU,AU,-35.38620,149.05800
2903,Canberra,AU,AU,-35.40367,149.08473
2904,Canberra,AU,AU,-35.41040,149.11080
2905,Unincorporated ACT,AU,AU,-35.43027,149.10999
2906,Unincorporated ACT,AU,AU,-35.46267,149.09630
2911,Canberra,AU,AU,-35.21603,149.13257
2912,Canberra,AU,AU,-35.18670,149.13620
2913,Canberra,AU,AU,-35.17833,149.11243
2914,Canberra,AU,AU,-35.17251,149.13969
3000,Melbourne,AU,AU,-37.81400,144.96330
3001,Melbourne,AU,AU,-37.81400,144.96330
3002,Melbourne,AU,AU,-37.81670,144.98790
3003,Melbourne,AU,AU,-37.81010,144.95000
3004,Melbourne,AU,AU,-37.81400,144.96330
3005,Melbourne,AU,AU,-37.81650,144.96190
3006,Melbourne,AU,AU,-37.82405,144.95825
3008,Melbourne,AU,AU,-37.81490,144.95050
3010,Melbourne,AU,AU,-37.82330,144.87330
3011,Melbourne,AU,AU,-37.80303,144.89537
3012,Melbourne,AU,AU,-37.80142,144.86577
3013,Melbourne,AU,AU,-37.81670,144.90000
3015,Melbourne,AU,AU,-37.83477,144.88030
3016,Melbourne,AU,AU,-37.85935,144.89080
3018,Melbourne,AU,AU,-37.86680,144.83770
3019,Melbourne,AU,AU,-37.78670,144.85480
3020,Melbourne,AU,AU,-37.78114,144.82370
3021,Brimbank,AU,AU,-37.74055,144.79377
3022,Melbourne,AU,AU,-37.77590,144.80140
3023,Brimbank,AU,AU,-37.75159,144.75783
3024,Melton,AU,AU,-37.86764,144.59790
3025,Melbourne,AU,AU,-37.83490,144.84740
3026,Melbourne,AU,AU,-37.80910,144.78175
3027,Wyndham,AU,AU,-37.86190,144.74370
3028,Wyndham,AU,AU,-37.87567,144.77073
3029,Melton,AU,AU,-37.84520,144.70327
3030,Wyndham,AU,AU,-37.90980,144.63873
3031,Melbourne,AU,AU,-37.79005,144.93055
3032,Melbourne,AU,AU,-37.77770,144.91420
3033,Melbourne,AU,AU,-37.73260,144.86500
3034,Melbourne,AU,AU,-37.76160,144.86260
3036,Hume,AU,AU,-37.70650,144.81900
3037,Brimbank,AU,AU,-37.69783,144.74873
3038,Brimbank,AU,AU,-37.70732,144.79933
3039,Melbourne,AU,AU,-37.76670,144.91670
3040,Melbourne,AU,AU,-37.75477,144.89723
3041,Melbourne,AU,AU,-37.72668,144.90042
3042,Melbourne,AU,AU,-37.72750,144.87588
3043,Melbourne,AU,AU,-37.69897,144.88620
3044,Melbourne,AU,AU,-37.73650,144.93970
3045,Hume,AU,AU,-37.67430,144.85180
3046,Melbourne,AU,AU,-37.70857,144.93147
3047,Melbourne,AU,AU,-37.67960,144.92177
3048,Hume,AU,AU,-37.65400,144.92660
3049,Hume,AU,AU,-37.67280,144.88690
3050,Melbourne,AU,AU,-37.76100,144.95170
3051,Melbourne,AU,AU,-37.79800,144.94510
3052,Melbourne,AU,AU,-37.78330,144.95000
3053,Melbourne,AU,AU,-37.80000,144.96670
3054,Melbourne,AU,AU,-37.78500,144.96835
3055,Melbourne,AU,AU,-37.76460,144.94380
3056,Melbourne,AU,AU,-37.76670,144.96670
3057,Melbourne,AU,AU,-37.77250,144.97240
3058,Melbourne,AU,AU,-37.73932,144.96400
3059,Hume,AU,AU,-37.63330,144.86670
3060,Melbourne,AU,AU,-37.71670,144.96670
3061,Hume,AU,AU,-37.66390,144.95950
3062,Hume,AU,AU,-37.63340,144.95040
3063,Hume,AU,AU,-37.60305,144.86080
3064,Whittlesea,AU,AU,-37.56580,144.94216
3065,Melbourne,AU,AU,-37.79840,144.97830
3066,Melbourne,AU,AU,-37.80250,144.98870
3067,Melbourne,AU,AU,-37.80000,145.00000
3068,Melbourne,AU,AU,-37.79030,144.98690
3070,Melbourne,AU,AU,-37.76670,145.00000
3071,Melbourne,AU,AU,-37.75820,145.00580
3072,Melbourne,AU,AU,-37.75000,145.01670
3073,Melbourne,AU,AU,-37.70832,145.00832
3074,Melbourne,AU,AU,-37.68330,145.01670
3075,Whittlesea,AU,AU,-37.66670,145.01670
3076,Whittlesea,AU,AU,-37.65000,145.03330
3078,Melbourne,AU,AU,-37.78165,145.02320
3079,Melbourne,AU,AU,-37.77120,145.05253
3081,Melbourne,AU,AU,-37.74513,145.04528
3082,Whittlesea,AU,AU,-37.66670,145.06670
3083,Melbourne,AU,AU,-37.70617,145.04740
3084,Melbourne,AU,AU,-37.74818,145.07278
3085,Melbourne,AU,AU,-37.72407,145.08327
3086,Melbourne,AU,AU,-37.71790,145.08180
3087,Melbourne,AU,AU,-37.70825,145.08400
3088,Nillumbik,AU,AU,-37.70020,145.12013
3089,Nillumbik,AU,AU,-37.66670,145.15000
3090,Nillumbik,AU,AU,-37.66670,145.11670
3091,Nillumbik,AU,AU,-37.63750,145.13490
3093,Banyule,AU,AU,-37.73330,145.11670
3094,Banyule,AU,AU,-37.71670,145.11670
3095,Banyule,AU,AU,-37.71110,145.16110
3096,Nillumbik,AU,AU,-37.66670,145.18330
3097,Nillumbik,AU,AU,-37.69110,145.24993
3099,Nillumbik,AU,AU,-37.59974,145.21346
3101,Melbourne,AU,AU,-37.80640,145.03090
3102,Melbourne,AU,AU,-37.79760,145.05380
3103,Melbourne,AU,AU,-37.81050,145.07440
3104,Melbourne,AU,AU,-37.79090,145.09390
3105,Melbourne,AU,AU,-37.76670,145.08330
3106,Manningham,AU,AU,-37.75400,145.14860
3107,Melbourne,AU,AU,-37.76670,145.11670
3108,Melbourne,AU,AU,-37.78830,145.12370
3109,Manningham,AU,AU,-37.78760,145.14890
3111,Manningham,AU,AU,-37.78910,145.17490
3113,Nillumbik,AU,AU,-37.73960,145.22450
3114,Maroondah,AU,AU,-37.77690,145.21460
3115,Maroondah,AU,AU,-37.73330,145.26670
3116,Yarra Ranges,AU,AU,-37.73860,145.31430
3121,Melbourne,AU,AU,-37.82651,145.00430
3122,Melbourne,AU,AU,-37.82660,145.04290
3123,Melbourne,AU,AU,-37.82075,145.04820
3124,Melbourne,AU,AU,-37.84210,145.06940
3125,Melbourne,AU,AU,-37.84980,145.11900
3126,Melbourne,AU,AU,-37.82470,145.08480
3127,Melbourne,AU,AU,-37.81730,145.10400
3128,Melbourne,AU,AU,-37.82562,145.12320
3129,Melbourne,AU,AU,-37.80153,145.11743
3130,Whitehorse,AU,AU,-37.82270,145.15353
3131,Manningham,AU,AU,-37.82687,145.17820
3132,Whitehorse,AU,AU,-37.81670,145.20000
3133,Maroondah,AU,AU,-37.84685,145.18850
3134,Manningham,AU,AU,-37.78706,145.24060
3135,Maroondah,AU,AU,-37.82500,145.25000
3136,Maroondah,AU,AU,-37.78932,145.27955
3137,Maroondah,AU,AU,-37.81015,145.31635
3138,Yarra Ranges,AU,AU,-37.78250,145.31680
3139,Cardinia,AU,AU,-37.80483,145.53207
3140,Yarra Ranges,AU,AU,-37.75000,145.35000
3141,Melbourne,AU,AU,-37.83830,144.99150
3142,Melbourne,AU,AU,-37.84160,145.01440
3143,Melbourne,AU,AU,-37.85270,145.02690
3144,Melbourne,AU,AU,-37.85297,145.03197
3145,Melbourne,AU,AU,-37.87760,145.04230
3146,Melbourne,AU,AU,-37.86670,145.06670
3147,Melbourne,AU,AU,-37.86665,145.09440
3148,Melbourne,AU,AU,-37.88770,145.09520
3149,Monash,AU,AU,-37.87563,145.13867
3150,Monash,AU,AU,-37.88907,145.17403
3151,Whitehorse,AU,AU,-37.85000,145.15000
3152,Knox,AU,AU,-37.86668,145.21670
3153,Maroondah,AU,AU,-37.83780,145.27445
3154,Knox,AU,AU,-37.85000,145.31670
3155,Knox,AU,AU,-37.86670,145.28330
3156,Casey,AU,AU,-37.91756,145.29512
3158,Yarra Ranges,AU,AU,-37.90000,145.33330
3159,Cardinia,AU,AU,-37.91670,145.39165
3160,Yarra Ranges,AU,AU,-37.91835,145.34383
3161,Melbourne,AU,AU,-37.87390,145.02490
3162,Melbourne,AU,AU,-37.88907,145.02443
3163,Melbourne,AU,AU,-37.89458,145.05763
3164,Greater Dandenong,AU,AU,-37.98330,145.20000
3165,Melbourne,AU,AU,-37.91930,145.05300
3166,Melbourne,AU,AU,-37.90145,145.09922
3167,Melbourne,AU,AU,-37.90000,145.10000
3168,Monash,AU,AU,-37.91195,145.13425
3169,Kingston (Vic.),AU,AU,-37.93700,145.10955
3170,Monash,AU,AU,-37.92840,145.17710
3171,Greater Dandenong,AU,AU,-37.94850,145.15270
3172,Kingston (Vic.),AU,AU,-37.97470,145.14210
3173,Greater Dandenong,AU,AU,-37.99120,145.17390
3174,Greater Dandenong,AU,AU,-37.95823,145.17963
3175,Casey,AU,AU,-37.99288,145.19877
3176,Knox,AU,AU,-37.96870,145.19310
3177,Casey,AU,AU,-37.99565,145.24355
3178,Knox,AU,AU,-37.93330,145.23330
3179,Knox,AU,AU,-37.90000,145.23330
3180,Knox,AU,AU,-37.88980,145.24960
3181,Melbourne,AU,AU,-37.85287,144.99330
3182,Melbourne,AU,AU,-37.85990,144.97110
3183,Melbourne,AU,AU,-37.86630,145.00010
3184,Melbourne,AU,AU,-37.88210,144.98210
3185,Melbourne,AU,AU,-37.88750,145.00220
3186,Melbourne,AU,AU,-37.90628,145.00403
3187,Melbourne,AU,AU,-37.93450,145.01700
3188,Melbourne,AU,AU,-37.93733,145.01907
3189,Kingston (Vic.),AU,AU,-37.94150,145.05780
3190,Kingston (Vic.),AU,AU,-37.95000,145.05000
3191,Melbourne,AU,AU,-37.95220,145.01130
3192,Bayside (Vic.),AU,AU,-37.96940,145.04810
3193,Bayside (Vic.),AU,AU,-37.97430,145.02435
3194,Kingston (Vic.),AU,AU,-37.98330,145.06670
3195,Kingston (Vic.),AU,AU,-38.00969,145.10534
3196,Kingston (Vic.),AU,AU,-38.04645,145.12063
3197,Kingston (Vic.),AU,AU,-38.07630,145.13830
3198,Frankston,AU,AU,-38.10000,145.13330
3199,Frankston,AU,AU,-38.14798,145.13088
3200,Frankston,AU,AU,-38.12350,145.14840
3201,Frankston,AU,AU,-38.09970,145.17250
3202,Kingston (Vic.),AU,AU,-37.95520,145.08430
3204,Glen Eira,AU,AU,-37.94960,145.06250
3205,Melbourne,AU,AU,-37.83330,144.96670
3206,Melbourne,AU,AU,-37.84785,144.95750
3207,Melbourne,AU,AU,-37.83780,144.93030
3211,Greater Geelong,AU,AU,-37.96670,144.50000
3212,Greater Geelong,AU,AU,-38.03487,144.44927
3213,Golden Plains,AU,AU,-38.03030,144.28748
3214,Greater Geelong,AU,AU,-38.09490,144.36807
3215,Greater Geelong,AU,AU,-38.11500,144.34103
3216,Greater Geelong,AU,AU,-38.20569,144.32237
3217,Surf Coast,AU,AU,-38.23938,144.34056
3218,Golden Plains,AU,AU,-38.12517,144.28088
3219,Greater Geelong,AU,AU,-38.17340,144.38302
3220,Greater Geelong,AU,AU,-38.15430,144.35048
3221,Greater Geelong,AU,AU,-38.18720,144.22897
3222,Greater Geelong,AU,AU,-38.19978,144.55173
3223,Greater Geelong,AU,AU,-38.14057,144.67593
3224,Greater Geelong,AU,AU,-38.18665,144.45075
3225,Greater Geelong,AU,AU,-37.31768,144.32120
3226,Greater Geelong,AU,AU,-38.27450,144.48850
3227,Surf Coast,AU,AU,-38.27970,144.42473
3228,Surf Coast,AU,AU,-38.34593,144.28618
3230,Surf Coast,AU,AU,-38.40730,144.18590
3231,Surf Coast,AU,AU,-38.46756,144.07188
3232,Surf Coast,AU,AU,-38.54040,143.97640
3233,Colac Otway,AU,AU,-38.75985,143.65575
3234,Colac Otway,AU,AU,-38.39873,144.04795
3235,Colac Otway,AU,AU,-38.43948,143.90960
3236,Colac Otway,AU,AU,-38.57540,143.73030
3237,Corangamite,AU,AU,-38.68131,143.42960
3238,Colac Otway,AU,AU,-38.74485,143.42738
3239,Corangamite,AU,AU,-38.57917,143.37082
3240,Surf Coast,AU,AU,-38.25887,144.14772
3241,Colac Otway,AU,AU,-38.30293,143.98038
3242,Surf Coast,AU,AU,-38.33680,143.78470
3243,Colac Otway,AU,AU,-38.40668,143.76668
3249,Corangamite,AU,AU,-38.35138,143.54486
3250,Colac Otway,AU,AU,-38.39105,143.55120
3251,Corangamite,AU,AU,-38.13868,143.63942
3254,Colac Otway,AU,AU,-38.28330,143.51670
3260,Colac Otway,AU,AU,-38.26371,143.21988
3264,Moyne,AU,AU,-38.24080,142.92120
3265,Corangamite,AU,AU,-38.24322,142.84763
3266,Colac Otway,AU,AU,-38.37901,143.07930
3267,Corangamite,AU,AU,-38.43330,143.05000
3268,Moyne,AU,AU,-38.50304,142.91276
3269,Corangamite,AU,AU,-38.65520,143.07577
3270,Corangamite,AU,AU,-38.60350,142.87330
3271,Ararat,AU,AU,-37.88890,143.03887
3272,Ararat,AU,AU,-37.99050,142.81250
3273,Moyne,AU,AU,-38.00000,142.70000
3274,Southern Grampians,AU,AU,-37.95000,142.51670
3275,Moyne,AU,AU,-38.30000,142.46670
3276,Moyne,AU,AU,-38.13525,142.44330
3277,Moyne,AU,AU,-38.41693,142.69803
3278,Moyne,AU,AU,-38.28330,142.63330
3279,Moyne,AU,AU,-38.27500,142.62500
3280,Moyne,AU,AU,-38.26914,142.45830
3281,Moyne,AU,AU,-38.29165,142.49167
3282,Warrnambool,AU,AU,-38.31255,142.39200
3283,Warrnambool,AU,AU,-38.28277,142.34363
3284,Moyne,AU,AU,-38.29440,142.16900
3285,Moyne,AU,AU,-38.28056,141.98824
3286,Moyne,AU,AU,-38.01264,142.00048
3287,Moyne,AU,AU,-38.05000,142.33335
3289,Moyne,AU,AU,-37.90908,142.25806
3292,Glenelg,AU,AU,-38.05000,141.01670
3293,Moyne,AU,AU,-37.73607,142.57390
3294,Ararat,AU,AU,-37.57664,142.30210
3300,Southern Grampians,AU,AU,-37.81850,141.98865
3301,Glenelg,AU,AU,-37.78055,142.00415
3302,Glenelg,AU,AU,-37.83335,141.72500
3303,Moyne,AU,AU,-37.98490,141.74628
3304,Moyne,AU,AU,-38.02767,141.52850
3305,Glenelg,AU,AU,-38.28803,141.54218
3309,Glenelg,AU,AU,-37.80000,141.53330
3310,Glenelg,AU,AU,-37.72135,141.58380
3311,Glenelg,AU,AU,-37.70080,141.24318
3312,Southern Grampians,AU,AU,-37.49954,141.54668
3314,Northern Grampians,AU,AU,-37.34383,142.15532
3315,West Wimmera,AU,AU,-37.51437,141.68627
3317,Southern Grampians,AU,AU,-37.16670,141.60000
3318,West Wimmera,AU,AU,-37.03379,141.28760
3319,West Wimmera,AU,AU,-36.88583,141.09770
3321,Colac Otway,AU,AU,-38.09533,143.95190
3322,Corangamite,AU,AU,-38.03330,143.63330
3323,Golden Plains,AU,AU,-38.01667,143.50557
3324,Golden Plains,AU,AU,-37.88423,143.35707
3325,Corangamite,AU,AU,-37.87150,143.19567
3328,Golden Plains,AU,AU,-38.03330,144.05000
3329,Colac Otway,AU,AU,-38.02117,143.89563
3330,Golden Plains,AU,AU,-37.90000,143.71670
3331,Golden Plains,AU,AU,-37.98803,144.18319
3332,Golden Plains,AU,AU,-37.96570,144.13570
3333,Moorabool,AU,AU,-37.88935,144.03035
3334,Golden Plains,AU,AU,-37.77200,144.03592
3335,Melton,AU,AU,-37.71028,144.68040
3336,Melton,AU,AU,-37.72250,144.66770
3337,Macedon Ranges,AU,AU,-37.65944,144.58778
3338,Wyndham,AU,AU,-37.72873,144.56960
3340,Melton,AU,AU,-37.71208,144.42190
3341,Moorabool,AU,AU,-37.59070,144.33832
3342,Golden Plains,AU,AU,-37.63707,144.22811
3345,Moorabool,AU,AU,-37.58230,144.10930
3350,Ballarat,AU,AU,-37.56414,143.85917
3351,Moyne,AU,AU,-37.69192,143.51391
3352,Corangamite,AU,AU,-37.55333,143.84452
3353,Maribyrnong,AU,AU,-37.56620,143.84960
3354,Ballarat,AU,AU,-37.56350,143.86580
3355,Ballarat,AU,AU,-37.52800,143.80822
3356,Ballarat,AU,AU,-37.59280,143.82560
3357,Moorabool,AU,AU,-37.65843,143.86693
3358,Ballarat,AU,AU,-37.59080,143.76720
3360,Corangamite,AU,AU,-37.73816,143.52232
3361,Ararat,AU,AU,-37.72310,143.32713
3363,Ballarat,AU,AU,-37.38410,143.85561
3364,Central Goldfields,AU,AU,-37.34344,143.95118
3370,Central Goldfields,AU,AU,-37.26490,143.85657
3371,Hepburn,AU,AU,-37.35322,143.93024
3373,Ararat,AU,AU,-37.43341,143.39005
3374,Ararat,AU,AU,-37.15000,142.85000
3375,Pyrenees,AU,AU,-37.37918,143.17500
3377,Northern Grampians,AU,AU,-37.27971,143.01942
3378,Ararat,AU,AU,-37.52255,143.03835
3379,Moyne,AU,AU,-37.55753,142.65908
3380,Northern Grampians,AU,AU,-36.96322,142.93808
3381,Ararat,AU,AU,-36.97836,142.91546
3384,Pyrenees,AU,AU,-36.99034,143.04716
3385,Yarriambiack,AU,AU,-36.89394,142.61208
3387,Northern Grampians,AU,AU,-36.81363,142.88182
3388,Northern Grampians,AU,AU,-36.59760,142.73240
3390,Horsham,AU,AU,-36.56005,142.44175
3391,Yarriambiack,AU,AU,-36.08330,142.41670
3392,Yarriambiack,AU,AU,-36.38097,142.60150
3393,Hindmarsh,AU,AU,-36.20245,142.36186
3395,Hindmarsh,AU,AU,-35.91615,142.42300
3396,Yarriambiack,AU,AU,-35.67567,142.28877
3399,Horsham,AU,AU,-36.64985,142.35535
3400,Horsham,AU,AU,-36.89199,142.25639
3401,Northern Grampians,AU,AU,-36.80826,142.05247
3402,Ararat,AU,AU,-36.71130,142.19980
3407,Southern Grampians,AU,AU,-37.33002,141.83664
3409,West Wimmera,AU,AU,-36.83636,141.81337
3412,West Wimmera,AU,AU,-36.71790,141.47310
3413,West Wimmera,AU,AU,-36.76668,141.24580
3414,Yarriambiack,AU,AU,-36.31347,142.01793
3415,West Wimmera,AU,AU,-36.36670,141.35000
3418,West Wimmera,AU,AU,-36.28102,141.65422
3419,Hindmarsh,AU,AU,-36.37860,141.24220
3420,West Wimmera,AU,AU,-36.37500,141.05830
3423,Hindmarsh,AU,AU,-36.07125,141.91910
3424,Yarriambiack,AU,AU,-35.80017,142.00227
3427,Brimbank,AU,AU,-37.65650,144.70480
3428,Hume,AU,AU,-37.63840,144.80740
3429,Hume,AU,AU,-37.57545,144.75710
3430,Hume,AU,AU,-37.48330,144.75000
3431,Macedon Ranges,AU,AU,-37.46050,144.67960
3432,Macedon Ranges,AU,AU,-37.43330,144.75000
3433,Macedon Ranges,AU,AU,-37.41670,144.75000
3434,Macedon Ranges,AU,AU,-37.35558,144.74260
3435,Mitchell,AU,AU,-37.22860,144.73945
3437,Moorabool,AU,AU,-37.51553,144.56083
3438,Macedon Ranges,AU,AU,-37.46070,144.59930
3440,Macedon Ranges,AU,AU,-37.41960,144.56240
3441,Macedon Ranges,AU,AU,-37.40050,144.58410
3442,Moorabool,AU,AU,-37.31288,144.58377
3444,Mitchell,AU,AU,-37.16814,144.50777
3446,Mount Alexander,AU,AU,-37.18860,144.38470
3447,Hepburn,AU,AU,-37.15000,144.36670
3448,Mount Alexander,AU,AU,-37.06110,144.37777
3450,Mount Alexander,AU,AU,-37.06710,144.21680
3451,Hepburn,AU,AU,-37.14621,144.19824
3453,Greater Bendigo,AU,AU,-36.94452,144.24332
3458,Macedon Ranges,AU,AU,-37.40821,144.33061
3460,Hepburn,AU,AU,-37.34110,144.14260
3461,Macedon Ranges,AU,AU,-37.31986,144.16434
3462,Mount Alexander,AU,AU,-37.09028,144.05898
3463,Loddon,AU,AU,-36.92150,144.01467
3464,Mount Alexander,AU,AU,-37.04810,143.81670
3465,Mount Alexander,AU,AU,-37.06129,143.71437
3467,Pyrenees,AU,AU,-36.98185,143.43205
3468,Pyrenees,AU,AU,-37.20835,143.40835
3469,Pyrenees,AU,AU,-37.15446,143.27344
3472,Mount Alexander,AU,AU,-36.85208,143.71489
3475,Northern Grampians,AU,AU,-36.75096,143.51101
3477,Loddon,AU,AU,-36.66266,143.20600
3478,Buloke,AU,AU,-36.66753,143.21343
3480,Yarriambiack,AU,AU,-36.30609,142.90448
3482,Yarriambiack,AU,AU,-36.15334,142.83394
3483,Buloke,AU,AU,-35.91893,142.86409
3485,Buloke,AU,AU,-35.70510,142.73947
3487,Yarriambiack,AU,AU,-35.61670,142.58330
3488,Buloke,AU,AU,-35.43190,142.48827
3489,Mildura,AU,AU,-35.33330,142.41670
3490,Hindmarsh,AU,AU,-35.08970,142.03518
3491,Mildura,AU,AU,-35.38330,142.20000
3494,Mildura,AU,AU,-34.47180,142.30620
3496,Mildura,AU,AU,-34.28576,141.62311
3498,Mildura,AU,AU,-34.23540,142.17100
3500,Mildura,AU,AU,-34.22460,142.17188
3501,Swan Hill,AU,AU,-34.42378,142.17798
3502,Greater Dandenong,AU,AU,-34.18550,142.16250
3505,Mildura,AU,AU,-34.18336,142.03044
3506,Mildura,AU,AU,-35.23330,141.36670
3507,Mildura,AU,AU,-35.13330,142.03330
3509,Mildura,AU,AU,-35.17025,141.75355
3512,Mildura,AU,AU,-35.24860,141.09450
3515,Mount Alexander,AU,AU,-36.78233,144.08427
3516,Greater Bendigo,AU,AU,-36.61165,144.00363
3517,Loddon,AU,AU,-36.50324,143.85401
3518,Buloke,AU,AU,-36.41533,143.62110
3520,Loddon,AU,AU,-36.35203,143.76780
3521,Mitchell,AU,AU,-37.11290,144.85230
3522,Mitchell,AU,AU,-37.08333,144.80000
3523,Mitchell,AU,AU,-36.85576,144.72919
3525,Loddon,AU,AU,-36.25292,143.40831
3527,Loddon,AU,AU,-36.03221,143.31349
3529,Buloke,AU,AU,-35.81630,143.21955
3530,Buloke,AU,AU,-35.74360,143.06918
3531,Buloke,AU,AU,-36.17220,143.57780
3533,Swan Hill,AU,AU,-35.38979,142.94598
3537,Gannawarra,AU,AU,-36.02967,143.72626
3540,Gannawarra,AU,AU,-35.87610,143.48365
3542,Buloke,AU,AU,-35.70690,143.37498
3544,Buloke,AU,AU,-35.89669,143.59061
3546,Swan Hill,AU,AU,-35.07547,142.90137
3549,Swan Hill,AU,AU,-34.99783,142.82670
3550,Greater Bendigo,AU,AU,-36.72559,144.31741
3551,Mount Alexander,AU,AU,-36.76403,144.26284
3552,Yarra,AU,AU,-36.75820,144.28020
3554,Greater Bendigo,AU,AU,-36.71140,144.34170
3555,Greater Bendigo,AU,AU,-36.78618,144.25608
3556,Loddon,AU,AU,-36.67552,144.22300
3557,Campaspe,AU,AU,-36.67196,144.53876
3558,Campaspe,AU,AU,-36.47712,144.58582
3559,Greater Bendigo,AU,AU,-36.55699,144.73182
3561,Campaspe,AU,AU,-36.32890,144.69331
3562,Campaspe,AU,AU,-36.02310,144.55330
3563,Campaspe,AU,AU,-36.27120,144.53730
3564,Campaspe,AU,AU,-36.12769,144.67471
3565,Campaspe,AU,AU,-36.20030,144.53630
3566,Campaspe,AU,AU,-35.95610,144.36920
3567,Loddon,AU,AU,-35.89230,144.26365
3568,Gannawarra,AU,AU,-35.81981,144.19822
3570,Loddon,AU,AU,-36.50518,144.30422
3571,Loddon,AU,AU,-36.38172,144.17620
3572,Loddon,AU,AU,-36.30240,144.31893
3573,Campaspe,AU,AU,-36.23592,144.23800
3575,Loddon,AU,AU,-36.06689,144.11396
3576,Loddon,AU,AU,-36.12590,143.91990
3579,Swan Hill,AU,AU,-35.70913,143.85808
3580,Gannawarra,AU,AU,-35.63180,144.12480
3581,Gannawarra,AU,AU,-35.62910,143.67760
3583,Swan Hill,AU,AU,-35.50570,143.67480
3584,Swan Hill,AU,AU,-35.46300,143.63260
3585,Gannawarra,AU,AU,-35.40729,143.43147
3586,Swan Hill,AU,AU,-35.27276,143.58854
3588,Swan Hill,AU,AU,-35.39380,143.55020
3589,Swan Hill,AU,AU,-35.25185,143.45120
3590,Swan Hill,AU,AU,-35.22380,143.47270
3591,Swan Hill,AU,AU,-35.20310,143.37840
3594,Swan Hill,AU,AU,-35.17550,143.37740
3595,Swan Hill,AU,AU,-35.18540,143.35080
3596,Swan Hill,AU,AU,-35.11020,143.28580
3597,Swan Hill,AU,AU,-34.87083,143.19520
3599,Swan Hill,AU,AU,-34.72130,143.16480
3607,Strathbogie,AU,AU,-36.85000,145.16670
3608,Greater Shepparton,AU,AU,-36.76594,145.09229
3610,Strathbogie,AU,AU,-36.58962,145.25198
3612,Strathbogie,AU,AU,-36.59418,145.01898
3614,Greater Shepparton,AU,AU,-36.49035,145.31020
3616,Greater Shepparton,AU,AU,-36.43852,145.18477
3617,Greater Shepparton,AU,AU,-36.41670,145.18330
3618,Greater Shepparton,AU,AU,-36.37240,145.13220
3619,Moreland,AU,AU,-36.31340,145.05040
3620,Greater Shepparton,AU,AU,-36.27992,145.08979
3621,Campaspe,AU,AU,-36.23038,144.97638
3622,Campaspe,AU,AU,-36.23533,144.82030
3623,Greater Shepparton,AU,AU,-36.45697,144.94970
3624,Campaspe,AU,AU,-36.39990,144.94960
3629,Greater Shepparton,AU,AU,-36.33728,145.29494
3630,Greater Shepparton,AU,AU,-36.42830,145.51420
3631,Strathbogie,AU,AU,-36.44671,145.47524
3632,Greater Shepparton,AU,AU,-36.38050,145.39870
3633,Greater Shepparton,AU,AU,-36.30000,145.43330
3634,Moira,AU,AU,-36.23221,145.47679
3635,Moira,AU,AU,-36.15000,145.34460
3636,Moira,AU,AU,-36.12345,145.52205
3637,Moira,AU,AU,-36.01540,145.32505
3638,Moira,AU,AU,-36.04317,145.17680
3639,Moira,AU,AU,-36.01630,145.03357
3640,Moira,AU,AU,-36.01330,145.46950
3641,Moira,AU,AU,-35.87640,145.44315
3643,Moira,AU,AU,-35.92070,145.64070
3644,Berrigan,AU,AU,-35.93909,145.64223
3646,Strathbogie,AU,AU,-36.28814,145.70896
3647,Greater Shepparton,AU,AU,-36.39570,145.70470
3649,Moira,AU,AU,-36.05120,145.72450
3658,Murrindindi,AU,AU,-37.25251,145.14556
3659,Mitchell,AU,AU,-37.11420,145.06860
3660,Murrindindi,AU,AU,-37.05622,145.25659
3661,Latrobe (Vic.),AU,AU,-37.02660,145.13920
3662,Mitchell,AU,AU,-36.99490,145.04010
3663,Mitchell,AU,AU,-36.93330,145.18330
3664,Mitchell,AU,AU,-36.89300,145.32090
3665,Strathbogie,AU,AU,-36.78887,145.37223
3666,Murrindindi,AU,AU,-36.78311,145.55552
3669,Mansfield,AU,AU,-36.61682,145.72365
3670,Strathbogie,AU,AU,-36.60357,145.86927
3671,Greater Shepparton,AU,AU,-36.55110,145.98430
3672,Benalla,AU,AU,-36.55110,145.98430
3673,Mansfield,AU,AU,-36.63300,146.03628
3675,Moira,AU,AU,-36.45221,146.20188
3676,Wangaratta,AU,AU,-36.35850,146.32060
3677,Wangaratta,AU,AU,-36.44590,146.26862
3678,Moira,AU,AU,-36.41059,146.38660
3682,Indigo,AU,AU,-36.16163,146.44795
3683,Indigo,AU,AU,-36.12000,146.57258
3685,Wangaratta,AU,AU,-36.04958,146.43165
3687,Indigo,AU,AU,-36.01345,146.43350
3688,Indigo,AU,AU,-36.15910,146.66672
3689,Darebin,AU,AU,-36.12180,146.88810
3690,Wodonga,AU,AU,-36.12263,146.87000
3691,Albury,AU,AU,-36.26763,147.07979
3694,Wodonga,AU,AU,-36.14790,146.92620
3695,Towong,AU,AU,-36.27215,147.09778
3697,Alpine,AU,AU,-36.68950,147.14210
3698,Alpine,AU,AU,-36.30560,147.07980
3699,East Gippsland,AU,AU,-36.80210,147.22560
3700,Towong,AU,AU,-36.19136,147.26070
3701,East Gippsland,AU,AU,-36.36668,147.32991
3704,Towong,AU,AU,-36.15290,147.49530
3705,Towong,AU,AU,-36.25820,147.80450
3707,East Gippsland,AU,AU,-36.24894,147.97256
3708,Towong,AU,AU,-36.05200,147.90520
3709,Towong,AU,AU,-36.01098,147.63898
3711,Murrindindi,AU,AU,-37.41670,145.71670
3712,Murrindindi,AU,AU,-37.27725,145.81305
3713,Mansfield,AU,AU,-37.22030,145.89520
3714,Murrindindi,AU,AU,-37.19241,145.70188
3715,Murrindindi,AU,AU,-36.99227,145.77583
3717,Mitchell,AU,AU,-37.27387,145.41719
3718,Murrindindi,AU,AU,-37.16670,145.53330
3719,Murrindindi,AU,AU,-37.04167,145.61253
3720,Mansfield,AU,AU,-37.01670,145.86670
3722,Unincorporated Vic,AU,AU,-37.05410,146.21790
3723,Murrindindi,AU,AU,-37.20888,146.17057
3724,Mansfield,AU,AU,-37.05200,146.08850
3725,Greater Shepparton,AU,AU,-36.38878,145.88054
3726,Benalla,AU,AU,-36.32252,146.00432
3727,Moira,AU,AU,-36.25010,145.92288
3728,Moira,AU,AU,-36.14753,145.94248
3730,Moira,AU,AU,-36.05503,146.00969
3732,Wangaratta,AU,AU,-36.66400,146.34755
3733,Wangaratta,AU,AU,-36.78330,146.41670
3735,Wangaratta,AU,AU,-36.53220,146.61790
3736,Wangaratta,AU,AU,-36.56100,146.72370
3737,Wangaratta,AU,AU,-36.60489,146.72200
3738,Alpine,AU,AU,-36.58740,146.75930
3739,Alpine,AU,AU,-36.63520,146.85960
3740,Alpine,AU,AU,-36.78970,146.88020
3741,Unincorporated Vic,AU,AU,-36.82263,147.05571
3744,Alpine,AU,AU,-36.78330,146.98330
3746,Wangaratta,AU,AU,-36.32500,146.55390
3747,Wangaratta,AU,AU,-36.37604,146.70862
3749,Indigo,AU,AU,-36.36520,146.84480
3750,Whittlesea,AU,AU,-37.58330,145.03330
3751,Whittlesea,AU,AU,-37.55000,145.03330
3752,Whittlesea,AU,AU,-37.65000,145.10000
3753,Whittlesea,AU,AU,-37.48330,144.98330
3754,Nillumbik,AU,AU,-37.60035,145.12280
3755,Nillumbik,AU,AU,-37.56670,145.10000
3756,Macedon Ranges,AU,AU,-37.41698,145.01270
3757,Nillumbik,AU,AU,-37.49080,145.19750
3758,Mitchell,AU,AU,-37.37190,145.03210
3759,Nillumbik,AU,AU,-37.64080,145.23990
3760,Nillumbik,AU,AU,-37.62020,145.26030
3761,Nillumbik,AU,AU,-37.52300,145.13880
3762,Macedon Ranges,AU,AU,-37.35000,144.96670
3763,Nillumbik,AU,AU,-37.53290,145.33960
3764,Macedon Ranges,AU,AU,-37.40417,145.02206
3765,Yarra Ranges,AU,AU,-37.81670,145.35000
3766,Yarra Ranges,AU,AU,-37.81670,145.36670
3767,Yarra Ranges,AU,AU,-37.83330,145.36670
3770,Yarra Ranges,AU,AU,-37.71940,145.39823
3775,Nillumbik,AU,AU,-37.62824,145.38816
3777,Murrindindi,AU,AU,-37.61791,145.49730
3778,Yarra Ranges,AU,AU,-37.58195,145.64450
3779,Yarra Ranges,AU,AU,-37.53430,145.81935
3781,Cardinia,AU,AU,-37.92893,145.50903
3782,Yarra Ranges,AU,AU,-37.91505,145.45630
3783,Cardinia,AU,AU,-37.95320,145.55540
3785,Yarra Ranges,AU,AU,-37.87910,145.31620
3786,Yarra Ranges,AU,AU,-37.88330,145.33330
3787,Knox,AU,AU,-37.86670,145.35000
3788,Yarra Ranges,AU,AU,-37.85000,145.36670
3789,Yarra Ranges,AU,AU,-37.88330,145.35000
3791,Cardinia,AU,AU,-37.89810,145.38230
3792,Yarra Ranges,AU,AU,-37.89190,145.40220
3793,Yarra Ranges,AU,AU,-37.87430,145.42590
3795,Yarra Ranges,AU,AU,-37.81670,145.41670
3796,Yarra Ranges,AU,AU,-37.78330,145.38330
3797,Yarra Ranges,AU,AU,-37.83556,145.68368
3799,Yarra Ranges,AU,AU,-37.74874,145.71933
3800,Monash,AU,AU,-38.01760,145.35000
3802,Casey,AU,AU,-37.97700,145.25870
3803,Casey,AU,AU,-38.01670,145.26670
3804,Yarra Ranges,AU,AU,-37.97360,145.33980
3805,Casey,AU,AU,-38.03443,145.29973
3806,Casey,AU,AU,-38.01665,145.35000
3807,Casey,AU,AU,-38.03305,145.37690
3808,Cardinia,AU,AU,-37.98710,145.44055
3809,Cardinia,AU,AU,-38.07275,145.40580
3810,Cardinia,AU,AU,-38.09028,145.49235
3812,Cardinia,AU,AU,-38.04507,145.57720
3813,Cardinia,AU,AU,-38.07505,145.62065
3814,Cardinia,AU,AU,-38.10515,145.65637
3815,Cardinia,AU,AU,-38.07783,145.71332
3816,Cardinia,AU,AU,-38.10735,145.76297
3818,Baw Baw,AU,AU,-38.13794,145.85571
3820,Baw Baw,AU,AU,-38.16450,145.95273
3821,Baw Baw,AU,AU,-38.11870,145.94873
3822,Baw Baw,AU,AU,-38.21837,145.99067
3823,Baw Baw,AU,AU,-38.23693,146.05950
3824,Latrobe (Vic.),AU,AU,-38.25758,146.16400
3825,Wellington,AU,AU,-38.05691,146.21914
3831,Baw Baw,AU,AU,-37.98893,145.96817
3832,Baw Baw,AU,AU,-37.92223,145.97410
3833,Yarra Ranges,AU,AU,-37.85953,146.06873
3835,South Gippsland,AU,AU,-38.28330,146.18330
3840,Latrobe (Vic.),AU,AU,-38.30577,146.41060
3841,Wellington,AU,AU,-38.29030,146.58850
3842,Latrobe (Vic.),AU,AU,-38.30780,146.41370
3844,Wellington,AU,AU,-38.30562,146.62525
3847,Wellington,AU,AU,-38.20112,146.80548
3850,Wellington,AU,AU,-38.21480,147.06156
3851,Wellington,AU,AU,-38.18038,147.16896
3852,Wellington,AU,AU,-38.10350,147.12700
3853,Baw Baw,AU,AU,-38.11100,147.06800
3854,Baw Baw,AU,AU,-38.11930,146.55423
3856,Baw Baw,AU,AU,-38.05000,146.61670
3857,Latrobe (Vic.),AU,AU,-38.01670,146.68330
3858,Mansfield,AU,AU,-37.92938,146.73700
3859,Wellington,AU,AU,-37.92142,146.86208
3860,Wellington,AU,AU,-37.88989,146.97261
3862,Alpine,AU,AU,-37.78302,147.22662
3864,Wellington,AU,AU,-37.80840,147.30963
3865,East Gippsland,AU,AU,-37.80050,147.45980
3869,Latrobe (Vic.),AU,AU,-38.36860,146.38010
3870,Wellington,AU,AU,-38.44220,146.32989
3871,Baw Baw,AU,AU,-38.41528,146.17618
3873,Wellington,AU,AU,-38.28330,146.70000
3874,Wellington,AU,AU,-38.52993,146.88497
3875,East Gippsland,AU,AU,-37.68571,147.37710
3878,East Gippsland,AU,AU,-37.90000,147.68330
3880,Wellington,AU,AU,-37.91780,147.72638
3882,East Gippsland,AU,AU,-37.81670,147.73330
3885,East Gippsland,AU,AU,-37.39892,148.11501
3886,East Gippsland,AU,AU,-37.75300,148.45490
3887,East Gippsland,AU,AU,-37.74897,148.13010
3888,East Gippsland,AU,AU,-37.42839,148.48460
3889,East Gippsland,AU,AU,-37.58847,148.86113
3890,East Gippsland,AU,AU,-37.48549,149.16686
3891,East Gippsland,AU,AU,-37.48377,149.57299
3892,East Gippsland,AU,AU,-37.55900,149.75410
3893,East Gippsland,AU,AU,-37.46667,147.79167
3895,East Gippsland,AU,AU,-37.33318,147.28898
3896,East Gippsland,AU,AU,-37.22006,147.72010
3898,Alpine,AU,AU,-37.01124,147.50973
3900,Snowy Valleys,AU,AU,-36.95350,147.70460
3902,East Gippsland,AU,AU,-37.80835,147.81665
3903,East Gippsland,AU,AU,-37.83330,147.86670
3904,East Gippsland,AU,AU,-37.89150,147.85300
3909,East Gippsland,AU,AU,-37.86643,147.98571
3910,Frankston,AU,AU,-38.16670,145.16670
3911,Frankston,AU,AU,-38.19475,145.17175
3912,Casey,AU,AU,-38.20985,145.20080
3913,Mornington Peninsula,AU,AU,-38.25000,145.18330
3915,Mornington Peninsula,AU,AU,-38.29935,145.14000
3916,Mornington Peninsula,AU,AU,-38.40820,145.06653
3918,Mornington Peninsula,AU,AU,-38.33330,145.16670
3919,Mornington Peninsula,AU,AU,-38.35000,145.20000
3920,Mornington Peninsula,AU,AU,-38.36490,145.20040
3921,Unincorporated Vic,AU,AU,-38.36853,145.32857
3922,Bass Coast,AU,AU,-38.46542,145.12140
3923,Bass Coast,AU,AU,-38.46420,145.29950
3925,Bass Coast,AU,AU,-38.52680,145.35870
3926,Mornington Peninsula,AU,AU,-38.37682,145.11075
3927,Mornington Peninsula,AU,AU,-38.38130,145.15900
3928,Mornington Peninsula,AU,AU,-38.39730,144.97240
3929,Mornington Peninsula,AU,AU,-38.47390,145.02220
3930,Mornington Peninsula,AU,AU,-38.18330,145.08330
3931,Mornington Peninsula,AU,AU,-38.21790,145.03880
3933,Mornington Peninsula,AU,AU,-38.21670,145.11670
3934,Mornington Peninsula,AU,AU,-38.26670,145.01670
3936,Mornington Peninsula,AU,AU,-38.33743,144.97490
3937,Mornington Peninsula,AU,AU,-38.36665,145.02500
3938,Mornington Peninsula,AU,AU,-38.34970,144.92810
3939,Mornington Peninsula,AU,AU,-38.41192,144.88536
3940,Mornington Peninsula,AU,AU,-38.36585,144.87815
3941,Mornington Peninsula,AU,AU,-38.39237,144.82893
3942,Mornington Peninsula,AU,AU,-38.36130,144.77950
3943,Mornington Peninsula,AU,AU,-38.33960,144.74130
3944,Mornington Peninsula,AU,AU,-38.32380,144.70990
3945,Bass Coast,AU,AU,-38.40196,145.68312
3946,South Gippsland,AU,AU,-38.41670,145.76670
3950,Baw Baw,AU,AU,-38.41972,145.84802
3951,Bass Coast,AU,AU,-38.45044,145.80946
3953,Baw Baw,AU,AU,-38.42965,146.00647
3954,South Gippsland,AU,AU,-38.55000,145.95000
3956,South Gippsland,AU,AU,-38.66449,145.98333
3957,South Gippsland,AU,AU,-38.58330,146.03330
3958,South Gippsland,AU,AU,-38.65000,146.03330
3959,South Gippsland,AU,AU,-38.74832,146.09734
3960,South Gippsland,AU,AU,-38.65302,146.26260
3962,Wellington,AU,AU,-38.59176,146.38040
3964,South Gippsland,AU,AU,-38.68330,146.26670
3965,South Gippsland,AU,AU,-38.69920,146.45310
3966,Wellington,AU,AU,-38.62777,146.42220
3967,Wellington,AU,AU,-38.63330,146.50000
3971,Jack River,AU,AU,-38.55460,146.61450
3975,Greater Dandenong,AU,AU,-38.06045,145.24150
3976,Casey,AU,AU,-38.03330,145.25000
3977,Frankston,AU,AU,-38.12916,145.27563
3978,Cardinia,AU,AU,-38.13333,145.36110
3979,Bass Coast,AU,AU,-38.46683,145.61392
3980,Cardinia,AU,AU,-38.21763,145.34330
3981,Baw Baw,AU,AU,-38.20229,145.57011
3984,South Gippsland,AU,AU,-38.35764,145.52415
3987,Baw Baw,AU,AU,-38.33360,145.67250
3988,Baw Baw,AU,AU,-38.31145,145.81595
3989,Mildura,AU,AU,-38.29410,145.56470
3990,Bass Coast,AU,AU,-38.45000,145.53330
3991,Bass Coast,AU,AU,-38.48330,145.45000
3992,Bass Coast,AU,AU,-38.53860,145.59285
3995,Bass Coast,AU,AU,-38.57653,145.57404
3996,South Gippsland,AU,AU,-38.62125,145.78045
4000,Brisbane,AU,AU,-27.46508,153.02310
4001,Brisbane,AU,AU,-27.46790,153.02810
4002,Brisbane,AU,AU,-27.44120,153.05880
4003,Brisbane,AU,AU,-27.44120,153.05880
4004,Brisbane,AU,AU,-27.46140,153.02310
4005,Brisbane,AU,AU,-27.46185,153.04765
4006,Brisbane,AU,AU,-27.44741,153.03350
4007,Brisbane,AU,AU,-27.42290,153.07662
4008,Brisbane,AU,AU,-27.40984,153.11600
4009,Brisbane,AU,AU,-27.43060,153.09060
4010,Brisbane,AU,AU,-27.43763,153.04310
4011,Brisbane,AU,AU,-27.41830,153.06423
4012,Brisbane,AU,AU,-27.40198,153.05570
4013,Brisbane,AU,AU,-27.39010,153.07060
4014,Brisbane,AU,AU,-27.37027,153.08352
4017,Brisbane,AU,AU,-27.31610,153.05839
4018,Brisbane,AU,AU,-27.34115,153.03680
4019,Moreton Bay,AU,AU,-27.25239,153.09359
4020,Moreton Bay,AU,AU,-27.21167,153.10573
4021,Moreton Bay,AU,AU,-27.22590,153.08350
4022,Moreton Bay,AU,AU,-27.21430,153.04680
4025,Brisbane,AU,AU,-27.16433,153.39787
4029,Brisbane,AU,AU,-27.18740,153.25770
4030,Brisbane,AU,AU,-27.42276,153.03874
4031,Brisbane,AU,AU,-27.41093,153.02760
4032,Brisbane,AU,AU,-27.38428,153.02322
4034,Brisbane,AU,AU,-27.35916,153.03846
4035,Brisbane,AU,AU,-27.35450,152.98140
4036,Brisbane,AU,AU,-27.32110,153.00860
4037,Brisbane,AU,AU,-27.33920,152.95990
4051,Brisbane,AU,AU,-27.05223,152.92044
4053,Brisbane,AU,AU,-27.39998,152.98663
4054,Brisbane,AU,AU,-27.42620,152.95723
4055,Brisbane,AU,AU,-27.40073,152.93022
4059,Brisbane,AU,AU,-27.45097,153.00249
4060,Brisbane,AU,AU,-27.44550,152.99200
4061,Brisbane,AU,AU,-27.44190,152.93860
4064,Brisbane,AU,AU,-27.38214,152.56608
4065,Brisbane,AU,AU,-27.46100,152.97920
4066,Brisbane,AU,AU,-27.47889,152.98770
4067,Brisbane,AU,AU,-27.47520,152.88710
4068,Brisbane,AU,AU,-27.50230,152.97632
4069,Brisbane,AU,AU,-27.50876,152.91790
4070,Brisbane,AU,AU,-27.56018,152.87045
4072,Brisbane,AU,AU,-27.56560,152.94300
4073,Brisbane,AU,AU,-27.54755,152.95395
4074,Brisbane,AU,AU,-27.55233,152.92630
4075,Brisbane,AU,AU,-27.53652,152.98246
4076,Brisbane,AU,AU,-27.57510,152.94360
4077,Brisbane,AU,AU,-27.59902,152.97470
4078,Logan,AU,AU,-27.62045,152.95635
4101,Brisbane,AU,AU,-27.48159,153.01750
4102,Brisbane,AU,AU,-27.49260,153.03227
4103,Brisbane,AU,AU,-27.50938,153.02862
4104,Brisbane,AU,AU,-27.51570,153.01640
4105,Brisbane,AU,AU,-27.53044,153.01102
4106,Brisbane,AU,AU,-27.53920,153.00400
4107,Brisbane,AU,AU,-27.55140,153.03250
4108,Brisbane,AU,AU,-27.56587,153.02760
4109,Brisbane,AU,AU,-27.58027,153.05960
4110,Brisbane,AU,AU,-27.61569,153.00797
4111,Brisbane,AU,AU,-27.55890,153.06230
4112,Brisbane,AU,AU,-27.60680,153.09370
4113,Brisbane,AU,AU,-27.59043,153.08850
4114,Logan,AU,AU,-27.64791,153.10800
4115,Brisbane,AU,AU,-27.62810,153.03110
4116,Brisbane,AU,AU,-27.63103,153.05620
4117,Brisbane,AU,AU,-27.63920,153.08495
4118,Logan,AU,AU,-27.67077,153.03660
4119,Logan,AU,AU,-27.60890,153.11130
4120,Brisbane,AU,AU,-27.50820,153.04950
4121,Brisbane,AU,AU,-27.52590,153.04999
4122,Brisbane,AU,AU,-27.54579,153.09001
4123,Brisbane,AU,AU,-27.58093,153.12830
4124,Ipswich,AU,AU,-27.73656,152.94998
4125,Logan,AU,AU,-27.73003,153.03257
4127,Brisbane,AU,AU,-27.62302,153.14252
4128,Logan,AU,AU,-27.66067,153.17388
4129,Logan,AU,AU,-27.68440,153.18640
4130,Redland,AU,AU,-27.67500,153.23335
4131,Logan,AU,AU,-27.66970,153.13970
4132,Logan,AU,AU,-27.68050,153.09088
4133,Logan,AU,AU,-27.71702,153.10807
4151,Brisbane,AU,AU,-27.49320,153.05830
4152,Brisbane,AU,AU,-27.49847,153.09222
4153,Brisbane,AU,AU,-27.49880,153.13400
4154,Brisbane,AU,AU,-27.48767,153.16280
4155,Brisbane,AU,AU,-27.51400,153.14910
4156,Brisbane,AU,AU,-27.54965,153.13380
4157,Redland,AU,AU,-27.56382,153.20162
4158,Redland,AU,AU,-27.48780,153.19820
4159,Redland,AU,AU,-27.48330,153.21670
4160,Redland,AU,AU,-27.50000,153.25000
4161,Redland,AU,AU,-27.53220,153.22890
4163,Redland,AU,AU,-27.52680,153.26520
4164,Redland,AU,AU,-27.55750,153.26480
4165,Redland,AU,AU,-27.61698,153.28977
4169,Brisbane,AU,AU,-27.47890,153.04037
4170,Brisbane,AU,AU,-27.47414,153.07676
4171,Brisbane,AU,AU,-27.45680,153.06377
4172,Brisbane,AU,AU,-27.46290,153.09810
4173,Brisbane,AU,AU,-27.47360,153.12700
4174,Brisbane,AU,AU,-27.44780,153.13170
4178,Brisbane,AU,AU,-27.43226,153.16421
4179,Brisbane,AU,AU,-27.46567,153.17940
4183,Gold Coast,AU,AU,-27.43106,153.45546
4184,Redland,AU,AU,-27.59889,153.36250
4205,Logan,AU,AU,-27.68330,153.16670
4207,Gold Coast,AU,AU,-27.74653,153.20821
4208,Gold Coast,AU,AU,-27.61698,153.23359
4209,Gold Coast,AU,AU,-27.84546,153.29696
4210,Gold Coast,AU,AU,-27.91348,153.26194
4211,Scenic Rim,AU,AU,-28.03932,153.28173
4212,Gold Coast,AU,AU,-27.87670,153.35730
4213,Gold Coast,AU,AU,-28.11424,153.32573
4214,Gold Coast,AU,AU,-27.96380,153.36580
4215,Gold Coast,AU,AU,-27.95560,153.39810
4216,Gold Coast,AU,AU,-27.89621,153.39649
4217,Gold Coast,AU,AU,-28.00009,153.41180
4218,Gold Coast,AU,AU,-28.02679,152.95101
4219,Gold Coast,AU,AU,-28.11240,153.44050
4220,Gold Coast,AU,AU,-28.09050,153.43871
4221,Gold Coast,AU,AU,-28.12635,153.45755
4222,Brisbane,AU,AU,-28.10850,153.35820
4223,Gold Coast,AU,AU,-28.16773,153.43900
4224,Gold Coast,AU,AU,-28.15000,153.50000
4225,Gold Coast,AU,AU,-28.04066,152.98404
4226,Gold Coast,AU,AU,-28.05822,153.38818
4227,Gold Coast,AU,AU,-28.09440,153.40825
4228,Gold Coast,AU,AU,-28.16913,153.39427
4229,Gold Coast,AU,AU,-28.10850,153.35820
4230,Gold Coast,AU,AU,-27.95960,153.18240
4270,Logan,AU,AU,-27.88330,153.13330
4271,Gold Coast,AU,AU,-27.91930,153.19940
4272,Scenic Rim,AU,AU,-27.95553,153.19453
4275,Scenic Rim,AU,AU,-28.04769,153.14983
4280,Logan,AU,AU,-27.75964,152.87665
4285,Logan,AU,AU,-28.03390,152.93609
4287,Scenic Rim,AU,AU,-28.23930,152.80400
4300,Ipswich,AU,AU,-27.64754,152.90624
4301,Ipswich,AU,AU,-27.61963,152.86212
4303,Ipswich,AU,AU,-27.60600,152.83863
4304,Ipswich,AU,AU,-27.61354,152.80272
4305,Scenic Rim,AU,AU,-27.62634,152.75697
4306,Scenic Rim,AU,AU,-27.36987,152.55261
4307,Ipswich,AU,AU,-27.82903,152.62603
4309,Scenic Rim,AU,AU,-27.96113,152.60027
4310,Scenic Rim,AU,AU,-28.02040,152.67139
4311,Lockyer Valley,AU,AU,-27.45359,152.49392
4312,Somerset,AU,AU,-27.21711,152.50518
4313,Somerset,AU,AU,-27.07135,152.41274
4314,Toowoomba,AU,AU,-26.88573,152.15377
4340,Scenic Rim,AU,AU,-27.71097,152.53435
4341,Lockyer Valley,AU,AU,-27.64696,152.39912
4342,Somerset,AU,AU,-27.54158,152.39503
4343,Lockyer Valley,AU,AU,-27.67583,152.25863
4344,Lockyer Valley,AU,AU,-27.59321,152.17800
4345,Lockyer Valley,AU,AU,-27.65150,152.35200
4346,Somerset,AU,AU,-27.56610,152.59700
4347,Lockyer Valley,AU,AU,-27.61438,152.19302
4350,Toowoomba,AU,AU,-27.56903,151.92309
4352,Goondiwindi,AU,AU,-27.56517,151.87257
4353,Toowoomba,AU,AU,-27.12630,151.88020
4354,Toowoomba,AU,AU,-27.26670,151.77500
4355,Toowoomba,AU,AU,-27.23571,152.08538
4356,Toowoomba,AU,AU,-27.65274,151.63077
4357,Goondiwindi,AU,AU,-27.99820,151.17759
4358,Toowoomba,AU,AU,-27.74080,151.85730
4359,Lockyer Valley,AU,AU,-27.71026,152.26849
4360,Toowoomba,AU,AU,-27.86160,151.90110
4361,Southern Downs,AU,AU,-27.91338,151.91381
4362,Southern Downs,AU,AU,-28.05535,151.96198
4363,Toowoomba,AU,AU,-27.68330,151.71670
4364,Toowoomba,AU,AU,-27.76070,151.44560
4365,Toowoomba,AU,AU,-28.01100,151.58210
4370,Southern Downs,AU,AU,-28.19987,152.03287
4371,Southern Downs,AU,AU,-28.19523,152.24180
4372,Southern Downs,AU,AU,-28.29090,152.24610
4373,Scenic Rim,AU,AU,-28.31100,152.36500
4374,Southern Downs,AU,AU,-28.48710,151.96740
4375,Tenterfield,AU,AU,-28.12500,152.19170
4376,Southern Downs,AU,AU,-28.55060,151.94860
4377,Tenterfield,AU,AU,-28.57683,151.97333
4378,Southern Downs,AU,AU,-28.61930,151.96010
4380,Tenterfield,AU,AU,-28.68490,151.91022
4381,Southern Downs,AU,AU,-28.75390,151.87170
4382,Southern Downs,AU,AU,-28.54830,151.73718
4383,Tenterfield,AU,AU,-28.92730,151.93320
4384,Goondiwindi,AU,AU,-28.72100,151.18240
4385,Inverell,AU,AU,-28.82052,151.07589
4387,Goondiwindi,AU,AU,-28.49970,151.18599
4388,Goondiwindi,AU,AU,-28.59460,150.65065
4390,Goondiwindi,AU,AU,-28.26843,150.34944
4400,Toowoomba,AU,AU,-27.47560,151.81410
4401,Toowoomba,AU,AU,-27.38522,151.71089
4402,Toowoomba,AU,AU,-26.95883,151.88987
4403,Toowoomba,AU,AU,-27.27752,151.59268
4404,Western Downs,AU,AU,-27.29627,151.46095
4405,South Burnett,AU,AU,-27.24628,151.30990
4406,Goondiwindi,AU,AU,-27.27471,150.76901
4407,Toowoomba,AU,AU,-27.54160,151.24810
4408,Western Downs,AU,AU,-26.83073,151.44000
4410,Western Downs,AU,AU,-26.65988,151.12382
4411,Western Downs,AU,AU,-26.93230,150.92290
4412,Western Downs,AU,AU,-26.84520,150.79160
4413,Western Downs,AU,AU,-26.68649,150.82032
4415,Western Downs,AU,AU,-26.63311,150.14085
4416,Western Downs,AU,AU,-26.94841,149.89251
4417,Maranoa,AU,AU,-27.23290,149.07749
4418,Western Downs,AU,AU,-26.25930,150.04930
4419,Banana,AU,AU,-26.11177,149.94027
4420,Western Downs,AU,AU,-26.12891,150.06510
4421,Western Downs,AU,AU,-27.28200,150.52855
4422,Western Downs,AU,AU,-27.67586,149.73208
4423,Western Downs,AU,AU,-27.38893,149.52483
4424,Western Downs,AU,AU,-26.57700,149.95027
4425,Western Downs,AU,AU,-26.57260,149.78060
4426,Maranoa,AU,AU,-26.54653,149.64187
4427,Western Downs,AU,AU,-26.50060,149.39447
4428,Western Downs,AU,AU,-26.49472,149.16402
4454,Banana,AU,AU,-25.60341,148.69189
4455,Maranoa,AU,AU,-26.50296,148.60494
4461,Maranoa,AU,AU,-26.58960,148.39190
4462,Maranoa,AU,AU,-26.56667,148.21667
4465,Maranoa,AU,AU,-26.53678,147.85098
4467,Murweh,AU,AU,-26.60707,147.49523
4468,Murweh,AU,AU,-26.25420,147.01820
4470,Murweh,AU,AU,-26.44812,146.14131
4471,Paroo,AU,AU,-27.37260,145.95770
4472,Blackall Tambo,AU,AU,-24.51165,145.82315
4474,Quilpie,AU,AU,-25.90730,144.60080
4475,Quilpie,AU,AU,-26.63330,145.01670
4477,Central Highlands (Qld),AU,AU,-25.73497,146.78562
4478,Blackall Tambo,AU,AU,-25.01091,146.21960
4479,Murweh,AU,AU,-26.64260,145.46440
4480,Bulloo,AU,AU,-26.64205,143.76795
4481,Barcoo,AU,AU,-25.42220,142.65660
4482,Diamantina,AU,AU,-27.44880,146.49580
4486,Balonne,AU,AU,-28.77935,148.01015
4487,Maranoa,AU,AU,-27.76580,148.45275
4488,Maranoa,AU,AU,-27.63080,147.45157
4489,Paroo,AU,AU,-27.24780,145.98050
4490,Paroo,AU,AU,-28.25313,145.58319
4491,Paroo,AU,AU,-28.15990,145.04710
4492,Bulloo,AU,AU,-27.89320,143.13551
4493,Paroo,AU,AU,-28.99630,144.40700
4494,Goondiwindi,AU,AU,-28.27613,149.61453
4496,Goondiwindi,AU,AU,-28.52800,149.41897
4497,Goondiwindi,AU,AU,-28.53360,148.96707
4498,Goondiwindi,AU,AU,-28.31630,149.82710
4500,Moreton Bay,AU,AU,-27.30128,152.94651
4501,Moreton Bay,AU,AU,-27.28330,152.98330
4502,Moreton Bay,AU,AU,-27.26670,152.98330
4503,Moreton Bay,AU,AU,-27.25106,152.98683
4504,Moreton Bay,AU,AU,-27.20340,152.95920
4505,Moreton Bay,AU,AU,-27.15100,152.97863
4506,Moreton Bay,AU,AU,-27.12895,152.91105
4507,Sunshine Coast,AU,AU,-27.04321,153.15242
4508,Moreton Bay,AU,AU,-27.19350,153.02630
4509,Moreton Bay,AU,AU,-27.23390,153.02230
4510,Moreton Bay,AU,AU,-27.07319,152.97072
4511,Moreton Bay,AU,AU,-27.07697,153.10327
4512,Moreton Bay,AU,AU,-27.02997,152.84197
4513,Moreton Bay,AU,AU,-26.96210,152.81280
4514,Somerset,AU,AU,-26.94919,152.74224
4515,Somerset,AU,AU,-26.85745,152.55074
4516,Moreton Bay,AU,AU,-27.01670,152.95000
4517,Sunshine Coast,AU,AU,-26.96130,152.95440
4518,Sunshine Coast,AU,AU,-26.89760,152.95320
4519,Sunshine Coast,AU,AU,-26.85037,152.94020
4520,Brisbane,AU,AU,-27.34671,152.84656
4521,Moreton Bay,AU,AU,-27.15541,152.79795
4550,Sunshine Coast,AU,AU,-26.81135,152.94725
4551,Sunshine Coast,AU,AU,-26.79598,153.11458
4552,Moreton Bay,AU,AU,-26.74291,152.79864
4553,Sunshine Coast,AU,AU,-26.75978,152.98466
4554,Sunshine Coast,AU,AU,-26.73030,152.97585
4555,Sunshine Coast,AU,AU,-26.69495,152.94810
4556,Sunshine Coast,AU,AU,-26.69443,153.03448
4557,Sunshine Coast,AU,AU,-26.69220,153.11025
4558,Sunshine Coast,AU,AU,-26.65711,153.08560
4559,Sunshine Coast,AU,AU,-26.65628,152.98820
4560,Sunshine Coast,AU,AU,-26.61992,152.93131
4561,Sunshine Coast,AU,AU,-26.54613,152.98583
4562,Noosa,AU,AU,-26.47275,152.95357
4563,Gympie,AU,AU,-26.42059,152.88957
4564,Sunshine Coast,AU,AU,-26.61295,153.08812
4565,Noosa,AU,AU,-26.33472,153.00138
4566,Noosa,AU,AU,-26.40000,153.06670
4567,Noosa,AU,AU,-26.41162,153.09970
4568,Noosa,AU,AU,-26.36477,152.83777
4569,Noosa,AU,AU,-26.33690,152.82250
4570,Fraser Coast,AU,AU,-26.18396,152.64109
4571,Noosa,AU,AU,-26.23770,152.92147
4572,Sunshine Coast,AU,AU,-26.67150,153.10060
4573,Noosa,AU,AU,-26.51622,153.09279
4574,Gympie,AU,AU,-26.59423,152.76168
4575,Sunshine Coast,AU,AU,-26.72120,153.12682
4580,Fraser Coast,AU,AU,-25.96397,152.99673
4581,Fraser Coast,AU,AU,-25.55229,153.14963
4600,Gympie,AU,AU,-26.08682,152.24524
4601,Gympie,AU,AU,-26.16957,152.07829
4605,Gympie,AU,AU,-26.16527,151.90972
4606,South Burnett,AU,AU,-26.28118,151.80341
4608,South Burnett,AU,AU,-26.36946,151.75782
4610,South Burnett,AU,AU,-26.58170,151.71136
4611,South Burnett,AU,AU,-26.16900,151.76120
4612,South Burnett,AU,AU,-26.18200,151.71200
4613,South Burnett,AU,AU,-26.36558,151.57417
4614,South Burnett,AU,AU,-26.86613,151.94370
4615,Gympie,AU,AU,-26.75867,151.98101
4620,Fraser Coast,AU,AU,-25.66050,152.27358
4621,Fraser Coast,AU,AU,-25.47666,152.01835
4625,North Burnett,AU,AU,-25.59462,151.66719
4626,North Burnett,AU,AU,-25.65235,151.21293
4627,North Burnett,AU,AU,-25.30851,151.08328
4630,Bundaberg,AU,AU,-24.79376,151.04540
4650,Gympie,AU,AU,-25.67949,152.64678
4655,Hervey Bay,AU,AU,-25.31874,152.82973
4659,Fraser Coast,AU,AU,-25.28077,152.58844
4660,Fraser Coast,AU,AU,-25.19749,152.32386
4662,Fraser Coast,AU,AU,-25.34530,152.59380
4670,Avenell Heights,AU,AU,-24.86220,152.31900
4671,North Burnett,AU,AU,-25.02848,151.86527
4673,Bundaberg,AU,AU,-24.69837,152.11993
4674,Bundaberg,AU,AU,-24.52089,151.88890
4676,Gladstone,AU,AU,-24.52950,151.75320
4677,Gladstone,AU,AU,-24.28386,151.73173
4678,Gladstone,AU,AU,-24.12705,151.56772
4680,Boynedale,AU,AU,-24.01303,151.24897
4694,Gladstone,AU,AU,-23.81000,151.10450
4695,Gladstone,AU,AU,-23.82334,150.93801
4697,Gladstone,AU,AU,-23.71670,150.81670
4699,Rockhampton,AU,AU,-23.62490,150.75540
4700,Livingstone,AU,AU,-23.35903,150.53840
4701,Livingstone,AU,AU,-23.35380,150.55272
4702,Coorumbene,AU,AU,-23.60960,149.58402
4703,Livingstone,AU,AU,-23.10528,150.71701
4704,Livingstone,AU,AU,-23.13330,150.36670
4705,Livingstone,AU,AU,-22.67278,149.23604
4706,Livingstone,AU,AU,-22.61670,149.65000
4707,Isaac,AU,AU,-22.18947,149.35930
4709,Central Highlands (Qld),AU,AU,-23.03830,148.34460
4710,Livingstone,AU,AU,-23.27275,150.81250
4711,Livingstone,AU,AU,-24.16890,150.23190
4712,Woorabinda,AU,AU,-23.71580,149.67010
4713,Woorabinda,AU,AU,-24.13060,149.45660
4714,Rockhampton,AU,AU,-23.66702,150.38618
4715,Banana,AU,AU,-24.36990,150.45938
4716,Banana,AU,AU,-24.54505,150.67730
4717,Central Highlands (Qld),AU,AU,-23.58350,148.87910
4718,Woorabinda,AU,AU,-24.63440,149.65897
4719,Banana,AU,AU,-25.03705,150.16022
4720,Central Highlands (Qld),AU,AU,-23.55313,148.26227
4721,Central Highlands (Qld),AU,AU,-22.44811,147.60362
4722,Central Highlands (Qld),AU,AU,-24.21978,147.96093
4723,Central Highlands (Qld),AU,AU,-23.03661,148.01311
4724,Isaac,AU,AU,-23.65111,146.85548
4725,Barcaldine,AU,AU,-23.54340,145.19270
4726,Barcaldine,AU,AU,-22.96830,145.24500
4727,Longreach,AU,AU,-23.50000,144.50000
4728,Barcaldine,AU,AU,-23.35000,146.11667
4730,Barcoo,AU,AU,-23.40212,143.93975
4731,Longreach,AU,AU,-24.57195,144.25965
4732,Barcaldine,AU,AU,-22.49780,144.52995
4733,Winton,AU,AU,-21.71670,143.36670
4735,Diamantina,AU,AU,-22.93670,142.12555
4736,Barcoo,AU,AU,-24.83310,143.06160
4737,Isaac,AU,AU,-21.43353,149.18261
4738,Isaac,AU,AU,-21.65835,149.30000
4739,Isaac,AU,AU,-21.91670,149.41670
4740,Mackay,AU,AU,-21.14497,149.13128
4741,Isaac,AU,AU,-21.24227,148.97364
4742,Isaac,AU,AU,-21.61171,148.41577
4743,Isaac,AU,AU,-21.34385,148.04910
4744,Isaac,AU,AU,-22.00160,148.04660
4745,Isaac,AU,AU,-22.58820,148.34920
4746,Isaac,AU,AU,-22.77960,148.71367
4750,Mackay,AU,AU,-21.01985,149.15500
4751,Mackay,AU,AU,-21.18170,149.03593
4753,Mackay,AU,AU,-21.13030,148.92940
4754,Mackay,AU,AU,-21.17747,148.81190
4756,Mackay,AU,AU,-21.14520,148.58105
4757,Mackay,AU,AU,-21.14602,148.51388
4798,Mackay,AU,AU,-20.86766,148.75350
4799,Mackay,AU,AU,-20.71670,148.60000
4800,Mackay,AU,AU,-20.36806,148.56099
4801,Mackay,AU,AU,-20.05110,148.88490
4802,Whitsunday,AU,AU,-20.25638,148.75187
4803,Mackay,AU,AU,-20.34600,148.95190
4804,Whitsunday,AU,AU,-20.85372,147.74530
4805,Whitsunday,AU,AU,-20.05263,148.02229
4806,Burdekin,AU,AU,-19.72390,147.42301
4807,Burdekin,AU,AU,-19.72492,147.37170
4808,Burdekin,AU,AU,-19.52705,147.35350
4809,Townsville,AU,AU,-19.52593,147.12056
4810,Townsville,AU,AU,-19.25654,146.81831
4811,Townsville,AU,AU,-19.34156,146.81517
4812,Townsville,AU,AU,-19.28657,146.79106
4813,Townsville,AU,AU,-19.34200,146.63600
4814,Townsville,AU,AU,-19.29751,146.76810
4815,Townsville,AU,AU,-19.41075,146.68547
4816,Croydon,AU,AU,-19.49184,146.38311
4817,Charters Towers,AU,AU,-19.34354,146.67612
4818,Townsville,AU,AU,-19.22207,146.63762
4819,Townsville,AU,AU,-19.14504,146.85291
4820,Charters Towers,AU,AU,-20.06867,146.21154
4821,Flinders (Qld),AU,AU,-21.01197,144.14411
4822,Etheridge,AU,AU,-20.48310,142.89839
4823,Burke,AU,AU,-21.11810,141.94368
4824,Burke,AU,AU,-20.80651,140.54831
4825,Carpentaria,AU,AU,-20.75072,139.52908
4828,Mount Isa,AU,AU,-19.92150,138.12010
4829,Barcoo,AU,AU,-22.91140,139.90930
4830,Burke,AU,AU,-17.84230,139.18749
4849,Cassowary Coast,AU,AU,-18.36170,146.12074
4850,Garrawalt,AU,AU,-18.65898,146.15222
4852,Cassowary Coast,AU,AU,-17.88788,146.09100
4854,Cassowary Coast,AU,AU,-17.95972,145.91679
4855,Cassowary Coast,AU,AU,-17.80831,145.98151
4856,Cassowary Coast,AU,AU,-17.73511,145.98301
4857,Cassowary Coast,AU,AU,-18.11930,146.04040
4858,Mourilyan,AU,AU,-17.59180,146.06143
4859,Cassowary Coast,AU,AU,-17.59927,145.98090
4860,Tablelands,AU,AU,-17.51549,145.99734
4861,Cairns,AU,AU,-17.39697,145.90300
4865,Cairns,AU,AU,-17.08683,145.77542
4868,Cairns,AU,AU,-16.96820,145.74288
4869,Cairns,AU,AU,-17.02547,145.74840
4870,Cairns,AU,AU,-16.91939,145.73612
4871,Carpentaria,AU,AU,-17.21710,145.21140
4872,Mareeba,AU,AU,-17.27888,145.40742
4873,Douglas,AU,AU,-16.34163,145.38437
4874,Aurukun,AU,AU,-12.52232,142.10600
4875,Yam Island,AU,AU,-16.62820,145.20870
4876,Torres,AU,AU,-16.62820,145.20870
4877,Douglas,AU,AU,-16.55521,145.48683
4878,Cairns,AU,AU,-16.84617,145.70969
4879,Cairns,AU,AU,-16.76601,145.68003
4880,Mareeba,AU,AU,-16.88840,145.33780
4881,Mareeba,AU,AU,-16.82685,145.58503
4882,Tablelands,AU,AU,-17.18560,145.47710
4883,Tablelands,AU,AU,-17.31550,145.51398
4884,Tablelands,AU,AU,-17.25138,145.64260
4885,Tablelands,AU,AU,-17.36508,145.63914
4886,Tablelands,AU,AU,-17.53397,145.61125
4887,Mareeba,AU,AU,-17.40347,145.35192
4888,Tablelands,AU,AU,-17.57384,145.45566
4890,Croydon,AU,AU,-17.56640,141.12867
4891,Carpentaria,AU,AU,-17.48690,140.84260
4892,Napranum,AU,AU,-14.60951,142.54871
4895,Douglas,AU,AU,-15.75277,145.27860
5000,Adelaide,AU,AU,-34.92870,138.59860
5001,Adelaide,AU,AU,-34.92870,138.59860
5005,Adelaide,AU,AU,-34.89720,138.57170
5006,Adelaide,AU,AU,-34.90730,138.59140
5007,Adelaide,AU,AU,-34.90294,138.57008
5008,Adelaide,AU,AU,-34.88692,138.57129
5009,Adelaide,AU,AU,-34.89063,138.55113
5010,Adelaide,AU,AU,-34.86290,138.56408
5011,Adelaide,AU,AU,-34.88063,138.53810
5012,Adelaide,AU,AU,-34.86315,138.54645
5013,Adelaide,AU,AU,-34.84958,138.53690
5014,Adelaide,AU,AU,-34.86815,138.51692
5015,Adelaide,AU,AU,-34.84409,138.49532
5016,Adelaide,AU,AU,-34.82583,138.49250
5017,Port Adelaide Enfield,AU,AU,-34.80115,138.49695
5018,Port Adelaide Enfield,AU,AU,-34.78245,138.48950
5019,Adelaide,AU,AU,-34.84493,138.48243
5020,Adelaide,AU,AU,-34.86010,138.48970
5021,Adelaide,AU,AU,-34.87300,138.49460
5022,Adelaide,AU,AU,-34.90860,138.49150
5023,Adelaide,AU,AU,-34.90000,138.52500
5024,Adelaide,AU,AU,-34.92940,138.51207
5025,Adelaide,AU,AU,-34.91125,138.53505
5031,Adelaide,AU,AU,-34.92514,138.56810
5032,Adelaide,AU,AU,-34.92413,138.53710
5033,Adelaide,AU,AU,-34.93850,138.55970
5034,Adelaide,AU,AU,-34.95572,138.58880
5035,Adelaide,AU,AU,-34.94888,138.57660
5037,Adelaide,AU,AU,-34.95488,138.55963
5038,Adelaide,AU,AU,-34.97203,138.54993
5039,Adelaide,AU,AU,-34.97962,138.57488
5040,Adelaide,AU,AU,-34.96630,138.53260
5041,Adelaide,AU,AU,-34.98210,138.59260
5042,Adelaide,AU,AU,-35.00678,138.57615
5043,Adelaide,AU,AU,-34.99784,138.55330
5044,Adelaide,AU,AU,-34.99210,138.52910
5045,Adelaide,AU,AU,-34.97868,138.51910
5046,Adelaide,AU,AU,-35.00193,138.53810
5047,Adelaide,AU,AU,-35.02763,138.55042
5048,Adelaide,AU,AU,-35.01616,138.52636
5049,Adelaide,AU,AU,-35.03688,138.52418
5050,Adelaide,AU,AU,-35.02565,138.58940
5051,Adelaide,AU,AU,-35.03355,138.61658
5052,Adelaide,AU,AU,-35.00280,138.62335
5061,Adelaide,AU,AU,-34.95693,138.60533
5062,Adelaide,AU,AU,-34.98001,138.61666
5063,Adelaide,AU,AU,-34.94956,138.62324
5064,Adelaide,AU,AU,-34.95858,138.64460
5065,Adelaide,AU,AU,-34.93928,138.63906
5066,Adelaide,AU,AU,-34.94040,138.66909
5067,Adelaide,AU,AU,-34.92424,138.63052
5068,Adelaide,AU,AU,-34.92222,138.65146
5069,Adelaide,AU,AU,-34.90995,138.62667
5070,Adelaide,AU,AU,-34.89808,138.64170
5071,Adelaide,AU,AU,-34.92160,138.62010
5072,Adelaide,AU,AU,-34.91457,138.68530
5073,Adelaide,AU,AU,-34.89348,138.66258
5074,Adelaide,AU,AU,-34.88270,138.67460
5075,Adelaide,AU,AU,-34.86780,138.67280
5076,Adelaide,AU,AU,-34.87020,138.69990
5081,Adelaide,AU,AU,-34.89210,138.61298
5082,Adelaide,AU,AU,-34.89390,138.59203
5083,Adelaide,AU,AU,-34.87810,138.60820
5084,Adelaide,AU,AU,-34.85930,138.59110
5085,Adelaide,AU,AU,-34.85438,138.61762
5086,Adelaide,AU,AU,-34.86435,138.63588
5087,Adelaide,AU,AU,-34.87235,138.64130
5088,Adelaide,AU,AU,-34.85160,138.67230
5089,Adelaide,AU,AU,-34.85290,138.69750
5090,Adelaide,AU,AU,-34.83330,138.70000
5091,Tea Tree Gully,AU,AU,-34.82080,138.73073
5092,Adelaide,AU,AU,-34.82382,138.68087
5093,Adelaide,AU,AU,-34.83040,138.66090
5094,Adelaide,AU,AU,-34.83290,138.58293
5095,Adelaide,AU,AU,-34.82030,138.61723
5096,Adelaide,AU,AU,-34.80410,138.65673
5097,Adelaide,AU,AU,-34.82123,138.70743
5098,Adelaide,AU,AU,-34.83500,138.63850
5106,Salisbury,AU,AU,-34.78472,138.64270
5107,Adelaide,AU,AU,-34.79155,138.60875
5108,Salisbury,AU,AU,-34.76026,138.62106
5109,Tea Tree Gully,AU,AU,-34.77275,138.66342
5110,Playford,AU,AU,-34.74583,138.59025
5111,Salisbury,AU,AU,-34.74620,138.63750
5112,Salisbury,AU,AU,-34.73278,138.67305
5113,Playford,AU,AU,-34.70029,138.67560
5114,Gawler,AU,AU,-34.69519,138.72755
5115,Gawler,AU,AU,-34.65420,138.69040
5116,Playford,AU,AU,-34.62678,138.71908
5117,Playford,AU,AU,-34.64100,138.64610
5118,Playford,AU,AU,-34.59606,138.73668
5120,Salisbury,AU,AU,-34.67580,138.55100
5121,Playford,AU,AU,-34.66853,138.63895
5125,Salisbury,AU,AU,-34.77450,138.72357
5126,Tea Tree Gully,AU,AU,-34.79760,138.72677
5127,Tea Tree Gully,AU,AU,-34.79940,138.68710
5131,Tea Tree Gully,AU,AU,-34.81253,138.76020
5132,Tea Tree Gully,AU,AU,-34.84880,138.78000
5133,Adelaide Hills,AU,AU,-34.82400,138.77390
5134,Adelaide,AU,AU,-34.90000,138.75740
5136,Adelaide,AU,AU,-34.92290,138.72490
5137,Adelaide,AU,AU,-34.93950,138.73710
5138,Adelaide,AU,AU,-34.93980,138.76500
5139,Adelaide Hills,AU,AU,-34.92800,138.80700
5140,Adelaide,AU,AU,-34.94990,138.69170
5141,Adelaide,AU,AU,-34.94730,138.71785
5142,Adelaide,AU,AU,-34.95600,138.74440
5144,Adelaide,AU,AU,-34.96470,138.76180
5150,Adelaide,AU,AU,-34.97410,138.67340
5151,Adelaide,AU,AU,-34.97780,138.73020
5152,Adelaide,AU,AU,-34.99040,138.70240
5153,Alexandrina,AU,AU,-35.08918,138.75838
5154,Adelaide,AU,AU,-35.01670,138.73330
5155,Mount Barker,AU,AU,-35.01400,138.76650
5156,Adelaide,AU,AU,-35.01670,138.68330
5157,Adelaide Hills,AU,AU,-35.15719,138.69097
5158,Onkaparinga,AU,AU,-35.07353,138.53678
5159,Onkaparinga,AU,AU,-35.07392,138.59097
5160,Marion,AU,AU,-35.10680,138.49290
5161,Marion,AU,AU,-35.09640,138.54060
5162,Onkaparinga,AU,AU,-35.11785,138.53980
5163,Onkaparinga,AU,AU,-35.14696,138.53018
5164,Onkaparinga,AU,AU,-35.13000,138.49630
5165,Onkaparinga,AU,AU,-35.13880,138.47230
5166,Onkaparinga,AU,AU,-35.11880,138.47340
5167,Onkaparinga,AU,AU,-35.16100,138.46980
5168,Onkaparinga,AU,AU,-35.15787,138.49887
5169,Onkaparinga,AU,AU,-35.18966,138.48250
5170,Onkaparinga,AU,AU,-35.22590,138.47980
5171,Onkaparinga,AU,AU,-35.22418,138.54458
5172,Yankalilla,AU,AU,-35.27413,138.61564
5173,Onkaparinga,AU,AU,-35.28430,138.46375
5174,Yankalilla,AU,AU,-35.33415,138.46075
5201,Onkaparinga,AU,AU,-35.21238,138.74020
5202,Alexandrina,AU,AU,-35.38890,138.42910
5203,Yankalilla,AU,AU,-35.49023,138.37380
5204,Yankalilla,AU,AU,-35.51762,138.22937
5210,Yankalilla,AU,AU,-35.34620,138.65340
5211,Yankalilla,AU,AU,-35.54440,138.57121
5212,Alexandrina,AU,AU,-35.53020,138.67920
5213,Alexandrina,AU,AU,-35.51050,138.70380
5214,Alexandrina,AU,AU,-35.49399,138.79773
5220,Kangaroo Island,AU,AU,-35.78530,137.25710
5221,Kangaroo Island,AU,AU,-35.77293,137.76817
5222,Kangaroo Island,AU,AU,-35.77882,137.90459
5223,Kangaroo Island,AU,AU,-35.69767,137.34473
5231,Barossa,AU,AU,-34.80280,138.84220
5232,Adelaide Hills,AU,AU,-34.84090,138.82840
5233,Adelaide Hills,AU,AU,-34.80268,138.90140
5234,Mid Murray,AU,AU,-34.81830,138.96480
5235,Adelaide Hills,AU,AU,-34.70122,139.05407
5236,Mount Barker,AU,AU,-34.81670,139.06670
5237,Mid Murray,AU,AU,-34.80735,139.19620
5238,Karoonda East Murray,AU,AU,-34.86335,139.44863
5240,Adelaide Hills,AU,AU,-34.91820,138.83260
5241,Adelaide Hills,AU,AU,-34.90450,138.87480
5242,Adelaide Hills,AU,AU,-34.99090,138.82570
5243,Mount Barker,AU,AU,-34.98340,138.84530
5244,Mid Murray,AU,AU,-34.93398,138.92920
5245,Adelaide Hills,AU,AU,-35.02587,138.80000
5250,Mount Barker,AU,AU,-35.04287,138.86277
5251,Mount Barker,AU,AU,-35.08303,138.89352
5252,Adelaide Hills,AU,AU,-35.04439,138.95400
5253,Mid Murray,AU,AU,-35.11383,139.32271
5254,Mid Murray,AU,AU,-35.07248,139.26143
5255,Murray Bridge,AU,AU,-35.27508,138.97634
5256,Murray Bridge,AU,AU,-35.44067,138.93348
5259,Alexandrina,AU,AU,-35.38389,139.33811
5260,Coorong,AU,AU,-35.05037,139.76880
5261,Coorong,AU,AU,-35.55166,139.75614
5262,Naracoorte Lucindale,AU,AU,-36.83628,140.91773
5263,Wattle Range,AU,AU,-37.29060,140.83440
5264,Unincorporated SA,AU,AU,-35.87710,139.51361
5265,Coorong,AU,AU,-35.75830,139.76150
5266,Coorong,AU,AU,-36.00368,139.92428
5267,Coorong,AU,AU,-36.12783,140.42988
5268,Tatiara,AU,AU,-36.36181,140.75746
5269,Tatiara,AU,AU,-36.42222,140.91112
5270,Tatiara,AU,AU,-36.37790,140.59198
5271,Wattle Range,AU,AU,-36.95538,140.69791
5272,Wattle Range,AU,AU,-37.07538,140.30272
5273,Kingston (SA),AU,AU,-36.96670,140.23330
5275,Robe,AU,AU,-36.88303,139.86366
5276,Wattle Range,AU,AU,-37.24473,139.80630
5277,Grant,AU,AU,-37.38919,140.80626
5278,Grant,AU,AU,-37.58657,140.70347
5279,Naracoorte Lucindale,AU,AU,-37.52208,140.58320
5280,Grant,AU,AU,-37.56513,140.29208
5290,Mount Gambier,AU,AU,-37.83180,140.77920
5291,Wattle Range,AU,AU,-37.88229,140.70578
5301,Karoonda East Murray,AU,AU,-35.37279,140.02539
5302,Coorong,AU,AU,-35.28253,140.44060
5303,Southern Mallee,AU,AU,-35.30000,140.66670
5304,Loxton Waikerie,AU,AU,-35.06123,140.82800
5306,Karoonda East Murray,AU,AU,-35.13330,139.73330
5307,Southern Mallee,AU,AU,-35.08742,140.31543
5308,Loxton Waikerie,AU,AU,-34.73583,139.94333
5309,Karoonda East Murray,AU,AU,-34.91667,140.14168
5310,Loxton Waikerie,AU,AU,-34.71670,140.30000
5311,Loxton Waikerie,AU,AU,-34.58481,140.62465
5320,Goyder,AU,AU,-33.93546,139.41413
5321,Mid Murray,AU,AU,-34.03880,139.76390
5322,Loxton Waikerie,AU,AU,-34.15672,139.90752
5330,Unincorporated SA,AU,AU,-34.18932,140.08619
5331,Loxton Waikerie,AU,AU,-34.21890,140.33450
5332,Berri Barmera,AU,AU,-34.31478,140.33308
5333,Berri Barmera,AU,AU,-34.47504,140.62551
5340,Unincorporated SA,AU,AU,-34.20105,140.82145
5341,Unincorporated SA,AU,AU,-34.14800,140.74272
5342,Unincorporated SA,AU,AU,-34.23840,140.56130
5343,Loxton Waikerie,AU,AU,-34.31533,140.59377
5344,Berri Barmera,AU,AU,-34.27690,140.54100
5345,Unincorporated SA,AU,AU,-34.26947,140.44740
5346,Berri Barmera,AU,AU,-34.24380,140.40430
5350,Light,AU,AU,-34.55000,138.85000
5351,Adelaide Hills,AU,AU,-34.64129,138.90199
5352,Light,AU,AU,-34.54194,138.95731
5353,Mid Murray,AU,AU,-34.57973,139.30154
5354,Loxton Waikerie,AU,AU,-34.58561,139.67671
5355,Light,AU,AU,-34.45804,139.09866
5356,Barossa,AU,AU,-34.38831,139.22324
5357,Loxton Waikerie,AU,AU,-34.33801,139.79180
5360,Light,AU,AU,-34.45140,138.91985
5371,Light,AU,AU,-34.48188,138.76670
5372,Light,AU,AU,-34.45410,138.80870
5373,Light,AU,AU,-34.32886,138.91576
5374,Light,AU,AU,-34.16041,139.16054
5381,Goyder,AU,AU,-33.92138,139.06987
5400,Light,AU,AU,-34.45630,138.68027
5401,Light,AU,AU,-34.26957,138.64860
5410,Light,AU,AU,-34.34715,138.74995
5411,Clare and Gilbert Valleys,AU,AU,-34.24730,138.75015
5412,Clare and Gilbert Valleys,AU,AU,-34.15170,138.71882
5413,Goyder,AU,AU,-34.03904,138.89333
5414,Clare and Gilbert Valleys,AU,AU,-34.00000,138.81670
5415,Clare and Gilbert Valleys,AU,AU,-33.85215,138.66245
5416,Clare and Gilbert Valleys,AU,AU,-33.82280,138.87910
5417,Unincorporated SA,AU,AU,-33.61810,138.95510
5418,Goyder,AU,AU,-33.44135,139.02110
5419,Goyder,AU,AU,-33.41109,138.86157
5420,Northern Areas,AU,AU,-33.18260,138.76250
5421,Goyder,AU,AU,-33.15095,138.98685
5422,Orroroo Carrieton,AU,AU,-32.89276,138.92179
5431,Unincorporated SA,AU,AU,-32.64690,138.60230
5432,Mount Remarkable,AU,AU,-32.27478,138.61808
5433,Port Augusta,AU,AU,-32.37993,138.11250
5434,Unincorporated SA,AU,AU,-31.84670,138.34460
5440,Peterborough,AU,AU,-32.31439,140.20649
5451,Clare and Gilbert Valleys,AU,AU,-34.04680,138.68425
5452,Clare and Gilbert Valleys,AU,AU,-33.97100,138.64650
5453,Wakefield,AU,AU,-33.87056,138.60236
5454,Northern Areas,AU,AU,-33.54973,138.60644
5455,Clare and Gilbert Valleys,AU,AU,-33.82050,138.61530
5460,Adelaide Plains,AU,AU,-34.30432,138.54237
5461,Clare and Gilbert Valleys,AU,AU,-34.07520,138.38482
5462,Wakefield,AU,AU,-33.84860,138.48930
5464,Clare and Gilbert Valleys,AU,AU,-33.69699,138.41660
5470,Northern Areas,AU,AU,-33.57090,138.44920
5471,Northern Areas,AU,AU,-33.46720,138.44300
5472,Northern Areas,AU,AU,-33.36670,138.40000
5473,Northern Areas,AU,AU,-33.26690,138.35660
5480,Mount Remarkable,AU,AU,-33.11760,138.35950
5481,Northern Areas,AU,AU,-32.97950,138.21928
5482,Mount Remarkable,AU,AU,-32.85660,138.41700
5483,Mount Remarkable,AU,AU,-32.82530,138.18630
5485,Flinders Ranges,AU,AU,-32.64990,138.09810
5490,Northern Areas,AU,AU,-33.16577,138.45083
5491,Northern Areas,AU,AU,-33.18810,138.61620
5493,Peterborough,AU,AU,-33.03030,138.75030
5495,Port Augusta,AU,AU,-32.89706,138.00979
5501,Wakefield,AU,AU,-34.47126,138.38361
5502,Wakefield,AU,AU,-34.47085,138.55003
5510,Wakefield,AU,AU,-33.93330,138.16670
5520,Barunga West,AU,AU,-33.72323,138.15728
5521,Port Pirie,AU,AU,-33.53330,138.23330
5522,Barunga West,AU,AU,-33.49320,137.94670
5523,Barunga West,AU,AU,-33.38523,138.15546
5540,Mount Remarkable,AU,AU,-33.19835,138.02795
5550,Barunga West,AU,AU,-34.13646,138.21466
5552,Yorke Peninsula,AU,AU,-34.07680,137.94566
5554,Barunga West,AU,AU,-33.99358,137.76126
5555,Copper Coast,AU,AU,-33.89072,137.99347
5556,Copper Coast,AU,AU,-33.92803,137.64205
5558,Yorke Peninsula,AU,AU,-34.07546,137.61344
5560,Wakefield,AU,AU,-33.91735,138.01515
5570,Yorke Peninsula,AU,AU,-34.25508,137.95110
5571,Yorke Peninsula,AU,AU,-34.47074,137.87965
5572,Yorke Peninsula,AU,AU,-34.20715,137.90635
5573,Unincorporated SA,AU,AU,-34.42455,137.58043
5575,Yorke Peninsula,AU,AU,-34.90333,137.35623
5576,Yorke Peninsula,AU,AU,-35.07737,137.59167
5577,Yorke Peninsula,AU,AU,-35.03605,137.17228
5580,Yorke Peninsula,AU,AU,-34.68335,137.78335
5581,Yorke Peninsula,AU,AU,-34.74135,137.86760
5582,Yorke Peninsula,AU,AU,-34.91110,137.79900
5583,Yorke Peninsula,AU,AU,-35.08013,137.74277
5600,Unincorporated SA,AU,AU,-33.01855,137.43180
5601,Unincorporated SA,AU,AU,-32.91351,137.67229
5602,Cleve,AU,AU,-33.60506,136.93694
5603,Tumby Bay,AU,AU,-33.92690,136.40623
5604,Cleve,AU,AU,-34.11910,136.34930
5605,Tumby Bay,AU,AU,-34.24700,136.10035
5606,Unincorporated SA,AU,AU,-34.86905,136.06923
5607,Streaky Bay,AU,AU,-34.42023,135.81252
5608,Unincorporated SA,AU,AU,-33.08858,137.47552
5609,Unincorporated SA,AU,AU,-33.02210,137.51270
5611,Kimba,AU,AU,-32.86401,137.15980
5630,Lower Eyre Peninsula,AU,AU,-34.41180,135.70630
5631,Tumby Bay,AU,AU,-34.26400,135.72600
5632,Lower Eyre Peninsula,AU,AU,-34.33047,136.37975
5633,Cleve,AU,AU,-33.51193,135.81197
5640,Kimba,AU,AU,-33.51965,136.38837
5641,Unincorporated SA,AU,AU,-33.11770,136.33562
5642,Elliston,AU,AU,-33.57778,136.22780
5650,Unincorporated SA,AU,AU,-33.22297,135.80877
5651,Wudinna,AU,AU,-33.13330,135.56670
5652,Wudinna,AU,AU,-33.03340,135.44023
5653,Wudinna,AU,AU,-32.94620,135.27370
5654,Elliston,AU,AU,-32.91112,135.07223
5655,Unincorporated SA,AU,AU,-32.77241,135.04801
5660,Streaky Bay,AU,AU,-32.58330,134.71670
5661,Ceduna,AU,AU,-32.38150,134.55416
5670,Elliston,AU,AU,-33.50766,135.19553
5671,Elliston,AU,AU,-33.09806,134.54506
5680,Unincorporated SA,AU,AU,-32.55022,134.25549
5690,Maralinga Tjarutja,AU,AU,-31.83207,133.05308
5700,Mount Remarkable,AU,AU,-32.54842,137.81229
5701,Port Augusta,AU,AU,-31.51378,137.40612
5710,Port Augusta,AU,AU,-31.67859,136.29123
5713,Port Augusta,AU,AU,-33.89199,137.90299
5715,Port Augusta,AU,AU,-32.21250,136.55390
5717,Kimba,AU,AU,-32.44741,136.41099
5719,Unincorporated SA,AU,AU,-30.94271,135.53291
5720,Unincorporated SA,AU,AU,-30.82040,136.55811
5722,Unincorporated SA,AU,AU,-30.44810,137.16560
5723,Unincorporated SA,AU,AU,-28.71999,135.36439
5724,Unincorporated SA,AU,AU,-27.30500,133.45953
5725,Unincorporated SA,AU,AU,-30.50493,136.88113
5730,Unincorporated SA,AU,AU,-30.96639,138.49851
5731,Unincorporated SA,AU,AU,-29.74560,138.94609
5732,Unincorporated SA,AU,AU,-30.33541,139.11480
5733,Unincorporated SA,AU,AU,-28.61872,138.33080
5734,Unincorporated SA,AU,AU,-27.55140,135.44910
5800,Adelaide,AU,AU,-34.92870,138.59860
5801,Adelaide,AU,AU,-34.92870,138.59860
5810,Adelaide,AU,AU,-34.92870,138.59860
5839,Adelaide,AU,AU,-34.92870,138.59860
5942,Adelaide,AU,AU,-34.86260,138.57240
5950,Adelaide,AU,AU,-34.93910,138.53410
6000,Perth,AU,AU,-31.95220,115.86140
6001,Perth,AU,AU,-31.95220,115.86140
6003,Perth,AU,AU,-31.94375,115.86445
6004,Perth,AU,AU,-31.95870,115.87110
6005,Perth,AU,AU,-31.94900,115.84200
6006,Perth,AU,AU,-31.92720,115.85280
6007,Perth,AU,AU,-31.93885,115.83655
6008,Perth,AU,AU,-31.95202,115.81123
6009,Perth,AU,AU,-31.98708,115.80770
6010,Perth,AU,AU,-31.96944,115.78274
6011,Perth,AU,AU,-31.99655,115.76320
6012,Perth,AU,AU,-32.00540,115.76380
6014,Perth,AU,AU,-31.93910,115.80648
6015,Perth,AU,AU,-31.93440,115.76170
6016,Perth,AU,AU,-31.91995,115.82725
6017,Perth,AU,AU,-31.90563,115.80817
6018,Perth,AU,AU,-31.89259,115.78826
6019,Perth,AU,AU,-31.90375,115.76895
6020,Perth,AU,AU,-31.84628,115.76082
6021,Perth,AU,AU,-31.87920,115.81915
6022,Perth,AU,AU,-31.84900,115.80760
6023,Perth,AU,AU,-31.83290,115.77590
6024,Perth,AU,AU,-31.83345,115.80555
6025,Joondalup,AU,AU,-31.79792,115.75805
6026,Wanneroo,AU,AU,-31.79985,115.79880
6027,Wanneroo,AU,AU,-31.76190,115.75649
6028,Joondalup,AU,AU,-31.72697,115.73430
6029,Perth,AU,AU,-31.86940,115.75710
6030,Wanneroo,AU,AU,-31.67973,115.71513
6031,Wanneroo,AU,AU,-31.68660,115.77610
6032,Wanneroo,AU,AU,-31.63710,115.76250
6033,Wanneroo,AU,AU,-31.60580,115.71440
6034,Wanneroo,AU,AU,-31.58680,115.68880
6035,Wanneroo,AU,AU,-31.54680,115.63170
6036,Wanneroo,AU,AU,-31.64620,115.69965
6037,Wanneroo,AU,AU,-31.49980,115.58740
6038,Wanneroo,AU,AU,-31.63040,115.68640
6041,Gingin,AU,AU,-31.32362,115.53360
6042,Gingin,AU,AU,-31.27720,115.44390
6043,Gingin,AU,AU,-31.10020,115.39090
6044,Dandaragan,AU,AU,-31.01117,115.37475
6050,Perth,AU,AU,-31.92267,115.86087
6051,Perth,AU,AU,-31.93100,115.89490
6052,Perth,AU,AU,-31.91395,115.88450
6053,Perth,AU,AU,-31.91690,115.91780
6054,Perth,AU,AU,-31.89573,115.94352
6055,Perth,AU,AU,-31.86928,115.97881
6056,Kalamunda,AU,AU,-31.87270,116.03342
6057,Perth,AU,AU,-31.94815,116.01550
6058,Perth,AU,AU,-31.98280,116.00670
6059,Perth,AU,AU,-31.88820,115.87190
6060,Perth,AU,AU,-31.90230,115.84348
6061,Perth,AU,AU,-31.86555,115.84760
6062,Perth,AU,AU,-31.88817,115.90597
6063,Perth,AU,AU,-31.86225,115.94085
6064,Perth,AU,AU,-31.83430,115.85242
6065,Wanneroo,AU,AU,-31.76063,115.84023
6066,Perth,AU,AU,-31.84060,115.89550
6067,Perth,AU,AU,-31.81940,115.90550
6068,Perth,AU,AU,-31.82450,115.94160
6069,Swan,AU,AU,-31.77121,116.01181
6070,Mundaring,AU,AU,-31.91910,116.08120
6071,Kalamunda,AU,AU,-31.90130,116.10365
6072,Mundaring,AU,AU,-31.90560,116.13670
6073,Mundaring,AU,AU,-31.92607,116.16713
6074,Mundaring,AU,AU,-31.90230,116.20070
6076,Mundaring,AU,AU,-31.98857,116.09836
6077,Wanneroo,AU,AU,-31.76555,115.86345
6078,Wanneroo,AU,AU,-31.70235,115.84315
6079,Swan,AU,AU,-31.75795,115.91710
6081,Mundaring,AU,AU,-31.87650,116.15435
6082,Mundaring,AU,AU,-31.80765,116.26025
6083,Mundaring,AU,AU,-31.71165,116.23925
6084,Chittering,AU,AU,-31.58902,116.09636
6090,Perth,AU,AU,-31.85260,115.88100
6100,Perth,AU,AU,-31.96750,115.90517
6101,Perth,AU,AU,-31.98420,115.91100
6102,Perth,AU,AU,-32.00110,115.91728
6103,Perth,AU,AU,-31.95550,115.91310
6104,Perth,AU,AU,-31.94003,115.93150
6105,Perth,AU,AU,-31.95793,115.95077
6106,Perth,AU,AU,-31.99440,115.92220
6107,Perth,AU,AU,-32.01637,115.95380
6108,Perth,AU,AU,-32.06000,115.95500
6109,Perth,AU,AU,-32.03965,115.99450
6110,Gosnells,AU,AU,-32.08657,115.99398
6111,Kalamunda,AU,AU,-32.12282,116.07190
6112,Armadale,AU,AU,-32.15456,115.98822
6121,Serpentine-Jarrahdale,AU,AU,-32.23330,115.92610
6122,Serpentine-Jarrahdale,AU,AU,-32.22418,116.00525
6123,Serpentine-Jarrahdale,AU,AU,-32.29210,115.99900
6124,Serpentine-Jarrahdale,AU,AU,-32.33580,116.05950
6125,Serpentine-Jarrahdale,AU,AU,-32.35847,115.94927
6126,Murray,AU,AU,-32.43330,115.96670
6147,Perth,AU,AU,-32.04337,115.92963
6148,Perth,AU,AU,-32.03473,115.89382
6149,Perth,AU,AU,-32.06570,115.86425
6150,Perth,AU,AU,-32.05920,115.83823
6151,Perth,AU,AU,-31.98310,115.87527
6152,Perth,AU,AU,-32.01104,115.87280
6153,Perth,AU,AU,-32.03172,115.84280
6154,Perth,AU,AU,-32.03757,115.82130
6155,Perth,AU,AU,-32.05523,115.90297
6156,Perth,AU,AU,-32.03910,115.80283
6157,Perth,AU,AU,-32.03640,115.78460
6158,Perth,AU,AU,-32.03820,115.76760
6159,Perth,AU,AU,-32.03330,115.75000
6160,Perth,AU,AU,-32.05630,115.74560
6161,Cockburn,AU,AU,-31.99520,115.54040
6162,Perth,AU,AU,-32.06563,115.76303
6163,Perth,AU,AU,-32.08013,115.79684
6164,Cockburn,AU,AU,-32.13375,115.85210
6165,Kwinana,AU,AU,-32.19775,115.79385
6166,Cockburn,AU,AU,-32.15182,115.79078
6167,Serpentine-Jarrahdale,AU,AU,-32.23037,115.82880
6168,Rockingham,AU,AU,-32.27277,115.73630
6169,Rockingham,AU,AU,-32.31295,115.73875
6170,Kwinana,AU,AU,-32.26720,115.81630
6171,Rockingham,AU,AU,-32.32890,115.83050
6172,Rockingham,AU,AU,-32.37340,115.75150
6173,Rockingham,AU,AU,-32.40590,115.75850
6174,Rockingham,AU,AU,-32.42500,115.76100
6175,Rockingham,AU,AU,-32.44400,115.75720
6176,Rockingham,AU,AU,-32.41890,115.79270
6180,Mandurah,AU,AU,-32.48360,115.77295
6181,Murray,AU,AU,-32.47780,115.79420
6182,Rockingham,AU,AU,-32.42990,115.83140
6207,Murray,AU,AU,-32.52430,115.90180
6208,Murray,AU,AU,-32.63304,115.84222
6209,Murray,AU,AU,-32.55415,115.77000
6210,Mandurah,AU,AU,-32.56242,115.72266
6211,Waroona,AU,AU,-32.70985,115.63952
6213,Boddington,AU,AU,-32.69921,116.09003
6214,Murray,AU,AU,-32.74347,115.83263
6215,Murray,AU,AU,-32.85632,115.85128
6218,Harvey,AU,AU,-32.95370,115.89690
6219,Harvey,AU,AU,-32.98970,115.87990
6220,Harvey,AU,AU,-33.07072,115.86402
6221,Collie,AU,AU,-33.13335,115.90000
6223,Harvey,AU,AU,-33.16670,115.85000
6224,Harvey,AU,AU,-33.22920,115.89235
6225,Boyup Brook,AU,AU,-33.29101,116.42541
6226,Harvey,AU,AU,-33.28330,115.81670
6227,Dardanup,AU,AU,-33.30710,115.81370
6228,Dardanup,AU,AU,-33.23980,116.15390
6229,Bunbury,AU,AU,-33.35040,115.71340
6230,Dardanup,AU,AU,-33.35981,115.65214
6231,Bunbury,AU,AU,-33.32710,115.64140
6232,Dardanup,AU,AU,-33.31140,115.72000
6233,Bunbury,AU,AU,-33.22674,115.72198
6236,Dardanup,AU,AU,-33.43676,115.83710
6237,Capel,AU,AU,-33.45470,115.66308
6239,Donnybrook-Balingup,AU,AU,-33.58679,115.87019
6240,Donnybrook-Balingup,AU,AU,-33.53440,115.97560
6243,Donnybrook-Balingup,AU,AU,-33.68330,116.23330
6244,West Arthur,AU,AU,-33.91510,116.59001
6251,Donnybrook-Balingup,AU,AU,-33.71307,115.88137
6252,Donnybrook-Balingup,AU,AU,-33.73330,115.93330
6253,Donnybrook-Balingup,AU,AU,-33.80000,115.96670
6254,Bridgetown-Greenbushes,AU,AU,-33.83610,116.05560
6255,Boyup Brook,AU,AU,-33.89373,116.16581
6256,Bridgetown-Greenbushes,AU,AU,-34.01543,116.09988
6258,Nannup,AU,AU,-34.27850,116.19488
6260,Nannup,AU,AU,-34.42911,115.91394
6262,Manjimup,AU,AU,-34.66200,116.10532
6271,Capel,AU,AU,-33.54260,115.53462
6275,Augusta Margaret River,AU,AU,-34.01402,115.69107
6280,Capel,AU,AU,-33.69669,115.30981
6281,Busselton,AU,AU,-33.60352,115.09252
6282,Busselton,AU,AU,-33.69150,115.09885
6284,Augusta Margaret River,AU,AU,-33.84380,115.09570
6285,Nannup,AU,AU,-33.95739,115.09904
6286,Augusta Margaret River,AU,AU,-34.05000,115.09168
6288,Augusta Margaret River,AU,AU,-34.18416,115.18981
6290,Augusta Margaret River,AU,AU,-34.30632,115.15498
6302,Beverley,AU,AU,-31.90073,116.79370
6304,Beverley,AU,AU,-32.16747,116.92701
6306,Beverley,AU,AU,-32.36640,117.16550
6308,Wandering,AU,AU,-32.67111,116.82219
6309,Cuballing,AU,AU,-32.64980,117.19688
6311,Cuballing,AU,AU,-32.79396,117.13011
6312,Wickepin,AU,AU,-32.95129,117.29709
6313,Narrogin,AU,AU,-33.06670,117.25000
6315,Wickepin,AU,AU,-33.24922,117.41518
6316,Woodanilling,AU,AU,-33.50820,117.44590
6317,Dumbleyung,AU,AU,-33.65770,117.64841
6318,Broomehill-Tambellup,AU,AU,-33.84623,117.64010
6320,Broomehill-Tambellup,AU,AU,-34.08086,117.64903
6321,Cranbrook,AU,AU,-34.29760,117.55180
6322,Cranbrook,AU,AU,-34.36200,117.55490
6323,Plantagenet,AU,AU,-34.48210,117.62530
6324,Denmark,AU,AU,-34.61629,117.81710
6326,Plantagenet,AU,AU,-34.77230,117.70420
6327,Albany,AU,AU,-34.86670,117.68330
6328,Gnowangerup,AU,AU,-34.61601,118.45051
6330,Albany,AU,AU,-35.00552,117.83632
6331,Albany,AU,AU,-34.76090,117.90750
6332,Albany,AU,AU,-35.02690,117.88370
6333,Denmark,AU,AU,-34.97011,117.09223
6335,Gnowangerup,AU,AU,-33.94420,118.05082
6336,Jerramungup,AU,AU,-33.97107,118.57768
6337,Ravensthorpe,AU,AU,-33.94052,119.34500
6338,Cranbrook,AU,AU,-34.22621,118.51122
6341,Kent,AU,AU,-33.54130,118.14600
6343,Kent,AU,AU,-33.53780,118.51220
6346,Jerramungup,AU,AU,-33.77235,119.88620
6348,Ravensthorpe,AU,AU,-33.95060,120.12640
6350,Dumbleyung,AU,AU,-33.32308,117.76635
6351,Dumbleyung,AU,AU,-33.17610,117.91890
6352,Dumbleyung,AU,AU,-33.17020,118.12107
6353,Dumbleyung,AU,AU,-33.01791,118.50726
6355,Kulin,AU,AU,-32.94081,119.23697
6356,Lake Grace,AU,AU,-33.17630,119.72940
6357,Kulin,AU,AU,-32.75460,118.62780
6358,Kondinin,AU,AU,-32.49710,118.70980
6359,Kulin,AU,AU,-32.55477,119.00980
6361,Wickepin,AU,AU,-32.95625,117.81740
6363,Kulin,AU,AU,-32.87235,118.07570
6365,Kulin,AU,AU,-32.70680,118.16533
6367,Kondinin,AU,AU,-32.44840,118.28040
6368,Narembeen,AU,AU,-32.20000,118.33330
6369,Narembeen,AU,AU,-32.04720,118.55520
6370,Wickepin,AU,AU,-32.76047,117.63327
6372,Wickepin,AU,AU,-32.59210,117.62730
6373,Corrigin,AU,AU,-32.49640,117.74530
6375,Corrigin,AU,AU,-32.30710,117.91460
6383,Quairading,AU,AU,-32.00628,117.36512
6384,Quairading,AU,AU,-31.95250,117.65720
6385,Bruce Rock,AU,AU,-31.92950,117.75010
6386,Bruce Rock,AU,AU,-31.93250,117.83130
6390,Murray,AU,AU,-32.73149,116.44389
6391,Boddington,AU,AU,-32.79440,116.50711
6392,Williams,AU,AU,-33.35012,116.82606
6393,West Arthur,AU,AU,-33.55330,116.71998
6394,Woodanilling,AU,AU,-33.76628,116.94370
6395,Kojonup,AU,AU,-33.95968,117.12907
6396,Cranbrook,AU,AU,-34.36670,117.06670
6397,Plantagenet,AU,AU,-34.51050,117.01060
6398,Denmark,AU,AU,-34.84970,116.69570
6401,Goomalling,AU,AU,-31.61101,116.67722
6403,Northam,AU,AU,-31.63730,116.79760
6405,Cunderdin,AU,AU,-31.62940,116.98262
6407,Cunderdin,AU,AU,-31.60343,117.30148
6409,Tammin,AU,AU,-31.56908,117.52770
6410,Kellerberrin,AU,AU,-31.63058,117.69406
6411,Kellerberrin,AU,AU,-31.60920,117.87220
6412,Kellerberrin,AU,AU,-31.43670,117.96780
6413,Merredin,AU,AU,-31.53420,118.07480
6414,Merredin,AU,AU,-31.53330,118.16670
6415,Merredin,AU,AU,-31.50278,118.33823
6418,Bruce Rock,AU,AU,-31.90405,118.06630
6419,Bruce Rock,AU,AU,-32.03250,118.09520
6420,Merredin,AU,AU,-31.78140,118.56100
6421,Westonia,AU,AU,-31.25240,118.42315
6422,Westonia,AU,AU,-31.38330,118.56670
6423,Westonia,AU,AU,-31.17607,118.72478
6424,Yilgarn,AU,AU,-31.24763,118.90000
6425,Yilgarn,AU,AU,-31.32080,119.12670
6426,Yilgarn,AU,AU,-31.48291,119.43831
6427,Yilgarn,AU,AU,-30.82120,119.52140
6428,Bruce Rock,AU,AU,-32.12640,118.02410
6429,Coolgardie,AU,AU,-30.99601,120.85939
6430,Kalgoorlie-Boulder,AU,AU,-30.74971,121.46121
6431,Kalgoorlie-Boulder,AU,AU,-30.51669,121.57650
6432,Kalgoorlie-Boulder,AU,AU,-30.77530,121.47905
6433,Coolgardie,AU,AU,-30.73260,121.46450
6434,Dundas,AU,AU,-30.98702,125.05482
6435,Leonora,AU,AU,-28.01190,120.51860
6436,Menzies,AU,AU,-29.69390,121.02850
6437,Leonora,AU,AU,-27.92030,120.69670
6438,Leonora,AU,AU,-28.88510,121.33070
6440,Menzies,AU,AU,-28.46401,122.64581
6442,Coolgardie,AU,AU,-31.20297,121.65717
6443,Esperance,AU,AU,-32.05643,124.44782
6445,Esperance,AU,AU,-32.98330,121.63330
6446,Esperance,AU,AU,-33.23170,121.72220
6447,Esperance,AU,AU,-33.41378,121.76487
6448,Esperance,AU,AU,-33.64420,121.81570
6450,Ravensthorpe,AU,AU,-33.78733,121.91144
6452,Esperance,AU,AU,-33.78730,121.91140
6460,Goomalling,AU,AU,-31.28742,116.80890
6461,Dowerin,AU,AU,-31.14685,117.03645
6462,Dowerin,AU,AU,-31.21483,117.09620
6463,Wyalkatchem,AU,AU,-31.13890,117.28850
6465,Dowerin,AU,AU,-30.84860,117.09770
6466,Wongan-Ballidu,AU,AU,-30.76940,117.13280
6467,Wongan-Ballidu,AU,AU,-30.52460,117.17690
6468,Mount Marshall,AU,AU,-30.25010,117.16520
6470,Koorda,AU,AU,-30.48540,117.27750
6472,Mount Marshall,AU,AU,-30.22030,117.75393
6473,Mount Marshall,AU,AU,-30.47800,118.12000
6475,Koorda,AU,AU,-30.73807,117.45236
6476,Mount Marshall,AU,AU,-30.80110,117.67880
6477,Mount Marshall,AU,AU,-30.82230,117.92500
6479,Westonia,AU,AU,-30.76220,118.27858
6480,Merredin,AU,AU,-31.28330,118.20000
6484,Yilgarn,AU,AU,-30.98420,119.10850
6485,Wyalkatchem,AU,AU,-31.12558,117.45952
6487,Trayning,AU,AU,-31.16610,117.66467
6488,Trayning,AU,AU,-31.12837,117.79040
6489,Trayning,AU,AU,-31.16670,117.91833
6490,Nungarin,AU,AU,-31.19893,118.10620
6501,Chittering,AU,AU,-31.58210,115.97160
6502,Toodyay,AU,AU,-31.38660,116.09660
6503,Gingin,AU,AU,-31.29998,115.86909
6504,Chittering,AU,AU,-31.33030,116.02120
6505,Chittering,AU,AU,-31.15970,116.05600
6506,Victoria Plains,AU,AU,-31.04030,116.04250
6507,Dandaragan,AU,AU,-30.79048,115.64958
6509,Victoria Plains,AU,AU,-30.97373,116.23163
6510,Victoria Plains,AU,AU,-30.72578,116.08145
6511,Dandaragan,AU,AU,-30.49610,115.06720
6512,Moora,AU,AU,-30.42180,116.04265
6513,Coorow,AU,AU,-30.21710,116.11820
6514,Coorow,AU,AU,-30.00855,114.97505
6515,Coorow,AU,AU,-29.99265,115.94633
6516,Dandaragan,AU,AU,-30.30590,115.03830
6517,Carnamah,AU,AU,-29.73120,115.90660
6518,Coorow,AU,AU,-29.93885,115.29895
6519,Three Springs,AU,AU,-29.50622,115.65643
6521,Dandaragan,AU,AU,-30.38502,115.66048
6522,Mingenew,AU,AU,-29.16432,115.53593
6525,Irwin,AU,AU,-29.27592,115.01944
6528,Greater Geraldton,AU,AU,-28.97620,114.85680
6530,Chapman Valley,AU,AU,-28.75609,114.58997
6531,Chapman Valley,AU,AU,-28.77900,114.61460
6532,Shark Bay,AU,AU,-28.79051,114.81418
6535,Northampton,AU,AU,-28.30837,114.51946
6536,Northampton,AU,AU,-27.71050,114.16500
6537,Nanga,AU,AU,-25.85971,113.62380
6556,York,AU,AU,-31.86180,116.30832
6558,Mundaring,AU,AU,-31.80380,116.31310
6560,Northam,AU,AU,-31.76160,116.37990
6562,Northam,AU,AU,-31.80700,116.47750
6564,Northam,AU,AU,-31.73330,116.53330
6566,Toodyay,AU,AU,-31.42513,116.46200
6567,Toodyay,AU,AU,-31.47317,116.25447
6568,Toodyay,AU,AU,-31.26290,116.50080
6569,Victoria Plains,AU,AU,-31.06407,116.40623
6571,Victoria Plains,AU,AU,-30.92250,116.39100
6572,Victoria Plains,AU,AU,-30.84100,116.38840
6574,Moora,AU,AU,-30.67830,116.37385
6575,Moora,AU,AU,-30.48970,116.36240
6603,Goomalling,AU,AU,-30.95868,116.72810
6605,Wongan-Ballidu,AU,AU,-30.71090,116.77320
6606,Wongan-Ballidu,AU,AU,-30.64088,116.83513
6608,Dalwallinu,AU,AU,-30.39190,116.66880
6609,Moora,AU,AU,-30.17257,116.78567
6612,Yalgoo,AU,AU,-29.68287,117.16127
6613,Dalwallinu,AU,AU,-29.98700,116.57130
6614,Perenjori,AU,AU,-29.88490,116.50440
6616,Perenjori,AU,AU,-29.75870,116.44570
6620,Perenjori,AU,AU,-29.45747,116.51177
6623,Perenjori,AU,AU,-29.26005,116.09188
6625,Morawa,AU,AU,-29.18330,115.82730
6627,Morawa,AU,AU,-28.90020,115.86210
6628,Greater Geraldton,AU,AU,-28.79370,115.74780
6630,Murchison,AU,AU,-28.30331,115.52551
6631,Greater Geraldton,AU,AU,-28.48040,115.79300
6632,Greater Geraldton,AU,AU,-28.65715,115.23205
6635,Murchison,AU,AU,-28.34360,116.68250
6638,Mount Magnet,AU,AU,-28.06480,117.84900
6639,Sandstone,AU,AU,-27.98680,119.29730
6640,Murchison,AU,AU,-27.38464,118.04900
6642,Meekatharra,AU,AU,-26.11638,118.60918
6646,Wiluna,AU,AU,-26.59210,120.22400
6701,Shark Bay,AU,AU,-24.53120,113.69979
6705,Ashburton,AU,AU,-25.04990,115.20910
6707,Ashburton,AU,AU,-22.03566,114.07790
6710,Ashburton,AU,AU,-21.63760,115.11220
6711,Exmouth,AU,AU,-20.85000,116.76380
6712,Ashburton,AU,AU,-20.85000,116.76380
6713,Dampier Archipelago,AU,AU,-20.66270,116.71260
6714,Karratha,AU,AU,-20.73181,116.82683
6716,Ashburton,AU,AU,-21.63920,116.32220
6718,Karratha,AU,AU,-20.80545,117.48895
6720,Cossack,AU,AU,-20.66787,117.17683
6721,Karratha,AU,AU,-20.53511,118.72260
6722,Port Hedland,AU,AU,-20.38348,118.58792
6723,Port Hedland,AU,AU,-20.35000,119.53330
6725,Derby-West Kimberley,AU,AU,-18.07162,122.20965
6726,Broome,AU,AU,-17.96100,122.21270
6728,Broome,AU,AU,-17.74911,124.41400
6731,Derby-West Kimberley,AU,AU,-20.79050,118.81320
6733,Derby-West Kimberley,AU,AU,-20.79050,118.81320
6740,Derby-West Kimberley,AU,AU,-16.37940,126.49930
6743,Derby-West Kimberley,AU,AU,-16.37940,126.49930
6751,Upper Gascoyne,AU,AU,-22.46719,118.06430
6753,East Pilbara,AU,AU,-23.35640,119.73550
6754,Ashburton,AU,AU,-23.20420,117.66970
6758,East Pilbara,AU,AU,-21.88970,120.11140
6760,Port Hedland,AU,AU,-21.17070,119.74440
6761,Port Hedland,AU,AU,-19.48630,123.93790
6762,East Pilbara,AU,AU,-21.21170,123.26170
6765,Halls Creek,AU,AU,-18.34967,125.56113
6770,Wyndham-East Kimberley,AU,AU,-19.27169,127.41911
6798,Christmas Island,AU,AU,-20.79050,118.81320
6799,West Island Cocos (Keeling) Islands,AU,AU,-20.79050,118.81320
6800,Perth,AU,AU,-31.95220,115.86140
6803,Perth,AU,AU,-31.94780,115.85880
6809,Perth,AU,AU,-31.95220,115.86140
6817,Perth,AU,AU,-31.95220,115.86140
6820,Perth,AU,AU,-31.95220,115.86140
6827,Perth,AU,AU,-31.95220,115.86140
6830,Perth,AU,AU,-31.95220,115.86140
6831,Perth,AU,AU,-31.95220,115.86140
6832,Perth,AU,AU,-31.95220,115.86140
6837,Perth,AU,AU,-31.95220,115.86140
6838,Perth,AU,AU,-31.95220,115.86140
6839,Perth,AU,AU,-31.95220,115.86140
6840,Perth,AU,AU,-31.95220,115.86140
6841,Perth,AU,AU,-31.95220,115.86140
6842,Perth,AU,AU,-31.95220,115.86140
6843,Perth,AU,AU,-31.95220,115.86140
6844,Perth,AU,AU,-31.95220,115.86140
6845,Perth,AU,AU,-31.95220,115.86140
6846,Perth,AU,AU,-31.95220,115.86140
6847,Perth,AU,AU,-31.95220,115.86140
6848,Perth,AU,AU,-31.95220,115.86140
6849,Perth,AU,AU,-31.95220,115.86140
6850,Perth,AU,AU,-31.95200,115.86070
6865,Perth,AU,AU,-31.94780,115.85880
6872,Perth,AU,AU,-31.94900,115.84200
6892,Perth,AU,AU,-31.95870,115.87110
6900,Perth,AU,AU,-31.93630,115.84190
6901,Perth,AU,AU,-31.94140,115.83120
6902,Perth,AU,AU,-31.93630,115.84190
6903,Perth,AU,AU,-31.93630,115.84190
6904,Perth,AU,AU,-31.94850,115.82680
6905,Perth,AU,AU,-31.94870,115.83140
6906,Perth,AU,AU,-31.92720,115.85280
6907,Perth,AU,AU,-31.98180,115.80730
6909,Perth,AU,AU,-31.98180,115.80730
6910,Perth,AU,AU,-31.97960,115.78230
6911,Perth,AU,AU,-31.99430,115.75820
6912,Perth,AU,AU,-32.00540,115.76380
6913,Perth,AU,AU,-31.93310,115.81780
6914,Perth,AU,AU,-31.87500,115.82840
6915,Perth,AU,AU,-31.92000,115.83510
6916,Perth,AU,AU,-31.90070,115.81080
6917,Perth,AU,AU,-31.90070,115.81080
6918,Perth,AU,AU,-31.89270,115.79510
6919,Perth,AU,AU,-31.93350,115.80030
6920,Perth,AU,AU,-31.86300,115.75620
6921,Perth,AU,AU,-31.87230,115.77680
6922,Perth,AU,AU,-31.89580,115.76430
6923,Joondalup,AU,AU,-31.80700,115.74050
6924,Perth,AU,AU,-31.82720,115.80250
6925,Perth,AU,AU,-31.88190,115.82430
6926,Belmont,AU,AU,-31.97370,116.05840
6929,Perth,AU,AU,-31.93440,115.87160
6931,Perth,AU,AU,-31.93100,115.89490
6932,Perth,AU,AU,-31.91660,115.87980
6933,Perth,AU,AU,-31.91690,115.91780
6934,Perth,AU,AU,-31.90910,115.94370
6935,Perth,AU,AU,-31.90000,115.96670
6936,Perth,AU,AU,-31.90850,115.88850
6937,Perth,AU,AU,-31.89810,115.83490
6938,Perth,AU,AU,-31.89810,115.83490
6939,Perth,AU,AU,-31.89810,115.83490
6940,Perth,AU,AU,-31.89810,115.83490
6941,Perth,AU,AU,-31.85960,115.86590
6942,Perth,AU,AU,-31.84960,115.85840
6943,Perth,AU,AU,-31.88770,115.90990
6944,Perth,AU,AU,-31.85260,115.88100
6945,Perth,AU,AU,-31.84960,115.85840
6946,Wanneroo,AU,AU,-31.75000,115.80000
6947,Perth,AU,AU,-31.84960,115.85840
6951,Perth,AU,AU,-31.98330,115.86670
6952,Perth,AU,AU,-31.99120,115.86340
6953,Perth,AU,AU,-32.01670,115.83330
6954,Perth,AU,AU,-32.03950,115.83370
6955,Perth,AU,AU,-32.05250,115.88780
6956,Perth,AU,AU,-32.04040,115.80120
6957,Perth,AU,AU,-32.04500,115.78590
6958,Perth,AU,AU,-32.02810,115.82720
6959,Perth,AU,AU,-32.05630,115.74560
6960,Perth,AU,AU,-32.04000,115.81760
6961,East Fremantle,AU,AU,-32.15490,115.79160
6963,Fremantle,AU,AU,-32.08450,115.77950
6964,South Perth,AU,AU,-32.14280,115.85000
6965,Cockburn,AU,AU,-32.15490,115.79160
6966,Cockburn,AU,AU,-32.23010,115.78130
6967,Rockingham,AU,AU,-32.15490,115.79160
6968,Cockburn,AU,AU,-32.27680,115.72980
6969,Kwinana,AU,AU,-32.15490,115.79160
6970,Perth,AU,AU,-31.97620,115.90520
6979,Perth,AU,AU,-31.97620,115.90520
6980,Perth,AU,AU,-32.01630,115.93650
6981,Perth,AU,AU,-31.98890,115.90390
6982,Perth,AU,AU,-32.00220,115.92470
6983,Perth,AU,AU,-32.00500,115.93870
6984,Perth,AU,AU,-31.94350,115.92550
6985,Perth,AU,AU,-31.96280,115.94430
6986,Perth,AU,AU,-32.00500,115.93870
6987,Perth,AU,AU,-32.01630,115.93650
6988,Perth,AU,AU,-32.06000,115.95500
6989,Perth,AU,AU,-32.05000,115.98330
6990,Gosnells,AU,AU,-32.08100,116.00540
6991,Armadale,AU,AU,-32.12430,116.02590
6992,Victoria Park,AU,AU,-32.14610,116.00930
6997,Armadale,AU,AU,-32.11710,116.01350
7000,Hobart,AU,AU,-42.87386,147.31859
7001,Hobart,AU,AU,-42.87940,147.32940
7002,Hobart,AU,AU,-42.87410,147.31600
7004,Hobart,AU,AU,-42.89225,147.32120
7005,Hobart,AU,AU,-42.89997,147.32010
7006,Hobart,AU,AU,-42.89450,147.32440
7007,Hobart,AU,AU,-42.91735,147.31390
7008,Hobart,AU,AU,-42.86000,147.30137
7009,Hobart,AU,AU,-42.84150,147.29762
7010,Hobart,AU,AU,-42.82648,147.27420
7011,Hobart,AU,AU,-42.79395,147.24870
7012,Hobart,AU,AU,-42.82920,147.19805
7015,Hobart,AU,AU,-42.83900,147.35410
7016,Hobart,AU,AU,-42.81240,147.35650
7017,Hobart,AU,AU,-42.76280,147.31003
7018,Hobart,AU,AU,-42.87555,147.38202
7019,Hobart,AU,AU,-42.89680,147.44960
7020,Clarence,AU,AU,-42.95930,147.51055
7021,Hobart,AU,AU,-42.91360,147.48750
7022,Clarence,AU,AU,-43.02610,147.42200
7023,Hobart,AU,AU,-42.99540,147.40380
7024,Clarence,AU,AU,-42.95780,147.53150
7025,Hobart,AU,AU,-42.76190,147.41985
7026,Clarence,AU,AU,-42.66480,147.42320
7027,Southern Midlands,AU,AU,-42.53330,147.36670
7030,Northern Midlands,AU,AU,-42.39616,147.07132
7050,Hobart,AU,AU,-42.97830,147.31147
7051,Hobart,AU,AU,-42.97640,147.30350
7052,Hobart,AU,AU,-43.00310,147.31690
7053,Hobart,AU,AU,-42.95660,147.34015
7054,Hobart,AU,AU,-43.01697,147.26333
7055,Hobart,AU,AU,-43.00160,147.29570
7109,Derwent Valley,AU,AU,-43.19094,147.00127
7112,Kingborough,AU,AU,-43.22225,147.12917
7113,Huon Valley,AU,AU,-43.08880,147.00910
7116,Central Highlands (Tas.),AU,AU,-43.19181,146.98250
7117,Huon Valley,AU,AU,-43.31420,147.01490
7119,Southern Midlands,AU,AU,-42.40000,147.38330
7120,Northern Midlands,AU,AU,-42.35182,147.47234
7139,Derwent Valley,AU,AU,-42.76650,146.05210
7140,West Coast,AU,AU,-42.58174,146.79634
7150,Huon Valley,AU,AU,-43.16994,147.25969
7151,Meander Valley,AU,AU,-42.71190,146.91310
7155,Kingborough,AU,AU,-43.12620,147.24640
7162,Kingborough,AU,AU,-43.16970,147.23145
7163,Huon Valley,AU,AU,-43.21750,147.25125
7170,Hobart,AU,AU,-42.86440,147.47656
7171,Sorell,AU,AU,-42.77960,147.54275
7172,Glamorgan-Spring Bay,AU,AU,-42.74642,147.61964
7173,Sorell,AU,AU,-42.85376,147.65939
7174,Sorell,AU,AU,-42.81670,147.80000
7175,Sorell,AU,AU,-42.81330,147.83420
7176,Sorell,AU,AU,-42.77850,147.81530
7177,Tasman,AU,AU,-42.88650,147.81080
7178,Tasman,AU,AU,-42.94730,147.87050
7179,Tasman,AU,AU,-43.01060,147.88880
7180,Tasman,AU,AU,-43.06290,147.86300
7182,Tasman,AU,AU,-43.14580,147.84370
7183,Tasman,AU,AU,-43.15330,147.77530
7184,Tasman,AU,AU,-43.13660,147.74810
7185,Tasman,AU,AU,-43.05460,147.77080
7186,Tasman,AU,AU,-43.01220,147.69305
7187,Tasman,AU,AU,-43.07960,147.81760
7190,Southern Midlands,AU,AU,-42.35490,147.94571
7209,Glamorgan-Spring Bay,AU,AU,-42.03080,147.49270
7210,Glamorgan-Spring Bay,AU,AU,-41.96960,147.64465
7211,Northern Midlands,AU,AU,-41.79373,147.41530
7212,Break O'Day,AU,AU,-41.53637,147.38900
7213,Glamorgan-Spring Bay,AU,AU,-41.76138,147.78758
7214,Dorset,AU,AU,-41.53840,147.86763
7215,Northern Midlands,AU,AU,-41.64767,148.24189
7216,Break O'Day,AU,AU,-41.25052,148.18516
7248,Launceston,AU,AU,-41.39819,147.13362
7249,Northern Midlands,AU,AU,-41.46660,147.16073
7250,Meander Valley,AU,AU,-41.45247,147.13308
7252,Launceston,AU,AU,-41.16171,147.04713
7253,George Town,AU,AU,-41.10520,146.83452
7254,Dorset,AU,AU,-41.13817,147.21623
7255,Flinders (Tas.),AU,AU,-40.02464,147.99519
7256,Grassy,AU,AU,-39.88702,143.99730
7257,Flinders (Tas.),AU,AU,-40.37340,148.02700
7258,Northern Midlands,AU,AU,-41.51617,147.22540
7259,Dorset,AU,AU,-41.33670,147.35690
7260,Launceston,AU,AU,-41.16903,147.50406
7261,Dorset,AU,AU,-41.13330,147.74950
7262,Dorset,AU,AU,-40.93167,147.60037
7263,Dorset,AU,AU,-41.27128,147.72968
7264,Break O'Day,AU,AU,-41.04770,148.01140
7265,Dorset,AU,AU,-41.09750,147.82380
7267,George Town,AU,AU,-41.23886,147.14330
7268,Dorset,AU,AU,-41.25467,147.22387
7270,Latrobe (Tas.),AU,AU,-41.16261,146.81506
7275,Meander Valley,AU,AU,-41.29526,146.90327
7276,West Tamar,AU,AU,-41.28630,146.97520
7277,Meander Valley,AU,AU,-41.35635,147.00775
7290,Meander Valley,AU,AU,-41.50060,147.07360
7291,Meander Valley,AU,AU,-41.53240,147.01030
7292,West Tamar,AU,AU,-41.46954,146.92680
7300,Northern Midlands,AU,AU,-41.59605,147.20380
7301,Meander Valley,AU,AU,-41.64376,146.98578
7302,Meander Valley,AU,AU,-41.71043,146.99237
7303,West Tamar,AU,AU,-41.54583,146.84377
7304,West Tamar,AU,AU,-41.58328,146.57088
7305,Latrobe (Tas.),AU,AU,-41.36400,146.43570
7306,Waratah-Wynyard,AU,AU,-41.43502,146.25556
7307,Meander Valley,AU,AU,-41.20242,146.51552
7310,Latrobe (Tas.),AU,AU,-41.25658,146.28565
7315,Kentish,AU,AU,-41.27330,146.11916
7316,Burnie,AU,AU,-41.15802,145.99962
7320,Burnie,AU,AU,-41.17228,145.98715
7321,Kentish,AU,AU,-41.10972,145.60929
7322,Waratah-Wynyard,AU,AU,-41.04060,145.83050
7325,Burnie,AU,AU,-41.06660,145.63674
7330,Circular Head,AU,AU,-40.89297,145.02037
7331,Circular Head,AU,AU,-40.76060,145.29550
7466,West Coast,AU,AU,-42.07490,145.59680
7467,West Coast,AU,AU,-42.08050,145.55650
7468,West Coast,AU,AU,-42.15190,145.32730
7469,West Coast,AU,AU,-41.85375,145.24535
7470,West Coast,AU,AU,-41.77940,145.53830
8001,Melbourne,AU,AU,-37.81400,144.96330
8002,Melbourne,AU,AU,-37.81670,144.98790
8003,Melbourne,AU,AU,-37.81530,144.97560
8004,Melbourne,AU,AU,-37.81530,144.97560
8005,Melbourne,AU,AU,-37.81530,144.97560
8006,Melbourne,AU,AU,-37.81530,144.97560
8007,Melbourne,AU,AU,-37.81530,144.97560
8008,Melbourne,AU,AU,-37.81530,144.97560
8009,Melbourne,AU,AU,-37.81530,144.97560
8010,Melbourne,AU,AU,-37.81490,144.95050
8011,Melbourne,AU,AU,-37.81490,144.95050
8012,Melbourne,AU,AU,-37.81490,144.95050
8045,Melbourne,AU,AU,-37.81400,144.96330
8051,Melbourne,AU,AU,-37.81400,144.96330
8066,Melbourne,AU,AU,-37.81400,144.96330
8069,Melbourne,AU,AU,-37.81400,144.96330
8070,Melbourne,AU,AU,-37.81400,144.96330
8071,Melbourne,AU,AU,-37.81400,144.96330
8102,Melbourne,AU,AU,-37.81400,144.96330
8107,Melbourne,AU,AU,-37.81400,144.96330
8111,Melbourne,AU,AU,-37.81400,144.96330
8120,Melbourne,AU,AU,-37.81400,144.96330
8205,Melbourne,AU,AU,-37.81400,144.96330
8383,Melbourne,AU,AU,-37.81400,144.96330
8438,Melbourne,AU,AU,-37.79120,144.81640
8511,Melbourne,AU,AU,-37.79120,144.81640
8785,Greater Dandenong,AU,AU,-37.98330,145.20000
9000,Brisbane,AU,AU,-27.46790,153.02810
9001,Brisbane,AU,AU,-27.46790,153.02810
9002,Brisbane,AU,AU,-27.46790,153.02810
9005,Brisbane,AU,AU,-27.46790,153.02810
9007,Brisbane,AU,AU,-27.46790,153.02810
9009,Brisbane,AU,AU,-27.46790,153.02810
9010,Brisbane,AU,AU,-27.46790,153.02810
9013,Brisbane,AU,AU,-27.46790,153.02810
9015,Brisbane,AU,AU,-27.46790,153.02810
0110,Woodhill,NZ,NZ,-35.73170,174.31040
0112,Whau Valley,NZ,NZ,-35.69820,174.30020
0114,Waro,NZ,NZ,-35.58330,174.30000
0116,Ruakaka,NZ,NZ,-35.88330,174.40000
0140,Riverside,NZ,NZ,-35.72340,174.32580
0141,Otangarei,NZ,NZ,-35.68820,174.31020
0142,Sherwood Rise,NZ,NZ,-35.74870,174.35980
0143,Morningside,NZ,NZ,-35.73480,174.31990
0144,Tikipunga,NZ,NZ,-35.68820,174.32020
0145,Kensington,NZ,NZ,-35.71030,174.31350
0146,Maungakaramea,NZ,NZ,-35.85000,174.21670
0147,Woodhill,NZ,NZ,-35.73170,174.31040
0148,Woodhill,NZ,NZ,-35.73170,174.31040
0149,Riverside,NZ,NZ,-35.72340,174.32580
0150,Hikurangi,NZ,NZ,-35.60000,174.30000
0151,Ruakaka,NZ,NZ,-35.88330,174.40000
0152,Maungatapere,NZ,NZ,-35.75000,174.20000
0153,Tutukaka,NZ,NZ,-35.60000,174.53330
0154,Ngunguru,NZ,NZ,-35.61670,174.50000
0170,Puwera,NZ,NZ,-35.78330,174.28330
0171,Mata,NZ,NZ,-35.85000,174.36670
0172,Parakao,NZ,NZ,-35.71670,173.95000
0173,Kiripaka,NZ,NZ,-35.63330,174.43330
0174,Whangarei Heads,NZ,NZ,-35.81670,174.50000
0175,Tahere,NZ,NZ,-35.68330,174.43330
0176,Moengawahine,NZ,NZ,-35.63330,174.05000
0178,Maungakaramea,NZ,NZ,-35.85000,174.21670
0179,Maungatapere,NZ,NZ,-35.75000,174.20000
0181,Marua,NZ,NZ,-35.56670,174.36670
0182,Hukerenui,NZ,NZ,-35.51670,174.18330
0184,Whangaruru North,NZ,NZ,-35.35000,174.35000
0185,Ruatangata East,NZ,NZ,-35.65000,174.23330
0192,Rukuwai,NZ,NZ,-35.75000,174.46670
0193,Waiotira,NZ,NZ,-35.93330,174.20000
0200,Opua,NZ,NZ,-35.31670,174.11670
0202,Russell,NZ,NZ,-35.26150,174.12260
0210,Kawakawa,NZ,NZ,-35.38330,174.06670
0211,Moerewa,NZ,NZ,-35.38330,174.03330
0230,Kerikeri,NZ,NZ,-35.22680,173.94740
0241,Opua,NZ,NZ,-35.31670,174.11670
0242,Russell,NZ,NZ,-35.26150,174.12260
0243,Kawakawa,NZ,NZ,-35.38330,174.06670
0244,Moerewa,NZ,NZ,-35.38330,174.03330
0245,Kerikeri,NZ,NZ,-35.22680,173.94740
0246,Waipapa,NZ,NZ,-35.20000,173.91670
0247,Paihia,NZ,NZ,-35.28070,174.09100
0271,Haruru,NZ,NZ,-35.28070,174.05430
0272,Manawaora,NZ,NZ,-35.28330,174.20000
0281,Pokere,NZ,NZ,-35.48330,173.98330
0282,Karetu,NZ,NZ,-35.36670,174.15000
0283,Waihaha,NZ,NZ,-35.33330,174.23330
0293,Puketona,NZ,NZ,-35.30000,173.96670
0294,Purerua,NZ,NZ,-35.15000,174.03330
0295,Waipapa,NZ,NZ,-35.20000,173.91670
0310,Dargaville,NZ,NZ,-35.93330,173.88330
0340,Dargaville,NZ,NZ,-35.93330,173.88330
0341,Te Kopura,NZ,NZ,-36.03330,173.93330
0370,Arapohue,NZ,NZ,-35.98330,173.96670
0371,Redhill,NZ,NZ,-36.03330,173.85000
0372,Kairara,NZ,NZ,-35.80000,173.81670
0373,Mamaranui,NZ,NZ,-35.83330,173.75000
0374,Arapohue,NZ,NZ,-35.98330,173.96670
0376,Tutamoe,NZ,NZ,-35.65000,173.65000
0377,Baylys Beach,NZ,NZ,-35.95230,173.74700
0379,Whatoro,NZ,NZ,-35.75000,173.68330
0381,Kirikopuni,NZ,NZ,-35.81670,174.01670
0391,Tangaihe,NZ,NZ,-36.16670,174.01670
0405,Kaikohe,NZ,NZ,-35.39820,173.80020
0410,Kaitaia,NZ,NZ,-35.11490,173.26370
0420,Taipa,NZ,NZ,-34.99600,173.46660
0440,Kaikohe,NZ,NZ,-35.39820,173.80020
0441,Kaitaia,NZ,NZ,-35.11490,173.26370
0442,Mangonui,NZ,NZ,-34.99050,173.53170
0443,Rawene,NZ,NZ,-35.40220,173.50320
0444,Omapere,NZ,NZ,-35.53330,173.38330
0445,Opononi,NZ,NZ,-35.50000,173.40000
0446,Waimamaku,NZ,NZ,-35.55630,173.47820
0447,Okaihau,NZ,NZ,-35.31670,173.78330
0448,Kaeo,NZ,NZ,-35.10000,173.78330
0449,Ahipara,NZ,NZ,-35.16670,173.16670
0451,Awanui,NZ,NZ,-35.05000,173.25000
0453,Kohukohu,NZ,NZ,-35.35000,173.53330
0460,Pukenui,NZ,NZ,-34.81670,173.11670
0462,Broadwood,NZ,NZ,-35.26670,173.38330
0472,Pakaraka,NZ,NZ,-35.35000,173.95000
0473,Waima,NZ,NZ,-35.48330,173.58330
0474,Tautoro,NZ,NZ,-35.46670,173.83330
0475,Marangai,NZ,NZ,-35.33330,173.71670
0476,Umawera,NZ,NZ,-35.28330,173.58330
0478,Kaeo,NZ,NZ,-35.10000,173.78330
0479,Saies,NZ,NZ,-35.05000,173.70000
0481,Manukau,NZ,NZ,-35.23330,173.21670
0482,Kaiaka,NZ,NZ,-35.10000,173.41670
0483,Lake Ohia,NZ,NZ,-34.98330,173.36670
0484,Te Kao,NZ,NZ,-34.65000,172.95000
0486,Waiharera,NZ,NZ,-34.93330,173.21670
0491,Broadwood,NZ,NZ,-35.26670,173.38330
0492,Panguru,NZ,NZ,-35.38330,173.38330
0494,Paraoanui,NZ,NZ,-35.05000,173.61670
0496,Pawarenga,NZ,NZ,-35.35000,173.25000
0505,Mangawhai Heads,NZ,NZ,-36.08820,174.57020
0510,Waipu,NZ,NZ,-35.98330,174.45000
0520,Rowsells,NZ,NZ,-36.10000,174.35000
0530,Ruawai,NZ,NZ,-36.13330,174.03330
0540,Mangawhai,NZ,NZ,-36.11670,174.56670
0541,Mangawhai Heads,NZ,NZ,-36.08820,174.57020
0542,Kaiwaka,NZ,NZ,-36.16670,174.45000
0543,Paparoa,NZ,NZ,-36.10000,174.23330
0545,Waipu,NZ,NZ,-35.98330,174.45000
0547,Rowsells,NZ,NZ,-36.10000,174.35000
0549,Ruawai,NZ,NZ,-36.13330,174.03330
0550,Matakohe,NZ,NZ,-36.13330,174.18330
0571,Mareretu,NZ,NZ,-36.03330,174.26670
0573,Kaiwaka,NZ,NZ,-36.16670,174.45000
0582,Waipu,NZ,NZ,-35.98330,174.45000
0583,Marohemo,NZ,NZ,-36.18330,174.30000
0587,Ranganui,NZ,NZ,-36.15000,174.40000
0588,Maungaturoto,NZ,NZ,-36.10000,174.36670
0589,Huarau,NZ,NZ,-36.10000,174.30000
0591,Ruawai,NZ,NZ,-36.13330,174.03330
0592,Rehia,NZ,NZ,-36.06670,174.03330
0593,Pahi,NZ,NZ,-36.15720,174.22830
0594,Matakohe,NZ,NZ,-36.13330,174.18330
0600,Blockhouse Bay,NZ,NZ,-36.91820,174.70020
0602,Kelston,NZ,NZ,-36.89820,174.66020
0604,Huia,NZ,NZ,-36.99830,174.56670
0610,Te Atatu South,NZ,NZ,-36.86470,174.64770
0612,McLaren Park,NZ,NZ,-36.88820,174.61020
0614,Swanson,NZ,NZ,-36.86670,174.58330
0618,Hobsonville,NZ,NZ,-36.80000,174.66670
0620,Forrest Hill,NZ,NZ,-36.76450,174.74770
0622,Belmont,NZ,NZ,-36.80750,174.78640
0624,Devonport,NZ,NZ,-36.82820,174.79020
0626,Chatswood,NZ,NZ,-36.81840,174.70980
0627,North Shore,NZ,NZ,-36.80000,174.75000
0629,Marlborough,NZ,NZ,-36.77820,174.72020
0630,Browns Bay,NZ,NZ,-36.71930,174.73670
0632,Greenhithe,NZ,NZ,-36.76670,174.68330
0640,New Lynn,NZ,NZ,-36.90690,174.68700
0641,Glen Eden,NZ,NZ,-36.91670,174.65000
0642,Titirangi,NZ,NZ,-36.93750,174.65580
0643,Green Bay,NZ,NZ,-36.93100,174.67490
0644,Blockhouse Bay,NZ,NZ,-36.91820,174.70020
0645,Glendene,NZ,NZ,-36.88820,174.64020
0650,Sunnyvale,NZ,NZ,-36.88820,174.63020
0651,Te Atatu,NZ,NZ,-36.83330,174.65000
0652,Te Atatu South,NZ,NZ,-36.86470,174.64770
0653,Swanson,NZ,NZ,-36.86670,174.58330
0654,Te Atatu South,NZ,NZ,-36.86470,174.64770
0655,Swanson,NZ,NZ,-36.86670,174.58330
0656,Massey East,NZ,NZ,-36.82820,174.62020
0657,West Harbour,NZ,NZ,-36.81820,174.61020
0660,Waitakere,NZ,NZ,-36.85130,174.54480
0661,Te Atatu Peninsula,NZ,NZ,-36.84100,174.65220
0662,Brighams Creek,NZ,NZ,-36.78330,174.60000
0663,Massey East,NZ,NZ,-36.82820,174.62020
0740,Hauraki,NZ,NZ,-36.79960,174.77800
0741,Milford,NZ,NZ,-36.77160,174.76590
0742,Torbay,NZ,NZ,-36.69600,174.75120
0743,Forrest Hill,NZ,NZ,-36.76450,174.74770
0744,Devonport,NZ,NZ,-36.77750,174.73990
0745,Glenfield,NZ,NZ,-36.78260,174.72110
0746,Birkenhead,NZ,NZ,-36.80820,174.72020
0747,Marlborough,NZ,NZ,-36.77820,174.72020
0748,North Shore,NZ,NZ,-36.80000,174.75000
0749,Birkdale,NZ,NZ,-36.79720,174.70460
0750,Takapuna,NZ,NZ,-36.79170,174.77580
0751,Glenfield,NZ,NZ,-36.78260,174.72110
0752,Albany,NZ,NZ,-36.71670,174.70000
0753,Browns Bay,NZ,NZ,-36.71930,174.73670
0754,Mairangi Bay,NZ,NZ,-36.73810,174.75200
0755,Albany,NZ,NZ,-36.71670,174.70000
0756,Paremoremo,NZ,NZ,-36.76670,174.66670
0757,Forrest Hill,NZ,NZ,-36.76450,174.74770
0758,Mairangi Bay,NZ,NZ,-36.73810,174.75200
0772,Karekare,NZ,NZ,-36.98330,174.48330
0781,Piha,NZ,NZ,-36.95000,174.46670
0782,Waitakere,NZ,NZ,-36.85130,174.54480
0792,Red Vale,NZ,NZ,-36.68330,174.70000
0793,Coatesville,NZ,NZ,-36.71670,174.65000
0794,Dairy Flat,NZ,NZ,-36.66670,174.65000
0800,Helensville,NZ,NZ,-36.67820,174.45020
0810,Huapai,NZ,NZ,-36.76670,174.55000
0812,Waimauku,NZ,NZ,-36.75000,174.50000
0814,West Harbour,NZ,NZ,-36.81820,174.61020
0820,Riverhead,NZ,NZ,-36.75000,174.60000
0830,Parakai,NZ,NZ,-36.65000,174.43330
0840,Helensville,NZ,NZ,-36.67820,174.45020
0841,Huapai,NZ,NZ,-36.76670,174.55000
0842,Pahitoa,NZ,NZ,-36.78330,174.48330
0843,Kaukapakapa,NZ,NZ,-36.61670,174.50000
0871,Kaukapakapa,NZ,NZ,-36.61670,174.50000
0873,Parakakau,NZ,NZ,-36.58330,174.60000
0874,Parkhurst,NZ,NZ,-36.65000,174.40000
0875,Helensville,NZ,NZ,-36.67820,174.45020
0881,Woodhill,NZ,NZ,-36.75000,174.43330
0882,Waimauku,NZ,NZ,-36.75000,174.50000
0883,Pahitoa,NZ,NZ,-36.78330,174.48330
0891,Huapai,NZ,NZ,-36.76670,174.55000
0892,Kumeu,NZ,NZ,-36.76670,174.56670
0900,Wellsford,NZ,NZ,-36.28330,174.51670
0910,Warkworth,NZ,NZ,-36.40000,174.66670
0920,Leigh,NZ,NZ,-36.28330,174.81670
0930,Whangaparaoa,NZ,NZ,-36.63330,174.76670
0931,Orewa,NZ,NZ,-36.56670,174.70000
0932,Red Beach,NZ,NZ,-36.61240,174.68870
0940,Wellsford,NZ,NZ,-36.28330,174.51670
0941,Warkworth,NZ,NZ,-36.40000,174.66670
0942,Snells Beach,NZ,NZ,-36.40820,174.72020
0943,Whangaparaoa,NZ,NZ,-36.63330,174.76670
0944,Silverdale,NZ,NZ,-36.61870,174.67760
0945,Red Beach,NZ,NZ,-36.61240,174.68870
0946,Orewa,NZ,NZ,-36.56670,174.70000
0947,Leigh,NZ,NZ,-36.28330,174.81670
0948,Matakana,NZ,NZ,-36.35000,174.71670
0950,Waiwera,NZ,NZ,-36.55000,174.71670
0951,Puhoi,NZ,NZ,-36.50350,174.66760
0960,Okiwi,NZ,NZ,-36.15000,175.41670
0961,Okupu,NZ,NZ,-36.26670,175.43330
0962,Tryphena,NZ,NZ,-36.30140,175.48930
0963,Port Fitzroy,NZ,NZ,-36.16670,175.35000
0972,Wayby,NZ,NZ,-36.33330,174.56670
0973,Wharehine,NZ,NZ,-36.31670,174.41670
0974,Te Hana,NZ,NZ,-36.26670,174.51670
0975,Topuni,NZ,NZ,-36.21670,174.46670
0977,Wharehine,NZ,NZ,-36.31670,174.41670
0981,Woodcocks,NZ,NZ,-36.45000,174.56670
0982,Algies Bay,NZ,NZ,-36.43530,174.74030
0983,Pohuehue,NZ,NZ,-36.45000,174.65000
0984,Ahuroa,NZ,NZ,-36.47530,174.55420
0985,Big Omaha,NZ,NZ,-36.33330,174.73330
0986,Tawharanui,NZ,NZ,-36.38330,174.80000
0991,Whangapara,NZ,NZ,-36.23330,175.40000
0992,Silverdale,NZ,NZ,-36.61870,174.67760
0993,Red Beach,NZ,NZ,-36.61240,174.68870
1010,Auckland,NZ,NZ,-36.84850,174.76350
1011,Herne Bay,NZ,NZ,-36.84610,174.72920
1021,Arch Hill,NZ,NZ,-36.85970,174.75310
1022,Point Chevalier,NZ,NZ,-36.86330,174.70490
1023,Epsom,NZ,NZ,-36.88740,174.77060
1024,Epsom,NZ,NZ,-36.88740,174.77060
1025,Sandringham,NZ,NZ,-36.88820,174.73020
1026,Waterview,NZ,NZ,-36.87820,174.69020
1041,Mount Roskill,NZ,NZ,-36.90820,174.73020
1042,Hillsborough,NZ,NZ,-36.91820,174.75020
1050,Remuera,NZ,NZ,-36.88040,174.79820
1051,Ellerslie,NZ,NZ,-36.89820,174.81020
1052,Point Resolution,NZ,NZ,-36.85140,174.78940
1060,Penrose,NZ,NZ,-36.91670,174.81670
1061,Te Papapa,NZ,NZ,-36.91820,174.80020
1062,OTAHUHU,NZ,NZ,-36.93820,174.84020
1071,Kohimarama,NZ,NZ,-36.85820,174.84020
1072,Tamaki,NZ,NZ,-36.88820,174.86020
1081,Ostend,NZ,NZ,-36.79465,175.03295
1140,Mechanics Bay,NZ,NZ,-36.83820,174.78020
1141,Newmarket,NZ,NZ,-36.86980,174.77570
1142,Newton,NZ,NZ,-36.85000,174.75000
1143,Mechanics Bay,NZ,NZ,-36.83820,174.78020
1144,Freemans Bay,NZ,NZ,-36.84820,174.74020
1145,Grafton,NZ,NZ,-36.86030,174.76570
1147,Herne Bay,NZ,NZ,-36.84610,174.72920
1148,Auckland,NZ,NZ,-36.84850,174.76350
1149,Parnell,NZ,NZ,-36.86670,174.78330
1150,Auckland,NZ,NZ,-36.84850,174.76350
1151,Point Resolution,NZ,NZ,-36.85140,174.78940
1245,Western Springs,NZ,NZ,-36.86670,174.73330
1246,Mount Albert,NZ,NZ,-36.87820,174.72020
1340,Wesley,NZ,NZ,-36.89820,174.73020
1342,Balmoral,NZ,NZ,-36.88820,174.74020
1344,One Tree Hill,NZ,NZ,-36.89820,174.78020
1345,Royal Oak,NZ,NZ,-36.90820,174.77020
1346,Sandringham,NZ,NZ,-36.88820,174.73020
1347,One Tree Hill,NZ,NZ,-36.89820,174.78020
1348,Avondale,NZ,NZ,-36.88330,174.70000
1349,Epsom,NZ,NZ,-36.88740,174.77060
1350,Owairaka,NZ,NZ,-36.88820,174.71020
1351,Balmoral,NZ,NZ,-36.88820,174.74020
1352,Mount Eden,NZ,NZ,-36.88160,174.76200
1440,Three Kings,NZ,NZ,-36.89820,174.75020
1443,Lynfield,NZ,NZ,-36.92820,174.72020
1445,Waikowhai,NZ,NZ,-36.92820,174.73020
1446,Mount Eden,NZ,NZ,-36.88160,174.76200
1541,Greenlane,NZ,NZ,-36.89060,174.79430
1542,Ellerslie,NZ,NZ,-36.89820,174.81020
1543,Greenlane,NZ,NZ,-36.89060,174.79430
1544,Ellerslie,NZ,NZ,-36.89820,174.81020
1545,Panmure,NZ,NZ,-36.88330,174.86670
1546,Ellerslie,NZ,NZ,-36.89820,174.81020
1640,Otahuhu,NZ,NZ,-36.93820,174.84020
1641,Panmure,NZ,NZ,-36.88330,174.86670
1642,Mount Wellington,NZ,NZ,-36.90820,174.82020
1643,Onehunga,NZ,NZ,-36.91820,174.78020
1740,Saint Heliers,NZ,NZ,-36.85000,174.86670
1741,Panmure,NZ,NZ,-36.88330,174.86670
1742,Meadowbank,NZ,NZ,-36.86820,174.82020
1743,Point England,NZ,NZ,-36.87820,174.86020
1744,Mission Bay,NZ,NZ,-36.85470,174.83170
1745,Orakei,NZ,NZ,-36.85000,174.81670
1746,New Windsor,NZ,NZ,-36.89820,174.70020
1840,Oneroa,NZ,NZ,-36.77820,175.01020
1841,Onetangi,NZ,NZ,-36.78330,175.08330
1842,Blackpool,NZ,NZ,-36.78890,175.01440
1843,Ostend,NZ,NZ,-36.79820,175.04020
1971,Onetangi,NZ,NZ,-36.78330,175.08330
2010,Pakuranga Heights,NZ,NZ,-36.90820,174.88020
2012,Eastern Beach,NZ,NZ,-36.86820,174.90020
2013,East Tamaki,NZ,NZ,-36.95000,174.90000
2014,Shelly Park,NZ,NZ,-36.90750,174.94590
2016,East Tamaki,NZ,NZ,-36.95000,174.90000
2018,Beachlands,NZ,NZ,-36.88330,175.00000
2022,Mangere,NZ,NZ,-36.96810,174.79870
2023,Wiri,NZ,NZ,-36.99820,174.86020
2024,Mangere East,NZ,NZ,-36.96590,174.82390
2025,Wiri,NZ,NZ,-36.99820,174.86020
2102,Manurewa,NZ,NZ,-37.01820,174.88020
2103,Weymouth,NZ,NZ,-37.03330,174.86670
2104,Wiri,NZ,NZ,-36.99820,174.86020
2105,Manurewa East,NZ,NZ,-37.01820,174.91020
2110,Red Hill,NZ,NZ,-37.05820,174.97020
2112,Takanini,NZ,NZ,-37.04820,174.90020
2113,Papakura,NZ,NZ,-37.06570,174.94390
2120,Pukekohe,NZ,NZ,-37.20200,174.90360
2121,Tuakau,NZ,NZ,-37.27050,174.94380
2122,Waiau Pa,NZ,NZ,-37.13330,174.75000
2123,Waiuku,NZ,NZ,-37.24810,174.73490
2140,Pakuranga,NZ,NZ,-36.88330,174.91670
2141,East Tamaki,NZ,NZ,-36.95000,174.90000
2142,East Tamaki,NZ,NZ,-36.95000,174.90000
2143,Botany Downs,NZ,NZ,-36.90600,174.91790
2144,Eastern Beach,NZ,NZ,-36.86820,174.90020
2145,Shelly Park,NZ,NZ,-36.90750,174.94590
2146,Shelly Park,NZ,NZ,-36.90750,174.94590
2147,Beachlands,NZ,NZ,-36.88330,175.00000
2148,Maraetai,NZ,NZ,-36.88330,175.05000
2149,Whitford,NZ,NZ,-36.93330,174.96670
2150,Mangere,NZ,NZ,-36.96810,174.79870
2151,Favona,NZ,NZ,-36.93330,174.80000
2153,Mangere,NZ,NZ,-36.96810,174.79870
2154,Mangere,NZ,NZ,-36.96810,174.79870
2155,Papatoetoe,NZ,NZ,-36.96820,174.84020
2156,Papatoetoe,NZ,NZ,-36.96820,174.84020
2157,Wiri,NZ,NZ,-36.99820,174.86020
2158,Mangere East,NZ,NZ,-36.96590,174.82390
2159,Otara,NZ,NZ,-36.94820,174.87020
2160,Wiri,NZ,NZ,-36.99820,174.86020
2240,Homai,NZ,NZ,-37.01670,174.88330
2241,Wiri,NZ,NZ,-36.99820,174.86020
2242,Weymouth,NZ,NZ,-37.03330,174.86670
2243,Manurewa East,NZ,NZ,-37.01820,174.91020
2244,Pahurehure,NZ,NZ,-37.05820,174.92020
2245,Takanini,NZ,NZ,-37.04820,174.90020
2246,Pahurehure,NZ,NZ,-37.05820,174.92020
2247,Drury,NZ,NZ,-37.10000,174.95000
2248,Clevedon,NZ,NZ,-37.00000,175.05000
2340,Pukekohe,NZ,NZ,-37.20200,174.90360
2341,Waiuku,NZ,NZ,-37.24810,174.73490
2342,Tuakau,NZ,NZ,-37.27050,174.94380
2343,Bombay,NZ,NZ,-37.16670,174.98330
2344,Patumahoe,NZ,NZ,-37.18330,174.83330
2345,Waiau Pa,NZ,NZ,-37.13330,174.75000
2440,Pokeno,NZ,NZ,-37.24500,175.02050
2441,Meremere,NZ,NZ,-37.31900,175.06900
2471,Kopuku,NZ,NZ,-37.28330,175.16670
2472,Pokeno,NZ,NZ,-37.24500,175.02050
2473,Kaiaua,NZ,NZ,-37.11110,175.29620
2474,Mercer,NZ,NZ,-37.27900,175.04800
2571,Waikopua,NZ,NZ,-36.91670,174.98330
2576,Whitford,NZ,NZ,-36.93330,174.96670
2577,Drury,NZ,NZ,-37.10000,174.95000
2578,Ramarama,NZ,NZ,-37.15000,174.95000
2579,Ararimu,NZ,NZ,-37.15000,175.03330
2580,Weymouth,NZ,NZ,-37.03330,174.86670
2582,Clevedon,NZ,NZ,-37.00000,175.05000
2583,Paparimu,NZ,NZ,-37.13330,175.11670
2584,Opaheke,NZ,NZ,-37.08330,174.96670
2585,Whakatiri,NZ,NZ,-36.95000,175.11670
2675,Ararimu,NZ,NZ,-37.15000,175.03330
2676,Paerata,NZ,NZ,-37.16670,174.90000
2677,Pukekohe East,NZ,NZ,-37.20000,174.95000
2678,Mauku,NZ,NZ,-37.20000,174.81670
2679,Waiau Pa,NZ,NZ,-37.13330,174.75000
2681,Glenbrook,NZ,NZ,-37.21670,174.78330
2682,Otaua,NZ,NZ,-37.30640,174.74080
2683,Waipipi,NZ,NZ,-37.21670,174.66670
2684,Pollok,NZ,NZ,-37.13330,174.61670
2693,Te Kohanga,NZ,NZ,-37.31410,174.84510
2694,Tuakau,NZ,NZ,-37.27050,174.94380
2695,Kaawa,NZ,NZ,-37.51080,174.88360
2696,Opuatia,NZ,NZ,-37.40480,175.00020
2697,Te Kohanga,NZ,NZ,-37.31410,174.84510
3010,Ohinemutu,NZ,NZ,-38.12760,176.24460
3015,Sunnybrook,NZ,NZ,-38.14820,176.21020
3020,Mamaku,NZ,NZ,-38.10000,176.08330
3025,Murupara,NZ,NZ,-38.46670,176.70000
3040,Ngapuna,NZ,NZ,-38.14680,176.27470
3041,Ngongotaha,NZ,NZ,-38.08330,176.20000
3042,Owhata,NZ,NZ,-38.13260,176.29820
3043,Whakarewarewa,NZ,NZ,-38.16030,176.26510
3044,Glenholme,NZ,NZ,-38.14870,176.24710
3045,Ngapuna,NZ,NZ,-38.14680,176.27470
3046,Koutu,NZ,NZ,-38.11970,176.23830
3047,Mangakakahi,NZ,NZ,-38.13350,176.23440
3048,Tihiotonga,NZ,NZ,-38.17260,176.24320
3049,Mamaku,NZ,NZ,-38.10000,176.08330
3060,Reporoa,NZ,NZ,-38.43590,176.34120
3062,Murupara,NZ,NZ,-38.46670,176.70000
3072,Tarukenga,NZ,NZ,-38.07520,176.15810
3073,Waimangu,NZ,NZ,-38.28400,176.38260
3074,Tikitere,NZ,NZ,-38.06670,176.36670
3076,Punaromia,NZ,NZ,-38.28720,176.33890
3077,Guthrie,NZ,NZ,-38.30000,176.15000
3078,Atiamuri,NZ,NZ,-38.38330,176.01670
3079,Ruatahuna,NZ,NZ,-38.61380,176.95920
3081,Tahorakui,NZ,NZ,-38.47900,176.27240
3083,Tahorakui,NZ,NZ,-38.47900,176.27240
3110,Tauranga,NZ,NZ,-37.68610,176.16670
3112,Hairini,NZ,NZ,-37.73330,176.16670
3114,Omokoroa Beach,NZ,NZ,-37.63330,176.05000
3116,Omanu,NZ,NZ,-37.65680,176.20840
3118,Papamoa Beach,NZ,NZ,-37.69730,176.28460
3119,Te Puke,NZ,NZ,-37.77820,176.33020
3120,Poroporo,NZ,NZ,-37.98330,176.96670
3121,Ohope Beach,NZ,NZ,-37.97520,177.07590
3122,Opotiki,NZ,NZ,-38.00910,177.28710
3123,Taneatua,NZ,NZ,-38.06670,177.01670
3127,Kawerau,NZ,NZ,-38.10000,176.70000
3129,Katikati,NZ,NZ,-37.55000,175.91670
3140,Tauranga,NZ,NZ,-37.68610,176.16670
3141,Tauranga,NZ,NZ,-37.68610,176.16670
3142,Greerton,NZ,NZ,-37.72540,176.13350
3143,Tauranga,NZ,NZ,-37.68610,176.16670
3144,Tauranga,NZ,NZ,-37.68610,176.16670
3145,Otumoetai,NZ,NZ,-37.67160,176.13860
3146,Judea,NZ,NZ,-37.69530,176.14410
3147,Bethlehem,NZ,NZ,-37.69500,176.10860
3148,Hairini,NZ,NZ,-37.73330,176.16670
3149,Omanu,NZ,NZ,-37.65680,176.20840
3150,Mount Maunganui,NZ,NZ,-37.64170,176.18610
3151,Kairua,NZ,NZ,-37.71670,176.28330
3152,Omanu Beach,NZ,NZ,-37.67000,176.22900
3153,Te Puke,NZ,NZ,-37.77820,176.33020
3154,Omokoroa Beach,NZ,NZ,-37.63330,176.05000
3158,Whakatane,NZ,NZ,-37.95850,176.98550
3159,Poroporo,NZ,NZ,-37.98330,176.96670
3160,Edgecumbe,NZ,NZ,-37.98330,176.83330
3161,Ohope Beach,NZ,NZ,-37.97520,177.07590
3162,Opotiki,NZ,NZ,-38.00910,177.28710
3163,Taneatua,NZ,NZ,-38.06670,177.01670
3164,Waimana,NZ,NZ,-38.15000,177.08330
3166,Katikati,NZ,NZ,-38.02550,176.94250
3167,Te Teko,NZ,NZ,-38.03650,176.79360
3168,Matata,NZ,NZ,-37.88330,176.75000
3169,Kawerau,NZ,NZ,-38.10000,176.70000
3171,Lower Kaimai,NZ,NZ,-37.80000,176.03330
3172,Omokoroa Beach,NZ,NZ,-37.63330,176.05000
3173,Oropi,NZ,NZ,-37.83950,176.16110
3175,Upper Papamoa,NZ,NZ,-37.76670,176.25000
3176,Whakamarama,NZ,NZ,-37.73330,176.00000
3177,Athenree,NZ,NZ,-37.46670,175.91670
3178,Katikati,NZ,NZ,-37.55000,175.91670
3182,Te Puke,NZ,NZ,-37.77820,176.33020
3183,Upper Papamoa,NZ,NZ,-37.76670,176.25000
3186,Ohinepanea,NZ,NZ,-37.82190,176.56430
3187,Papamoa,NZ,NZ,-37.73330,176.30000
3188,Ngawaro,NZ,NZ,-37.93330,176.15000
3189,Paengaroa,NZ,NZ,-37.81670,176.41670
3191,Otangihaku,NZ,NZ,-38.03330,177.00000
3192,Kawerau,NZ,NZ,-38.10000,176.70000
3193,Edgecumbe,NZ,NZ,-37.98330,176.83330
3194,Awakaponga,NZ,NZ,-37.93330,176.76670
3196,Waimana,NZ,NZ,-38.15000,177.08330
3197,Toatoa,NZ,NZ,-38.13330,177.50000
3198,Waimana,NZ,NZ,-38.15000,177.08330
3199,Omaio,NZ,NZ,-37.81670,177.66670
3200,Te Rapa,NZ,NZ,-37.75000,175.21670
3204,Frankton Junction,NZ,NZ,-37.80000,175.26670
3206,Melville,NZ,NZ,-37.81100,175.28210
3210,Claudelands,NZ,NZ,-37.78330,175.28330
3214,Hamilton,NZ,NZ,-37.78330,175.28330
3216,Hamilton East,NZ,NZ,-37.78820,175.29020
3218,Temple View,NZ,NZ,-37.82080,175.22550
3225,Raglan,NZ,NZ,-37.80000,174.88330
3240,Hamilton West,NZ,NZ,-37.78820,175.27020
3241,Te Rapa,NZ,NZ,-37.75000,175.21670
3242,Hamilton West,NZ,NZ,-37.78820,175.27020
3243,Frankton Junction,NZ,NZ,-37.80000,175.26670
3244,Hamilton,NZ,NZ,-37.78330,175.28330
3245,Melville,NZ,NZ,-37.81100,175.28210
3246,Melville,NZ,NZ,-37.81100,175.28210
3247,Hamilton East,NZ,NZ,-37.78820,175.29020
3248,Claudelands,NZ,NZ,-37.78330,175.28330
3249,Te Rapa,NZ,NZ,-37.75000,175.21670
3251,Hamilton East,NZ,NZ,-37.78820,175.29020
3252,Claudelands,NZ,NZ,-37.78330,175.28330
3253,Newstead,NZ,NZ,-37.78330,175.35000
3254,Newstead,NZ,NZ,-37.78330,175.35000
3255,Hamilton East,NZ,NZ,-37.78820,175.29020
3256,Claudelands,NZ,NZ,-37.78330,175.28330
3257,Claudelands,NZ,NZ,-37.78330,175.28330
3260,Matangi,NZ,NZ,-37.80480,175.39520
3261,Whatawhata,NZ,NZ,-37.80000,175.15000
3262,Horotiu,NZ,NZ,-37.71670,175.20000
3263,Te Kowhai,NZ,NZ,-37.75000,175.15000
3264,Gordonton,NZ,NZ,-37.66670,175.30000
3265,Raglan,NZ,NZ,-37.80000,174.88330
3266,Te Uku,NZ,NZ,-37.83330,174.96670
3281,Gordonton,NZ,NZ,-37.66670,175.30000
3282,Rukuhia,NZ,NZ,-37.86670,175.28330
3283,Tamahere,NZ,NZ,-37.83330,175.35000
3284,Eureka,NZ,NZ,-37.73330,175.41670
3285,Aramiro,NZ,NZ,-37.89180,175.03180
3288,Te Kowhai,NZ,NZ,-37.75000,175.15000
3289,Whatawhata,NZ,NZ,-37.80000,175.15000
3290,Temple View,NZ,NZ,-37.82080,175.22550
3293,Waitetuna,NZ,NZ,-37.83330,175.03330
3295,Te Uku,NZ,NZ,-37.83330,174.96670
3296,Ruapuke,NZ,NZ,-37.92470,174.81380
3297,Raglan,NZ,NZ,-37.80000,174.88330
3300,Morrinsville,NZ,NZ,-37.64820,175.52020
3310,Waitoa,NZ,NZ,-37.61670,175.63330
3320,Te Aroha,NZ,NZ,-37.52820,175.71020
3330,Wharewaka,NZ,NZ,-38.73110,176.07340
3332,Wairakei,NZ,NZ,-38.63330,176.10000
3334,Turangi,NZ,NZ,-38.99040,175.80840
3340,Morrinsville,NZ,NZ,-37.64820,175.52020
3341,Waitoa,NZ,NZ,-37.61670,175.63330
3342,Te Aroha,NZ,NZ,-37.52820,175.71020
3343,Te Aroha,NZ,NZ,-37.52820,175.71020
3351,Taupo,NZ,NZ,-38.68330,176.08330
3352,Taupo,NZ,NZ,-38.68330,176.08330
3353,Turangi,NZ,NZ,-38.99040,175.80840
3360,Tarawera,NZ,NZ,-39.03330,176.58330
3371,Kiwitahi,NZ,NZ,-37.70000,175.60000
3372,Motumaoho,NZ,NZ,-37.70000,175.45000
3373,Tahuna,NZ,NZ,-37.50000,175.48330
3374,Te Puninga,NZ,NZ,-37.58330,175.56670
3375,Morrinsville,NZ,NZ,-37.64820,175.52020
3377,Oruanui,NZ,NZ,-38.58330,176.03330
3378,Waipahihi,NZ,NZ,-38.70840,176.09070
3379,Rangitaiki,NZ,NZ,-38.87920,176.37290
3380,Waitoa,NZ,NZ,-38.93930,175.78930
3381,Kuratau,NZ,NZ,-38.88820,175.77020
3382,Turangi,NZ,NZ,-38.99040,175.80840
3391,Manawaru,NZ,NZ,-37.63330,175.76670
3392,Mangaiti,NZ,NZ,-37.50000,175.68330
3393,Mangaiti,NZ,NZ,-37.50000,175.68330
3400,Matamata,NZ,NZ,-37.81060,175.76240
3401,Waharoa,NZ,NZ,-37.76670,175.76670
3410,Tirau,NZ,NZ,-37.98330,175.75000
3411,Putaruru,NZ,NZ,-38.04820,175.78020
3415,Arapuni,NZ,NZ,-38.07090,175.64600
3420,Tokoroa,NZ,NZ,-38.23330,175.86670
3421,Mangakino,NZ,NZ,-38.37410,175.77100
3432,Leamington,NZ,NZ,-37.88330,175.46670
3434,Leamington,NZ,NZ,-37.88330,175.46670
3440,Matamata,NZ,NZ,-37.81060,175.76240
3441,Waharoa,NZ,NZ,-37.76670,175.76670
3442,Tirau,NZ,NZ,-37.98330,175.75000
3443,Putaruru,NZ,NZ,-38.04820,175.78020
3444,Tokoroa,NZ,NZ,-38.23330,175.86670
3445,Mangakino,NZ,NZ,-38.37410,175.77100
3450,Leamington,NZ,NZ,-37.88330,175.46670
3451,Hautapu,NZ,NZ,-37.86080,175.45350
3471,Okauia,NZ,NZ,-37.78700,175.83990
3472,Hinuera,NZ,NZ,-37.88330,175.76670
3473,Kaimai,NZ,NZ,-37.83330,175.96670
3474,Waharoa,NZ,NZ,-37.76670,175.76670
3475,Walton,NZ,NZ,-37.73330,175.68330
3481,Te Waotu,NZ,NZ,-38.15000,175.70000
3482,Ngatira,NZ,NZ,-38.10000,175.90000
3483,Putaruru,NZ,NZ,-38.04820,175.78020
3484,Tirau,NZ,NZ,-37.98330,175.75000
3485,Okoroire,NZ,NZ,-37.95000,175.80000
3491,Kinleith,NZ,NZ,-38.28330,175.90000
3492,Mangakino,NZ,NZ,-38.37410,175.77100
3493,Bruntwood,NZ,NZ,-37.85000,175.43330
3494,Pukeatua,NZ,NZ,-38.06670,175.55000
3495,Leamington,NZ,NZ,-37.88330,175.46670
3496,Whitehall,NZ,NZ,-37.88330,175.56670
3500,Thames,NZ,NZ,-37.13830,175.54010
3503,Ngatea,NZ,NZ,-37.28330,175.50000
3506,Whangapoua,NZ,NZ,-36.71670,175.61670
3508,Tairua,NZ,NZ,-37.01670,175.85000
3510,Whitianga,NZ,NZ,-36.83330,175.70000
3540,Thames,NZ,NZ,-37.13830,175.54010
3541,Ngatea,NZ,NZ,-37.28330,175.50000
3542,Whitianga,NZ,NZ,-36.83330,175.70000
3543,Coromandel,NZ,NZ,-36.76110,175.49630
3544,Tairua,NZ,NZ,-37.01670,175.85000
3545,Turua,NZ,NZ,-37.23330,175.56670
3546,Pauanui,NZ,NZ,-37.01670,175.86670
3547,Colville,NZ,NZ,-36.63330,175.46670
3574,Turua,NZ,NZ,-37.23330,175.56670
3575,Tapu,NZ,NZ,-36.98330,175.50000
3576,Waitakaruru,NZ,NZ,-37.25000,175.38330
3577,Parawai,NZ,NZ,-37.14990,175.55990
3578,Nevesville,NZ,NZ,-37.16670,175.70000
3579,Hikuai,NZ,NZ,-37.08330,175.78330
3581,Ahimia,NZ,NZ,-36.85000,175.48330
3582,Te Rerenga,NZ,NZ,-36.75000,175.60000
3583,Kennedys Bay,NZ,NZ,-36.68330,175.55000
3584,Colville,NZ,NZ,-36.63330,175.46670
3591,Coroglen,NZ,NZ,-36.91670,175.70000
3592,Coroglen,NZ,NZ,-36.91670,175.70000
3597,Ngatea,NZ,NZ,-37.28330,175.50000
3600,Paeroa,NZ,NZ,-37.36670,175.66670
3610,Waihi,NZ,NZ,-37.38330,175.83330
3611,Waihi Beach,NZ,NZ,-37.40000,175.93330
3620,Whangamata,NZ,NZ,-37.20000,175.86670
3640,Paeroa,NZ,NZ,-37.36670,175.66670
3641,Waihi,NZ,NZ,-37.38330,175.83330
3642,Waihi Beach,NZ,NZ,-37.40000,175.93330
3643,Whangamata,NZ,NZ,-37.20000,175.86670
3671,Netherton,NZ,NZ,-37.33330,175.61670
3672,Netherton,NZ,NZ,-37.33330,175.61670
3673,Tirohia,NZ,NZ,-37.43330,175.65000
3674,Komata,NZ,NZ,-37.36670,175.73330
3681,Waihi,NZ,NZ,-37.38330,175.83330
3682,Waihi,NZ,NZ,-37.38330,175.83330
3691,Whangamata,NZ,NZ,-37.20000,175.86670
3700,Starrtown,NZ,NZ,-37.56200,175.16190
3710,Te Kauwhata,NZ,NZ,-37.40000,175.15000
3720,Ngaruawahia,NZ,NZ,-37.66740,175.15550
3721,Taupiri,NZ,NZ,-37.61670,175.18330
3740,Starrtown,NZ,NZ,-37.56200,175.16190
3741,Te Kauwhata,NZ,NZ,-37.40000,175.15000
3742,Ngaruawahia,NZ,NZ,-37.66740,175.15550
3771,Pukekapia,NZ,NZ,-37.53330,175.11670
3772,Ruawaro,NZ,NZ,-37.51670,175.05000
3781,Waerenga,NZ,NZ,-37.36670,175.23330
3782,Whangamarino,NZ,NZ,-37.34910,175.11350
3784,Waiterimu,NZ,NZ,-37.45000,175.30000
3791,Komakorau,NZ,NZ,-37.63330,175.26670
3792,Orini,NZ,NZ,-37.56670,175.30000
3793,Waingaro,NZ,NZ,-37.68330,175.00000
3794,Pepepe,NZ,NZ,-37.58330,174.95000
3800,Te Awamutu,NZ,NZ,-38.00820,175.33020
3802,Pirongia,NZ,NZ,-38.00000,175.20000
3803,Ohaupo,NZ,NZ,-37.91670,175.31670
3840,Te Awamutu,NZ,NZ,-38.00820,175.33020
3841,Kihikihi,NZ,NZ,-38.03330,175.35000
3843,Kawhia,NZ,NZ,-38.06670,174.81670
3872,Wharepuhunga,NZ,NZ,-38.13330,175.45000
3873,Te Kawa,NZ,NZ,-38.10000,175.28330
3874,Matapara,NZ,NZ,-38.21670,175.55000
3875,Te Mawhai,NZ,NZ,-38.05000,175.30000
3876,Pirongia,NZ,NZ,-38.00000,175.20000
3877,Matapara,NZ,NZ,-38.21670,175.55000
3878,Hauturu,NZ,NZ,-38.10000,174.93330
3879,Kihikihi,NZ,NZ,-38.03330,175.35000
3880,Pukeatua,NZ,NZ,-38.06670,175.55000
3881,Ohaupo,NZ,NZ,-37.91670,175.31670
3882,Rukuhia,NZ,NZ,-37.86670,175.28330
3883,Ngaroto,NZ,NZ,-37.98330,175.30000
3885,Oparau,NZ,NZ,-38.05000,174.91670
3886,Owhiro,NZ,NZ,-38.16670,174.90000
3889,Kawhia,NZ,NZ,-38.06670,174.81670
3894,Te Papatapu,NZ,NZ,-37.95000,174.88330
3895,Moerangi,NZ,NZ,-37.96670,174.91670
3900,Otorohanga,NZ,NZ,-38.18330,175.20000
3910,Te Kuiti,NZ,NZ,-38.33630,175.17010
3912,Piopio,NZ,NZ,-38.46670,175.01670
3920,Taumarunui,NZ,NZ,-38.87820,175.26020
3924,Manunui,NZ,NZ,-38.88330,175.33330
3926,Ohura,NZ,NZ,-38.83330,174.98330
3940,Otorohanga,NZ,NZ,-38.18330,175.20000
3941,Te Kuiti,NZ,NZ,-38.33630,175.17010
3942,Piopio,NZ,NZ,-38.46670,175.01670
3943,Hangatiki,NZ,NZ,-38.25000,175.16670
3944,Benneydale,NZ,NZ,-38.52060,175.36160
3945,Mahoenui,NZ,NZ,-38.56670,174.85000
3946,Taumarunui,NZ,NZ,-38.87820,175.26020
3947,Ohura,NZ,NZ,-38.83330,174.98330
3948,National Park,NZ,NZ,-39.18330,175.40000
3949,Tongariro,NZ,NZ,-39.03330,175.65000
3970,Wairere Falls,NZ,NZ,-38.51670,175.01670
3971,Waitanguru,NZ,NZ,-38.38330,174.86670
3972,Maihiihi,NZ,NZ,-38.23330,175.38330
3973,Honikiwi,NZ,NZ,-38.15000,175.10000
3974,Te Kawa,NZ,NZ,-38.10000,175.28330
3975,Maihiihi,NZ,NZ,-38.23330,175.38330
3976,Hangatiki,NZ,NZ,-38.25000,175.16670
3977,Hangatiki,NZ,NZ,-38.25000,175.16670
3978,Mahoenui,NZ,NZ,-38.56670,174.85000
3979,Waitewhenua,NZ,NZ,-38.70000,174.96670
3980,Tatu,NZ,NZ,-38.90000,174.95000
3981,Arapae,NZ,NZ,-38.41670,175.08330
3982,Puketutu,NZ,NZ,-38.43330,175.23330
3983,Kopaki,NZ,NZ,-38.46670,175.26670
3985,Waitanguru,NZ,NZ,-38.38330,174.86670
3986,Te Kuiti,NZ,NZ,-38.33630,175.17010
3987,Benneydale,NZ,NZ,-38.52060,175.36160
3988,Owhiro,NZ,NZ,-38.16670,174.90000
3989,Oio,NZ,NZ,-39.05000,175.41670
3990,Upper Ruatiti,NZ,NZ,-39.20000,175.20000
3991,Aukopae,NZ,NZ,-38.90000,175.16670
3992,Hikumutu,NZ,NZ,-38.95000,175.28330
3993,Kirikau,NZ,NZ,-39.01670,175.13330
3994,Ngapuke,NZ,NZ,-38.85000,175.46670
3995,Matiere,NZ,NZ,-38.75000,175.10000
3996,Okahukura,NZ,NZ,-38.78330,175.21670
3997,Ongarue,NZ,NZ,-38.71670,175.28330
3998,Waimiha,NZ,NZ,-38.61670,175.31670
4010,Kaiti,NZ,NZ,-38.66820,178.03020
4022,Te Karaka,NZ,NZ,-38.46670,177.86670
4032,Ruatoria,NZ,NZ,-37.88330,178.33330
4040,Kaiti,NZ,NZ,-38.66820,178.03020
4041,Tamarau,NZ,NZ,-38.67820,178.05020
4042,Te Karaka,NZ,NZ,-38.46670,177.86670
4043,Ruatoria,NZ,NZ,-37.88330,178.33330
4044,Tiniroto,NZ,NZ,-38.76670,177.56670
4045,Patutahi,NZ,NZ,-38.61670,177.90000
4046,Tolaga Bay,NZ,NZ,-38.36670,178.30000
4047,Tokomaru,NZ,NZ,-38.13330,178.30000
4048,Te Puia,NZ,NZ,-38.06670,178.30000
4049,Rangitukia,NZ,NZ,-37.76670,178.45000
4050,Te Araroa,NZ,NZ,-37.63330,178.36670
4051,Matawai,NZ,NZ,-38.35000,177.53330
4052,Motu,NZ,NZ,-38.25000,177.55000
4071,Waerengaahika,NZ,NZ,-38.60000,177.93330
4072,Pehiri,NZ,NZ,-38.63330,177.70000
4073,Whangara,NZ,NZ,-38.56670,178.21670
4075,Rakauroa,NZ,NZ,-38.41670,177.55000
4077,Tolaga Bay,NZ,NZ,-38.36670,178.30000
4078,Tiniroto,NZ,NZ,-38.76670,177.56670
4079,Tokomaru,NZ,NZ,-38.13330,178.30000
4081,Waitakaro,NZ,NZ,-37.93330,178.26670
4082,Ruatoria,NZ,NZ,-37.88330,178.33330
4083,Pakihiroa,NZ,NZ,-37.85000,178.06670
4086,Whakaangiangi,NZ,NZ,-37.71670,178.30000
4087,Te Araroa,NZ,NZ,-37.63330,178.36670
4091,Ahititi,NZ,NZ,-38.43330,178.05000
4092,Otoko,NZ,NZ,-38.40000,177.66670
4093,Te Karaka,NZ,NZ,-38.46670,177.86670
4094,Whatatutu,NZ,NZ,-38.38330,177.83330
4102,Haumoana,NZ,NZ,-39.60370,176.94570
4104,Petane,NZ,NZ,-39.38330,176.86670
4108,North Clyde,NZ,NZ,-39.02820,177.42020
4110,Onekawa,NZ,NZ,-39.49820,176.88020
4112,Puk-kura,NZ,NZ,-39.52330,176.84420
4120,HASTINGS,NZ,NZ,-39.63810,176.84920
4122,Akina,NZ,NZ,-39.64820,176.84020
4130,Havelock North,NZ,NZ,-39.66670,176.88330
4140,Onekawa,NZ,NZ,-39.50910,176.88960
4141,Taradale,NZ,NZ,-39.53330,176.85000
4142,Pirimai,NZ,NZ,-39.50820,176.88020
4143,Napier South,NZ,NZ,-39.49820,176.90020
4144,Ahuriri,NZ,NZ,-39.48330,176.90000
4145,Greenmeadows,NZ,NZ,-39.51820,176.86020
4146,Pirimai,NZ,NZ,-39.50820,176.88020
4147,Tamatea,NZ,NZ,-39.50820,176.86020
4148,Clive,NZ,NZ,-39.58330,176.91670
4149,Petane,NZ,NZ,-39.41310,176.87670
4153,Saint Leonards,NZ,NZ,-39.62820,176.83020
4154,Flaxmere,NZ,NZ,-39.61820,176.78020
4155,Parkvale,NZ,NZ,-39.63820,176.85020
4156,Parkvale,NZ,NZ,-39.63820,176.85020
4157,Havelock North,NZ,NZ,-39.66670,176.88330
4158,Parkvale,NZ,NZ,-39.63820,176.85020
4159,Mayfair,NZ,NZ,-39.63820,176.85020
4160,Wairoa,NZ,NZ,-39.03330,177.36670
4161,Pahowai,NZ,NZ,-39.60060,176.89420
4162,Tutira,NZ,NZ,-39.20000,176.86670
4163,Frasertown,NZ,NZ,-38.96860,177.40060
4164,Tuai,NZ,NZ,-38.81670,177.16670
4165,Nuhaka,NZ,NZ,-39.05000,177.75000
4166,Mahia,NZ,NZ,-39.08720,177.91720
4171,Blackburn,NZ,NZ,-39.86670,176.28330
4172,Te Awanga,NZ,NZ,-39.63330,176.98330
4174,Te Hauke,NZ,NZ,-39.76670,176.68330
4175,Flaxmere,NZ,NZ,-39.61820,176.78020
4178,Poukawa,NZ,NZ,-39.76670,176.73330
4179,Puketitiri,NZ,NZ,-39.28330,176.55000
4181,Tutira,NZ,NZ,-39.20000,176.86670
4182,Te Pohue,NZ,NZ,-39.25000,176.68330
4183,Taradale,NZ,NZ,-39.53330,176.85000
4184,Puketitiri,NZ,NZ,-39.28330,176.55000
4186,Patoka,NZ,NZ,-39.35000,176.61670
4188,Kotemaori,NZ,NZ,-39.06670,177.03330
4189,Kotemaori,NZ,NZ,-39.06670,177.03330
4191,Raupunga,NZ,NZ,-39.03330,177.21670
4193,Wairoa,NZ,NZ,-39.03330,177.36670
4195,Tuai,NZ,NZ,-38.81670,177.16670
4196,Opoiti,NZ,NZ,-38.88830,177.49280
4197,Raupunga,NZ,NZ,-39.03330,177.21670
4198,Waitaniwha,NZ,NZ,-39.05920,177.79890
4200,Waipukurau,NZ,NZ,-39.99820,176.56020
4202,Otane,NZ,NZ,-39.88330,176.63330
4203,Takapau,NZ,NZ,-40.03330,176.35000
4210,Waipawa,NZ,NZ,-39.93820,176.60020
4240,Waipawa,NZ,NZ,-39.93820,176.60020
4241,Otane,NZ,NZ,-39.88330,176.63330
4242,Waipukurau,NZ,NZ,-39.99820,176.56020
4243,Takapau,NZ,NZ,-40.03330,176.35000
4244,Onga Onga,NZ,NZ,-39.91670,176.41670
4245,Porangahau,NZ,NZ,-40.27890,176.62830
4271,Patangata,NZ,NZ,-39.91670,176.71670
4272,Ruataniwha,NZ,NZ,-39.93330,176.50000
4273,Argyll East,NZ,NZ,-39.86670,176.53330
4274,Tikokino,NZ,NZ,-39.81670,176.45000
4275,Waipawa,NZ,NZ,-39.93820,176.60020
4276,Pukehou,NZ,NZ,-39.83330,176.63330
4277,Patangata,NZ,NZ,-39.91670,176.71670
4278,Blackburn,NZ,NZ,-39.86670,176.28330
4279,Blackburn,NZ,NZ,-39.86670,176.28330
4281,Maharakeke,NZ,NZ,-40.01670,176.45000
4282,Wanstead,NZ,NZ,-40.13330,176.53330
4283,Ruataniwha,NZ,NZ,-39.93330,176.50000
4284,Wallingford,NZ,NZ,-40.21670,176.60000
4285,Waipukurau,NZ,NZ,-39.99820,176.56020
4286,Ashley Clinton,NZ,NZ,-39.95000,176.25000
4287,Norsewood,NZ,NZ,-40.07050,176.21830
4288,Maharakeke,NZ,NZ,-40.01670,176.45000
4291,Porangahau,NZ,NZ,-40.27890,176.62830
4292,Porangahau,NZ,NZ,-40.27890,176.62830
4293,Porangahau,NZ,NZ,-40.27890,176.62830
4294,Waimarama,NZ,NZ,-39.80000,176.98330
4295,Elsthorpe,NZ,NZ,-39.91670,176.81670
4310,Westown,NZ,NZ,-39.07140,174.06220
4312,Fitzroy,NZ,NZ,-39.05000,174.10000
4314,Oakura,NZ,NZ,-39.11670,173.95000
4320,Waitara,NZ,NZ,-39.00160,174.23840
4322,Eltham,NZ,NZ,-39.42920,174.30000
4330,Inglewood,NZ,NZ,-39.15820,174.18020
4332,Stratford,NZ,NZ,-39.33760,174.28370
4335,Okato,NZ,NZ,-39.20000,173.88330
4340,Brooklands,NZ,NZ,-39.07350,174.08210
4341,Fitzroy,NZ,NZ,-39.05000,174.10000
4342,New Plymouth,NZ,NZ,-39.06670,174.08330
4343,Frankleigh Park,NZ,NZ,-39.07820,174.06020
4344,Moturoa,NZ,NZ,-39.06430,174.03560
4345,Oakura,NZ,NZ,-39.11670,173.95000
4346,Waitara,NZ,NZ,-39.00160,174.23840
4347,Inglewood,NZ,NZ,-39.15820,174.18020
4348,Okato,NZ,NZ,-39.20000,173.88330
4349,Urenui,NZ,NZ,-39.00000,174.38330
4350,Mokau,NZ,NZ,-38.69740,174.61920
4351,Bell Block,NZ,NZ,-39.03330,174.15000
4352,Stratford,NZ,NZ,-39.33760,174.28370
4353,Eltham,NZ,NZ,-39.42920,174.30000
4360,Merrilands,NZ,NZ,-39.06800,174.09770
4371,Mangorei,NZ,NZ,-39.15000,174.08330
4372,Hillsborough,NZ,NZ,-39.10000,174.15000
4373,Lepperton,NZ,NZ,-39.06670,174.21670
4374,Oakura,NZ,NZ,-39.11670,173.95000
4375,Okoki,NZ,NZ,-39.01670,174.48330
4376,Awakino,NZ,NZ,-38.65000,174.63330
4377,Uruti,NZ,NZ,-38.95000,174.53330
4378,Okau,NZ,NZ,-38.86670,174.65000
4379,Uruti,NZ,NZ,-38.95000,174.53330
4381,Okato,NZ,NZ,-39.20000,173.88330
4382,Sentry Hill,NZ,NZ,-39.03330,174.20000
4383,Tikorangi,NZ,NZ,-39.03330,174.28330
4386,Kaimiro,NZ,NZ,-39.20000,174.15000
4387,Tarata,NZ,NZ,-39.15000,174.36670
4388,Te Tawa,NZ,NZ,-39.18330,174.21670
4389,Waiongona,NZ,NZ,-39.10000,174.21670
4390,Ratapiko,NZ,NZ,-39.20000,174.31670
4391,Dawson Falls,NZ,NZ,-39.32380,174.10460
4392,Puniwhakau,NZ,NZ,-39.32820,174.61650
4393,Huinga,NZ,NZ,-39.35700,174.43350
4394,Tuna,NZ,NZ,-39.26790,174.29810
4395,Matau,NZ,NZ,-39.16120,174.56350
4396,Tahora,NZ,NZ,-39.03090,174.80260
4397,Tahora,NZ,NZ,-39.03090,174.80260
4398,Eltham,NZ,NZ,-39.42920,174.30000
4399,Moeroa,NZ,NZ,-39.43330,174.63330
4410,Summerhill,NZ,NZ,-40.35250,175.61450
4412,Awapuni,NZ,NZ,-40.37620,175.58380
4414,Kelvin Grove,NZ,NZ,-40.32870,175.64510
4440,Hokowhitu,NZ,NZ,-40.36260,175.63380
4441,Terrace End,NZ,NZ,-40.34830,175.63020
4442,Takaro,NZ,NZ,-40.35790,175.58970
4443,West End,NZ,NZ,-40.36590,175.59840
4444,Terrace End,NZ,NZ,-40.34830,175.63020
4445,Awapuni,NZ,NZ,-40.37620,175.58380
4446,Hokowhitu,NZ,NZ,-40.36260,175.63380
4448,Summerhill,NZ,NZ,-40.36030,175.61430
4470,Ashhurst,NZ,NZ,-40.29110,175.75470
4471,Aokautere,NZ,NZ,-40.36670,175.66670
4473,Carnarvon,NZ,NZ,-40.28330,175.31670
4474,Tokomaru,NZ,NZ,-40.47300,175.50930
4475,Kairanga,NZ,NZ,-40.35000,175.53330
4476,Rongotea,NZ,NZ,-40.29260,175.42510
4477,Mangawhata,NZ,NZ,-40.40000,175.43330
4478,Milson,NZ,NZ,-40.32830,175.61020
4479,Sanson,NZ,NZ,-40.22010,175.42450
4481,Bunnythorpe,NZ,NZ,-40.28330,175.63330
4500,Aramoho,NZ,NZ,-39.90190,175.06470
4501,Gonville,NZ,NZ,-39.93880,175.04570
4510,Waverley,NZ,NZ,-39.76670,174.63330
4520,White Tank,NZ,NZ,-39.75830,174.46670
4540,Wanganui,NZ,NZ,-39.93330,175.05000
4541,Wanganui,NZ,NZ,-39.93330,175.05000
4542,Wanganui East,NZ,NZ,-39.91710,175.06160
4543,Gonville,NZ,NZ,-39.93880,175.04570
4544,Waverley,NZ,NZ,-39.76670,174.63330
4545,White Tank,NZ,NZ,-39.75830,174.46670
4547,Turakina South,NZ,NZ,-40.05150,175.21880
4548,Ratana,NZ,NZ,-40.04120,175.17710
4549,Waitotara,NZ,NZ,-39.80000,174.73330
4571,Brunswick,NZ,NZ,-39.85000,175.01670
4572,Wiritoa,NZ,NZ,-39.96670,175.10000
4573,Kakatahi,NZ,NZ,-39.68330,175.33330
4574,Mowhanau,NZ,NZ,-39.86670,174.90000
4575,Upokonui,NZ,NZ,-39.78330,175.21670
4576,Matahiwi,NZ,NZ,-39.60000,175.15000
4577,Kauangaroa,NZ,NZ,-39.92440,175.28290
4578,Ahuiti,NZ,NZ,-39.63330,175.00000
4581,Turakina,NZ,NZ,-40.04700,175.21470
4582,Okoia,NZ,NZ,-39.93330,175.13330
4584,Whakaihuwaka,NZ,NZ,-39.76670,175.15000
4585,Kakatahi,NZ,NZ,-39.68330,175.33330
4586,Kakatahi,NZ,NZ,-39.68330,175.33330
4587,Nukumaru,NZ,NZ,-39.83330,174.80000
4588,Tawhiwhi,NZ,NZ,-39.63330,174.80000
4591,Nukuhau,NZ,NZ,-39.60000,174.66670
4592,Mangawhio,NZ,NZ,-39.71670,174.71670
4597,Matukuroa,NZ,NZ,-39.68330,174.53330
4598,Hurleyville,NZ,NZ,-39.63330,174.50000
4610,Hawera,NZ,NZ,-39.59170,174.28330
4612,Manaia,NZ,NZ,-39.55000,174.13330
4614,Normanby,NZ,NZ,-39.53330,174.28330
4616,Opunake,NZ,NZ,-39.45560,173.85830
4625,Ohakune,NZ,NZ,-39.40820,175.40020
4632,Raetihi,NZ,NZ,-39.42880,175.27730
4640,Hawera,NZ,NZ,-39.59170,174.28330
4641,Manaia,NZ,NZ,-39.55000,174.13330
4642,Kaponga,NZ,NZ,-39.43330,174.15000
4645,Opunake,NZ,NZ,-39.45560,173.85830
4646,Raetihi,NZ,NZ,-39.42880,175.27730
4660,Ohakune,NZ,NZ,-39.40820,175.40020
4671,Okaiawa,NZ,NZ,-39.53330,174.20000
4672,Meremere,NZ,NZ,-39.58330,174.38330
4673,Te Roti,NZ,NZ,-39.48330,174.26670
4674,Ararata,NZ,NZ,-39.51670,174.36670
4675,Matapu,NZ,NZ,-39.48330,174.23330
4678,Kaupokonui,NZ,NZ,-39.55000,174.06670
4679,Riverlea,NZ,NZ,-39.43330,174.08330
4681,Oaonui,NZ,NZ,-39.40000,173.81670
4682,Waiteika,NZ,NZ,-39.48330,173.90000
4684,Upper Kahui,NZ,NZ,-39.31670,173.88330
4685,Parihaka Pa,NZ,NZ,-39.30000,173.83330
4691,Rangataua,NZ,NZ,-39.43330,175.46670
4694,Raetihi,NZ,NZ,-39.42880,175.27730
4696,Te Ranga,NZ,NZ,-39.30000,175.20000
4702,FEILDING,NZ,NZ,-40.21830,175.54020
4710,Marton,NZ,NZ,-40.06920,175.37820
4720,Taihape,NZ,NZ,-39.67820,175.79800
4730,Hunterville,NZ,NZ,-39.93660,175.56840
4740,FEILDING,NZ,NZ,-40.21830,175.54020
4741,Marton,NZ,NZ,-40.06920,175.37820
4742,Taihape,NZ,NZ,-39.67820,175.79800
4744,Kimbolton,NZ,NZ,-40.05550,175.77940
4745,Hunterville,NZ,NZ,-39.93660,175.56840
4746,Mangaweka,NZ,NZ,-39.80940,175.78880
4771,Umutoi,NZ,NZ,-40.00000,175.96670
4774,Apiti,NZ,NZ,-39.96670,175.88330
4775,Colyton,NZ,NZ,-40.23330,175.65000
4777,Kiwitea,NZ,NZ,-40.11670,175.73330
4779,Waituna West,NZ,NZ,-40.05000,175.61670
4780,Rewa,NZ,NZ,-39.98330,175.63330
4781,Silverhope,NZ,NZ,-39.96590,175.52830
4782,Pukeroa,NZ,NZ,-39.78410,175.49720
4783,Pakihikura,NZ,NZ,-39.93330,175.71670
4784,Silverhope,NZ,NZ,-39.96590,175.52830
4785,Poukiore,NZ,NZ,-39.86940,175.62100
4786,Rewa,NZ,NZ,-39.98330,175.63330
4787,Cliff Road,NZ,NZ,-39.95820,175.54610
4788,Marton,NZ,NZ,-40.06920,175.37820
4789,Marton,NZ,NZ,-40.06920,175.37820
4791,Raketapauma,NZ,NZ,-39.55130,175.65000
4792,Erehwon,NZ,NZ,-39.51650,175.96510
4793,Ohotu,NZ,NZ,-39.71190,175.83890
4794,Utiku,NZ,NZ,-39.73340,175.84380
4795,Waiouru Military Camp,NZ,NZ,-39.47060,175.68170
4796,Taihape,NZ,NZ,-39.67820,175.79800
4797,Ruahine,NZ,NZ,-39.83330,175.90000
4810,Ashhurst,NZ,NZ,-40.29110,175.75470
4814,Foxton,NZ,NZ,-40.46670,175.30000
4815,Foxton Beach,NZ,NZ,-40.46670,175.21670
4816,Ohakea,NZ,NZ,-40.20000,175.40000
4817,Sanson,NZ,NZ,-40.22010,175.42450
4818,Bulls,NZ,NZ,-40.17490,175.38460
4820,Longburn,NZ,NZ,-40.38400,175.54290
4821,Shannon,NZ,NZ,-40.54830,175.42020
4822,Tangimoana,NZ,NZ,-40.30000,175.25000
4825,Waiouru Military Camp,NZ,NZ,-40.41070,175.40440
4826,Waiouru Military Camp,NZ,NZ,-40.41070,175.40440
4847,Ashhurst,NZ,NZ,-40.29110,175.75470
4848,Foxton,NZ,NZ,-40.46670,175.30000
4849,Foxton Beach,NZ,NZ,-40.46670,175.21670
4860,Shannon,NZ,NZ,-40.54830,175.42020
4861,Waiouru,NZ,NZ,-40.33940,175.47710
4862,Sanson,NZ,NZ,-40.22010,175.42450
4863,Bulls,NZ,NZ,-40.17490,175.38460
4864,Tokomaru,NZ,NZ,-40.47300,175.50930
4865,Rongotea,NZ,NZ,-40.29260,175.42510
4866,Longburn,NZ,NZ,-40.38400,175.54290
4867,Bunnythorpe,NZ,NZ,-40.28330,175.63330
4884,Pohangina,NZ,NZ,-40.17340,175.79430
4891,Himatangi,NZ,NZ,-40.40000,175.31670
4893,Marotiri,NZ,NZ,-40.48330,175.35000
4894,Bulls,NZ,NZ,-40.17490,175.38460
4900,Eketahuna,NZ,NZ,-40.64620,175.70370
4910,Pahiatua,NZ,NZ,-40.45340,175.84060
4920,Woodville,NZ,NZ,-40.33720,175.86680
4930,Dannevirke,NZ,NZ,-40.20550,176.10080
4940,Eketahuna,NZ,NZ,-40.64620,175.70370
4941,Pahiatua,NZ,NZ,-40.45340,175.84060
4942,Dannevirke,NZ,NZ,-40.20550,176.10080
4943,Norsewood,NZ,NZ,-40.07050,176.21830
4944,Pongaroa,NZ,NZ,-40.54210,176.19370
4945,Woodville,NZ,NZ,-40.33720,175.86680
4970,Ti-tree Point,NZ,NZ,-40.43700,176.40540
4971,Waipatiki,NZ,NZ,-40.37300,176.28330
4972,Kiritaki,NZ,NZ,-40.23920,175.98270
4973,Waipatiki,NZ,NZ,-40.37300,176.28330
4974,Ngamoko,NZ,NZ,-40.05450,176.16320
4975,Tahoraiti,NZ,NZ,-40.23350,176.05970
4976,Raumati,NZ,NZ,-40.19080,176.14630
4977,Makotuku,NZ,NZ,-40.12060,176.23190
4978,Piripiri,NZ,NZ,-40.17360,176.13470
4979,Waione,NZ,NZ,-40.46950,176.27970
4981,Kaitawa,NZ,NZ,-40.49660,175.89000
4982,Ngaturi,NZ,NZ,-40.46820,175.92270
4983,Ballance,NZ,NZ,-40.40220,175.80170
4984,Konini,NZ,NZ,-40.50460,175.79160
4985,Makuri,NZ,NZ,-40.53330,176.01670
4986,Haunui,NZ,NZ,-40.60850,176.04630
4987,Konini,NZ,NZ,-40.50460,175.79160
4988,Mangamaire,NZ,NZ,-40.51720,175.75260
4989,Makuri,NZ,NZ,-40.53330,176.01670
4990,Waimiro,NZ,NZ,-40.45000,176.23330
4991,Aohanga,NZ,NZ,-40.48850,175.94570
4992,Waione,NZ,NZ,-40.46950,176.27970
4993,Tane,NZ,NZ,-40.57580,175.84780
4994,Eketahuna,NZ,NZ,-40.64620,175.70370
4995,Nireaha,NZ,NZ,-40.61500,175.65290
4996,Tiraumea,NZ,NZ,-40.63330,176.04560
4997,Hopelands,NZ,NZ,-40.35220,175.95280
4998,Papatawa,NZ,NZ,-40.31740,175.92860
4999,Woodville,NZ,NZ,-40.33720,175.86680
5010,Avalon,NZ,NZ,-41.19830,174.92020
5011,Taita,NZ,NZ,-41.20000,174.95000
5012,Petone,NZ,NZ,-41.22830,174.87020
5013,Muritai,NZ,NZ,-41.30250,174.89200
5014,Wainuiomata,NZ,NZ,-41.26670,174.95000
5016,Korokoro,NZ,NZ,-41.21670,174.86670
5018,Maoribank,NZ,NZ,-41.10830,175.09020
5019,Pinehaven,NZ,NZ,-41.15830,175.00020
5022,Elsdon,NZ,NZ,-41.12830,174.82020
5024,Waitangirua,NZ,NZ,-41.11830,174.88020
5026,Karehana Bay,NZ,NZ,-41.07190,174.85750
5028,Grenada North,NZ,NZ,-41.18970,174.84120
5032,Paraparaumu Beach,NZ,NZ,-40.90000,174.98330
5034,Paekakariki,NZ,NZ,-40.98540,174.95450
5036,Waikanae,NZ,NZ,-40.88330,175.06670
5040,Alicetown,NZ,NZ,-41.20830,174.89020
5041,Taita,NZ,NZ,-41.20000,174.95000
5042,Lower Hutt,NZ,NZ,-41.21670,174.91670
5043,Gracefield,NZ,NZ,-41.23330,174.91670
5044,Naenae,NZ,NZ,-41.19830,174.94020
5045,Petone,NZ,NZ,-41.22830,174.87020
5046,Petone,NZ,NZ,-41.22830,174.87020
5047,Eastbourne,NZ,NZ,-41.30000,174.90000
5048,Wainuiomata,NZ,NZ,-41.26670,174.95000
5049,Homedale,NZ,NZ,-41.26670,174.95000
5050,Maungaraki,NZ,NZ,-41.20830,174.87020
5140,Kingsley Heights,NZ,NZ,-41.11830,175.07020
5141,Stokes Valley,NZ,NZ,-41.17830,174.98020
5142,Silverstream,NZ,NZ,-41.15000,175.00000
5143,Trentham,NZ,NZ,-41.13330,175.03330
5240,Ranui Heights,NZ,NZ,-41.13830,174.84020
5242,Onepoto,NZ,NZ,-41.10830,174.84020
5243,Cannons Creek,NZ,NZ,-41.13990,174.86650
5245,Whitby,NZ,NZ,-41.10830,174.89020
5247,Paremata,NZ,NZ,-41.11670,174.86670
5249,Linden,NZ,NZ,-41.14830,174.83020
5250,Waikanae,NZ,NZ,-40.88330,175.06670
5252,Paraparaumu Beach,NZ,NZ,-40.90000,174.98330
5254,Paraparaumu,NZ,NZ,-40.91670,175.01670
5255,Raumati Beach,NZ,NZ,-40.91670,174.98330
5258,Paekakariki,NZ,NZ,-40.98540,174.95450
5371,Upper Hutt,NZ,NZ,-41.13830,175.05020
5372,Kaitoke,NZ,NZ,-41.08330,175.16670
5373,Homedale,NZ,NZ,-41.26670,174.95000
5381,Pukerua Bay,NZ,NZ,-41.03330,174.90000
5391,Reikorangi,NZ,NZ,-40.90000,175.08330
5510,Levin,NZ,NZ,-40.63330,175.27500
5512,Otaki,NZ,NZ,-40.75830,175.15000
5540,Levin,NZ,NZ,-40.63330,175.27500
5541,Manakau,NZ,NZ,-40.71670,175.21670
5542,Otaki,NZ,NZ,-40.75830,175.15000
5543,Otaki,NZ,NZ,-40.75830,175.15000
5544,Te Horo,NZ,NZ,-40.80000,175.10000
5570,Ohau,NZ,NZ,-40.66670,175.25000
5571,Levin,NZ,NZ,-40.63330,175.27500
5572,Waitarere,NZ,NZ,-40.55000,175.20000
5573,Manakau,NZ,NZ,-40.71670,175.21670
5574,Waitarere,NZ,NZ,-40.55000,175.20000
5575,Koputaroa,NZ,NZ,-40.57780,175.33840
5581,Manakau,NZ,NZ,-40.71670,175.21670
5710,Featherston,NZ,NZ,-41.10830,175.32020
5711,Martinborough,NZ,NZ,-41.20830,175.43020
5712,Greytown,NZ,NZ,-41.07830,175.46020
5713,Carterton,NZ,NZ,-41.01830,175.53020
5740,Featherston,NZ,NZ,-41.10830,175.32020
5741,Martinborough,NZ,NZ,-41.20830,175.43020
5742,Greytown,NZ,NZ,-41.07830,175.46020
5743,Carterton,NZ,NZ,-41.01830,175.53020
5771,Kahutara,NZ,NZ,-41.23330,175.33330
5772,Pirinoa,NZ,NZ,-41.35000,175.20000
5773,Cross Creek,NZ,NZ,-41.16670,175.21670
5781,Pahautea,NZ,NZ,-41.23330,175.38330
5782,Waipawa,NZ,NZ,-41.41220,175.51530
5783,Martinborough,NZ,NZ,-41.20830,175.43020
5784,Hinakura,NZ,NZ,-41.30000,175.63330
5791,Carterton,NZ,NZ,-41.01830,175.53020
5792,Parkvale,NZ,NZ,-41.05000,175.55000
5794,Greytown,NZ,NZ,-41.07830,175.46020
5810,Masterton,NZ,NZ,-40.95970,175.65750
5840,Masterton,NZ,NZ,-40.95970,175.65750
5842,Masterton,NZ,NZ,-40.95970,175.65750
5871,Bideford,NZ,NZ,-40.86670,175.86670
5872,Riversdale Beach,NZ,NZ,-41.08830,176.07020
5881,Kopuaranga,NZ,NZ,-40.83330,175.66670
5882,Mauriceville,NZ,NZ,-40.78330,175.70000
5883,Homewood,NZ,NZ,-41.18360,175.95810
5884,Gladstone,NZ,NZ,-41.08330,175.65000
5885,Masterton,NZ,NZ,-40.95970,175.65750
5886,Upper Tauheru,NZ,NZ,-40.90690,175.81110
5887,Clareville,NZ,NZ,-41.01670,175.55000
5888,Solway,NZ,NZ,-40.95830,175.61020
5889,Tinui,NZ,NZ,-40.88330,176.06670
5890,Tauweru,NZ,NZ,-40.96670,175.80000
5894,Tinui,NZ,NZ,-40.88330,176.06670
6011,Mount Victoria,NZ,NZ,-41.29700,174.79360
6012,Karori,NZ,NZ,-41.28370,174.74140
6021,Wellington,NZ,NZ,-41.28660,174.77560
6022,Miramar,NZ,NZ,-41.31600,174.81540
6023,Owhiro Bay,NZ,NZ,-41.33830,174.75020
6035,Khandallah,NZ,NZ,-41.24430,174.78850
6037,Ohariu,NZ,NZ,-41.20000,174.76670
6140,Mount Victoria,NZ,NZ,-41.29700,174.79360
6141,Mount Victoria,NZ,NZ,-41.29700,174.79360
6142,Mount Victoria,NZ,NZ,-41.29700,174.79360
6143,Kelburn,NZ,NZ,-41.28330,174.76670
6144,Kaiwharawhara,NZ,NZ,-41.26670,174.78330
6145,Kelburn,NZ,NZ,-41.28330,174.76670
6146,Mount Victoria,NZ,NZ,-41.29700,174.79360
6147,Karori,NZ,NZ,-41.28370,174.74140
6148,Mount Victoria,NZ,NZ,-41.29700,174.79360
6149,Wellington,NZ,NZ,-41.28660,174.77560
6150,Kelburn,NZ,NZ,-41.28330,174.76670
6160,Kelburn,NZ,NZ,-41.28330,174.76670
6241,Rongotai,NZ,NZ,-41.32120,174.80160
6242,Berhampore,NZ,NZ,-41.32150,174.77540
6243,Miramar,NZ,NZ,-41.31600,174.81540
6244,Strathmore Park,NZ,NZ,-41.32890,174.81990
6440,Newlands,NZ,NZ,-41.22440,174.82190
6441,Ngaio,NZ,NZ,-41.25040,174.77390
6442,Newlands,NZ,NZ,-41.22440,174.82190
6443,Ngaio,NZ,NZ,-41.25040,174.77390
6972,Karori West,NZ,NZ,-41.28830,174.71020
7005,Mapua,NZ,NZ,-41.25000,173.10000
7007,Murchison,NZ,NZ,-41.25000,173.10000
7010,Nelson East,NZ,NZ,-41.27660,173.29980
7011,Stoke,NZ,NZ,-41.31670,173.23330
7020,Richmond,NZ,NZ,-41.33330,173.18330
7022,Brightwater,NZ,NZ,-41.38330,173.11670
7025,Wakefield,NZ,NZ,-41.40000,173.05000
7040,Nelson East,NZ,NZ,-41.27660,173.29980
7041,Stoke,NZ,NZ,-41.31670,173.23330
7042,Nelson South,NZ,NZ,-41.28500,173.27490
7043,Port Nelson,NZ,NZ,-41.26400,173.27630
7044,Wakatu,NZ,NZ,-41.29670,173.24400
7045,Nelson,NZ,NZ,-41.27080,173.28400
7046,Nelson South,NZ,NZ,-41.28500,173.27490
7047,Nelson East,NZ,NZ,-41.27660,173.29980
7048,Mapua,NZ,NZ,-41.25000,173.10000
7049,Murchison,NZ,NZ,-41.28010,173.25410
7050,Richmond,NZ,NZ,-41.33330,173.18330
7051,Brightwater,NZ,NZ,-41.38330,173.11670
7052,Wakefield,NZ,NZ,-41.40000,173.05000
7053,Saint Arnaud,NZ,NZ,-41.80000,172.83330
7054,Collingwood,NZ,NZ,-40.67720,172.68070
7055,Tapawera,NZ,NZ,-41.40000,172.81670
7071,Hira,NZ,NZ,-41.21530,173.39610
7072,Lake Rotoroa,NZ,NZ,-41.80000,172.60000
7073,Baton,NZ,NZ,-41.31670,172.71670
7077,Matakitaki,NZ,NZ,-41.96670,172.33330
7081,Richmond,NZ,NZ,-41.33330,173.18330
7091,Brightwater,NZ,NZ,-41.38330,173.11670
7095,Hiwipango,NZ,NZ,-41.51670,172.93330
7096,Motupiko,NZ,NZ,-41.45000,172.80000
7100,Havelock,NZ,NZ,-41.28330,173.76670
7110,Takaka,NZ,NZ,-40.85000,172.80000
7120,Port Motueka,NZ,NZ,-41.10530,173.24560
7142,Takaka,NZ,NZ,-40.85000,172.80000
7143,Port Motueka,NZ,NZ,-41.10830,173.09580
7144,Upper Moutere,NZ,NZ,-41.26670,173.00000
7145,Rai Valley,NZ,NZ,-41.23330,173.58330
7146,Riwaka,NZ,NZ,-41.08330,173.00000
7150,Havelock,NZ,NZ,-41.28330,173.76670
7173,Mahana,NZ,NZ,-41.26670,173.05000
7175,Braeburn,NZ,NZ,-41.18330,173.00000
7178,Havelock,NZ,NZ,-41.28330,173.76670
7182,Onekaka,NZ,NZ,-40.75000,172.70000
7183,East Takaka,NZ,NZ,-40.91670,172.83330
7192,Tinline,NZ,NZ,-41.26670,173.50000
7193,Kapowai,NZ,NZ,-40.90000,173.83330
7194,Rai Valley,NZ,NZ,-41.23330,173.58330
7195,Tira-ora,NZ,NZ,-41.08330,173.86670
7196,Ngatimoti,NZ,NZ,-41.21670,172.90000
7197,Sandy Bay,NZ,NZ,-41.01670,172.98330
7198,Kairuru,NZ,NZ,-41.03330,172.93330
7201,Witherlea,NZ,NZ,-41.52830,173.95020
7202,Grovetown,NZ,NZ,-41.48330,173.96670
7204,Renwick,NZ,NZ,-41.50000,173.83330
7206,Renwick,NZ,NZ,-41.50000,173.83330
7210,Seddon,NZ,NZ,-41.66670,174.08330
7220,Picton,NZ,NZ,-41.29070,174.00800
7240,Witherlea,NZ,NZ,-41.52830,173.95020
7241,Blenheim,NZ,NZ,-41.51600,173.95280
7242,Witherlea,NZ,NZ,-41.52830,173.95020
7243,Renwick,NZ,NZ,-41.50000,173.83330
7244,Spring Creek,NZ,NZ,-41.46670,173.96670
7246,Tuamarina,NZ,NZ,-41.43330,173.95000
7247,Seddon,NZ,NZ,-41.66670,174.08330
7248,Ward,NZ,NZ,-41.83330,174.13330
7250,Picton,NZ,NZ,-41.29070,174.00800
7251,Waikawa,NZ,NZ,-41.26670,174.05000
7260,Kekerengu,NZ,NZ,-42.00120,174.00770
7271,Hillersden,NZ,NZ,-41.60000,173.43330
7272,Renwick,NZ,NZ,-41.50000,173.83330
7273,Tuamarina,NZ,NZ,-41.43330,173.95000
7274,Upcot,NZ,NZ,-41.90000,173.58330
7275,Te Rou,NZ,NZ,-41.56670,173.46670
7276,Avondale,NZ,NZ,-41.68330,173.63330
7281,Waikawa,NZ,NZ,-41.26670,174.05000
7282,Manaroa,NZ,NZ,-41.11670,174.03330
7284,Whakatahuri,NZ,NZ,-41.01670,174.03330
7285,Taimate,NZ,NZ,-41.78330,174.15000
7300,Waioruarangi,NZ,NZ,-42.64750,173.08760
7310,Cheviot,NZ,NZ,-42.81670,173.26670
7332,Waiau,NZ,NZ,-42.65000,173.05000
7334,Hanmer Springs,NZ,NZ,-42.51670,172.81670
7340,Kaikoura Suburban,NZ,NZ,-42.38330,173.65000
7341,Cheviot,NZ,NZ,-42.81670,173.26670
7343,Waiau,NZ,NZ,-42.65000,173.05000
7345,Culverden,NZ,NZ,-42.76670,172.85000
7348,Hawarden,NZ,NZ,-42.93330,172.63330
7360,Hanmer Springs,NZ,NZ,-42.51670,172.81670
7371,Langridge,NZ,NZ,-41.98330,173.41670
7373,Charwell Forks,NZ,NZ,-42.41670,173.36670
7374,Goose Bay,NZ,NZ,-42.47900,173.52780
7379,Waiau,NZ,NZ,-42.65000,173.05000
7381,Spotswood,NZ,NZ,-42.75000,173.26670
7382,Ethelton,NZ,NZ,-42.88330,173.08330
7383,Domett,NZ,NZ,-42.85000,173.21670
7384,Hawkeswood,NZ,NZ,-42.65000,173.33330
7385,Masons Flat,NZ,NZ,-42.90000,172.55000
7387,Tormore,NZ,NZ,-42.90000,173.13330
7391,Rotherham,NZ,NZ,-42.70000,172.95000
7392,Hanmer Springs,NZ,NZ,-42.51670,172.81670
7395,Hanmer Springs,NZ,NZ,-42.51670,172.81670
7400,Bells,NZ,NZ,-43.30000,172.58330
7402,Waikuku Beach,NZ,NZ,-43.28330,172.71670
7410,Amberley,NZ,NZ,-43.15590,172.72970
7420,Waikari,NZ,NZ,-42.96670,172.68330
7430,Oxford,NZ,NZ,-43.30000,172.18330
7440,Bells,NZ,NZ,-43.30000,172.58330
7441,Amberley,NZ,NZ,-43.15590,172.72970
7442,Waikari,NZ,NZ,-42.96670,172.68330
7443,Oxford,NZ,NZ,-43.30000,172.18330
7444,Cust,NZ,NZ,-43.31670,172.36670
7445,Sefton,NZ,NZ,-43.25000,172.66670
7446,Leithfield,NZ,NZ,-43.20000,172.73330
7447,Waipara,NZ,NZ,-43.06670,172.75000
7448,Waikuku Beach,NZ,NZ,-43.28330,172.71670
7471,West Eyreton,NZ,NZ,-43.35000,172.38330
7472,North Loburn,NZ,NZ,-43.21670,172.50000
7473,Waikuku,NZ,NZ,-43.30000,172.68330
7474,North Loburn,NZ,NZ,-43.21670,172.50000
7481,Amberley,NZ,NZ,-43.15590,172.72970
7482,Waipara,NZ,NZ,-43.06670,172.75000
7483,Omihi,NZ,NZ,-43.01670,172.85000
7491,Waikari,NZ,NZ,-42.96670,172.68330
7495,Oxford,NZ,NZ,-43.30000,172.18330
7500,Sheffield,NZ,NZ,-43.38330,172.01670
7510,Darfield,NZ,NZ,-43.48330,172.11670
7520,Akaroa,NZ,NZ,-43.80380,172.96820
7540,Sheffield,NZ,NZ,-43.38330,172.01670
7541,Darfield,NZ,NZ,-43.48330,172.11670
7542,Akaroa,NZ,NZ,-43.80380,172.96820
7543,Kirwee,NZ,NZ,-43.50000,172.21670
7544,Hororata,NZ,NZ,-43.53330,171.95000
7545,Duvauchelle,NZ,NZ,-43.75000,172.93330
7546,Little River,NZ,NZ,-43.76670,172.78330
7548,Doyleston,NZ,NZ,-43.75000,172.30000
7571,Hawkins,NZ,NZ,-43.48330,172.03330
7572,Lake Coleridge,NZ,NZ,-43.36670,171.53330
7580,Craigieburn,NZ,NZ,-43.10000,171.86670
7581,Akaroa,NZ,NZ,-43.80380,172.96820
7582,Wainui,NZ,NZ,-43.81670,172.90000
7583,Robinsons Bay,NZ,NZ,-43.76670,172.96670
7591,Ataahua,NZ,NZ,-43.78330,172.65000
7600,Burnham,NZ,NZ,-43.61670,172.31670
7602,Southbridge,NZ,NZ,-43.81670,172.25000
7604,Prebbleton,NZ,NZ,-43.58330,172.51670
7608,Lincoln,NZ,NZ,-43.65000,172.48330
7610,Woodend,NZ,NZ,-43.31670,172.66670
7614,Rolleston,NZ,NZ,-43.58330,172.38330
7616,Springston,NZ,NZ,-43.65000,172.41670
7630,Kaiapoi,NZ,NZ,-43.37830,172.64010
7632,Leeston,NZ,NZ,-43.76670,172.30000
7640,Lincoln,NZ,NZ,-43.65000,172.48330
7641,Woodend,NZ,NZ,-43.31670,172.66670
7642,Southbridge,NZ,NZ,-43.81670,172.25000
7643,Rolleston,NZ,NZ,-43.58330,172.38330
7644,Kaiapoi,NZ,NZ,-43.37830,172.64010
7645,Tai Tapu,NZ,NZ,-43.66670,172.55000
7646,Coalgate,NZ,NZ,-43.48330,171.96670
7647,Lincoln,NZ,NZ,-43.65000,172.48330
7649,Springfield,NZ,NZ,-43.33330,171.91670
7656,Leeston,NZ,NZ,-43.76670,172.30000
7657,Dunsandel,NZ,NZ,-43.66670,172.18330
7670,Coutts Island,NZ,NZ,-43.43330,172.61670
7671,Aylesbury,NZ,NZ,-43.53330,172.26670
7672,Motukarara,NZ,NZ,-43.73330,172.58330
7673,Whitecliffs,NZ,NZ,-43.46670,171.90000
7674,Springston South,NZ,NZ,-43.68330,172.43330
7675,Rolleston,NZ,NZ,-43.58330,172.38330
7676,Templeton,NZ,NZ,-43.55000,172.46670
7681,Springfield,NZ,NZ,-43.33330,171.91670
7682,Dunsandel,NZ,NZ,-43.66670,172.18330
7683,Southbridge,NZ,NZ,-43.81670,172.25000
7691,Flaxton,NZ,NZ,-43.35000,172.63330
7692,Wetheral,NZ,NZ,-43.36670,172.58330
7700,Allenton,NZ,NZ,-43.88830,171.74010
7710,Rakaia,NZ,NZ,-43.75000,172.01670
7730,Methven,NZ,NZ,-43.63330,171.65000
7740,Hampstead,NZ,NZ,-43.90830,171.75010
7741,Tinwald,NZ,NZ,-43.91670,171.71670
7742,Allenton,NZ,NZ,-43.88830,171.74010
7743,Rakaia,NZ,NZ,-43.75000,172.01670
7745,Methven,NZ,NZ,-43.63330,171.65000
7746,Mount Somers,NZ,NZ,-43.71670,171.40000
7747,Hinds,NZ,NZ,-44.00000,171.56670
7748,Mayfield,NZ,NZ,-43.81670,171.41670
7771,Staveley,NZ,NZ,-43.65000,171.43330
7772,Mitcham,NZ,NZ,-43.75000,171.85000
7773,Hinds,NZ,NZ,-44.00000,171.56670
7774,Flemington,NZ,NZ,-44.01670,171.73330
7775,Lismore,NZ,NZ,-43.90000,171.48330
7776,Lyndhurst,NZ,NZ,-43.70000,171.71670
7777,Seafield,NZ,NZ,-43.91670,171.90000
7778,Mayfield,NZ,NZ,-43.81670,171.41670
7781,Dorie,NZ,NZ,-43.88330,172.15000
7782,Highbank,NZ,NZ,-43.61670,171.75000
7783,Te Pirita,NZ,NZ,-43.66670,171.95000
7784,Somerton,NZ,NZ,-43.75000,171.91670
7791,Lake Coleridge,NZ,NZ,-43.36670,171.53330
7802,Runanga,NZ,NZ,-42.39830,171.25010
7803,Rewanui,NZ,NZ,-42.38330,171.31670
7804,Roa,NZ,NZ,-42.35000,171.38330
7805,Marsden,NZ,NZ,-42.56670,171.21670
7810,Hokitika,NZ,NZ,-42.71670,170.96670
7811,Kaniere,NZ,NZ,-42.75000,171.00000
7812,Ross,NZ,NZ,-42.88830,170.81010
7822,Hector,NZ,NZ,-41.60000,171.88330
7823,Granity,NZ,NZ,-41.63330,171.85000
7825,Carters Beach,NZ,NZ,-41.75000,171.56670
7830,Reefton,NZ,NZ,-42.11670,171.86670
7832,Kumara,NZ,NZ,-42.62830,171.18010
7840,Cobden,NZ,NZ,-42.44360,171.21290
7841,Runanga,NZ,NZ,-42.39830,171.25010
7842,Hokitika,NZ,NZ,-42.71670,170.96670
7843,Ahaura,NZ,NZ,-42.34920,171.53930
7844,Haast,NZ,NZ,-42.34890,171.50860
7845,Moana,NZ,NZ,-42.58330,171.46670
7846,Ikamatua,NZ,NZ,-42.26670,171.68330
7847,Springs Junction,NZ,NZ,-42.31670,172.18330
7848,Waimangaroa,NZ,NZ,-41.71670,171.76670
7851,Reefton,NZ,NZ,-42.11670,171.86670
7856,Franz Josef/Waiau,NZ,NZ,-43.38910,170.18190
7857,Whataroa,NZ,NZ,-43.28330,170.41670
7859,Weheka,NZ,NZ,-43.46480,170.01680
7860,Ross,NZ,NZ,-42.88830,170.81010
7861,Kumara,NZ,NZ,-42.62830,171.18010
7862,Maruia,NZ,NZ,-42.15450,171.37570
7863,Harihari,NZ,NZ,-42.15450,171.37570
7864,Market Cross,NZ,NZ,-42.15450,171.37570
7865,Charleston,NZ,NZ,-41.90590,171.43830
7866,Carters Beach,NZ,NZ,-41.75000,171.56670
7867,Hector,NZ,NZ,-41.60000,171.88330
7871,Ikamatua,NZ,NZ,-42.26670,171.68330
7872,Bell Hill,NZ,NZ,-42.55000,171.60000
7873,Barrytown,NZ,NZ,-42.25000,171.33330
7875,Aickens,NZ,NZ,-42.78330,171.61670
7881,Kowhitirangi,NZ,NZ,-42.86670,171.01670
7882,Goldsborough,NZ,NZ,-42.66670,171.11670
7883,Kowhitirangi,NZ,NZ,-42.86670,171.01670
7884,Harihari,NZ,NZ,-43.15000,170.55000
7885,Fergusons,NZ,NZ,-42.96670,170.73330
7886,Mahitahi,NZ,NZ,-42.90330,170.88670
7891,Mokihinui Mine,NZ,NZ,-41.58330,172.01670
7892,Te Kuha,NZ,NZ,-41.83330,171.65000
7893,Oparara,NZ,NZ,-41.21670,172.11670
7895,Crushington,NZ,NZ,-42.15000,171.90000
7901,Twizel,NZ,NZ,-44.25840,170.10060
7903,Pleasant Point,NZ,NZ,-44.26670,171.13330
7910,Seaview,NZ,NZ,-44.39660,171.24150
7912,Pareora,NZ,NZ,-44.50000,171.20000
7920,Temuka,NZ,NZ,-44.22830,171.28010
7924,Waimate,NZ,NZ,-44.72840,171.05010
7925,Fairlie,NZ,NZ,-44.10000,170.83330
7930,Geraldine,NZ,NZ,-44.09060,171.24460
7940,Timaru,NZ,NZ,-44.39670,171.25360
7941,Puhuka,NZ,NZ,-44.35830,171.23010
7942,Parkside,NZ,NZ,-44.40290,171.25460
7943,Kensington,NZ,NZ,-44.41200,171.24700
7944,Twizel,NZ,NZ,-44.25840,170.10060
7945,Lake Tekapo,NZ,NZ,-44.00640,170.48030
7946,Glentanner,NZ,NZ,-43.90730,170.12340
7947,Pleasant Point,NZ,NZ,-44.26670,171.13330
7948,Temuka,NZ,NZ,-44.22830,171.28010
7949,Fairlie,NZ,NZ,-44.10000,170.83330
7956,Geraldine,NZ,NZ,-44.09060,171.24460
7957,Cave,NZ,NZ,-44.31670,170.95000
7958,Winchester,NZ,NZ,-44.20000,171.28330
7960,Waimate,NZ,NZ,-44.72840,171.05010
7971,Esk Valley,NZ,NZ,-44.53330,171.08330
7972,Southburn,NZ,NZ,-44.45000,171.10000
7973,Seadown,NZ,NZ,-44.30000,171.26670
7974,Claremont,NZ,NZ,-44.40000,171.08330
7977,Waihaorunga,NZ,NZ,-44.75000,170.81670
7978,Waimate,NZ,NZ,-44.72840,171.05010
7979,Waihao Forks,NZ,NZ,-44.80000,170.93330
7980,Morven,NZ,NZ,-44.83330,171.11670
7982,Hazelburn,NZ,NZ,-44.20000,170.98330
7983,Sutherlands,NZ,NZ,-44.28330,171.05000
7984,Mawaro,NZ,NZ,-44.30000,170.88330
7985,Waitohi Flat,NZ,NZ,-44.21670,171.18330
7986,Orton,NZ,NZ,-44.16670,171.43330
7987,Waikarua,NZ,NZ,-44.03330,170.88330
7988,Esk Valley,NZ,NZ,-44.53330,171.08330
7990,Sherwood Downs,NZ,NZ,-43.96670,170.86670
7991,Te Moana,NZ,NZ,-44.06670,171.13330
7992,Arundel,NZ,NZ,-43.98330,171.28330
7999,Glentanner,NZ,NZ,-43.90730,170.12340
8011,Christchurch,NZ,NZ,-43.53330,172.63330
8013,Christchurch,NZ,NZ,-43.53330,172.63330
8014,Saint Albans,NZ,NZ,-43.51670,172.61670
8022,Cashmere Hills,NZ,NZ,-43.58330,172.63330
8023,Hillsborough,NZ,NZ,-43.56260,172.67370
8024,Spreydon,NZ,NZ,-43.55670,172.61690
8025,Halswell,NZ,NZ,-43.58330,172.56670
8041,Fendalton,NZ,NZ,-43.51670,172.60000
8042,Hei Hei,NZ,NZ,-43.52830,172.52010
8051,Harewood,NZ,NZ,-43.48330,172.58330
8052,Papanui,NZ,NZ,-43.50000,172.61670
8053,Burnside,NZ,NZ,-43.49830,172.56010
8061,Aranui,NZ,NZ,-43.51670,172.70000
8062,Bromley,NZ,NZ,-43.52830,172.68010
8081,Sumner,NZ,NZ,-43.56830,172.76010
8082,Lyttelton,NZ,NZ,-43.60310,172.71760
8083,Ouruhia,NZ,NZ,-43.45000,172.65000
8140,Christchurch,NZ,NZ,-43.53330,172.63330
8141,Christchurch,NZ,NZ,-43.53330,172.63330
8142,Christchurch,NZ,NZ,-43.53330,172.63330
8143,Saint Albans,NZ,NZ,-43.51670,172.61670
8144,Christchurch,NZ,NZ,-43.53330,172.63330
8145,Opawa,NZ,NZ,-43.55500,172.66140
8146,Saint Albans,NZ,NZ,-43.51670,172.61670
8147,Linwood,NZ,NZ,-43.53330,172.65000
8148,Avonside,NZ,NZ,-43.51830,172.66010
8149,Spreydon,NZ,NZ,-43.55670,172.61690
8240,Sydenham,NZ,NZ,-43.54700,172.63590
8241,Woolston,NZ,NZ,-43.54730,172.67740
8242,Beckenham,NZ,NZ,-43.56500,172.64110
8243,Spreydon,NZ,NZ,-43.55670,172.61690
8244,Somerfield,NZ,NZ,-43.55930,172.63130
8245,Halswell,NZ,NZ,-43.58330,172.56670
8246,Hillsborough,NZ,NZ,-43.56260,172.67370
8247,Mount Pleasant,NZ,NZ,-43.56280,172.71520
8440,Riccarton,NZ,NZ,-43.52830,172.59010
8441,Hornby,NZ,NZ,-43.55000,172.53330
8442,Upper Riccarton,NZ,NZ,-43.52830,172.57010
8443,Wigram,NZ,NZ,-43.55000,172.55000
8444,Ilam,NZ,NZ,-43.51830,172.57010
8445,Templeton,NZ,NZ,-43.55000,172.46670
8540,Fendalton,NZ,NZ,-43.51670,172.60000
8542,Papanui,NZ,NZ,-43.50000,172.61670
8543,Harewood,NZ,NZ,-43.48330,172.58330
8544,Harewood,NZ,NZ,-43.48330,172.58330
8545,Burnside,NZ,NZ,-43.49830,172.56010
8546,Belfast,NZ,NZ,-43.45000,172.63330
8640,Dallington,NZ,NZ,-43.50830,172.67010
8641,New Brighton,NZ,NZ,-43.51670,172.73330
8642,Bromley,NZ,NZ,-43.52830,172.68010
8643,Aranui,NZ,NZ,-43.51670,172.70000
8840,Sumner,NZ,NZ,-43.56830,172.76010
8841,Lyttelton,NZ,NZ,-43.60310,172.71760
8842,North New Brighton,NZ,NZ,-43.49180,172.72020
8941,Diamond Harbour,NZ,NZ,-43.62890,172.72540
8942,Diamond Harbour,NZ,NZ,-43.62890,172.72540
8971,Allandale,NZ,NZ,-43.65000,172.65000
8972,Pigeon Bay,NZ,NZ,-43.68800,172.89290
9010,Liberton,NZ,NZ,-45.83840,170.51010
9011,Mornington,NZ,NZ,-45.88330,170.46670
9012,Saint Kilda,NZ,NZ,-45.89840,170.49010
9013,Ocean Grove,NZ,NZ,-45.90000,170.55000
9014,Broad Bay,NZ,NZ,-45.85000,170.61670
9016,Waverley,NZ,NZ,-45.87840,170.52010
9018,Sunnyvale,NZ,NZ,-45.89840,170.41010
9019,Outram,NZ,NZ,-45.86670,170.23330
9022,Maia,NZ,NZ,-45.85840,170.55010
9023,Sawyers Bay,NZ,NZ,-45.83330,170.60000
9024,Mosgiel,NZ,NZ,-45.87500,170.34720
9035,Brighton,NZ,NZ,-45.95000,170.33330
9040,Maryhill,NZ,NZ,-45.87840,170.48010
9041,Opoho,NZ,NZ,-45.84840,170.52010
9042,Kaikorai,NZ,NZ,-45.85840,170.47010
9043,North Dunedin,NZ,NZ,-45.85840,170.51010
9044,Saint Kilda,NZ,NZ,-45.90000,170.51940
9045,Caversham,NZ,NZ,-45.90000,170.48330
9046,Tainui,NZ,NZ,-45.89840,170.51010
9047,Saint Clair,NZ,NZ,-45.91670,170.48330
9048,Portobello,NZ,NZ,-45.85000,170.65000
9049,Saint Kilda,NZ,NZ,-45.90000,170.51940
9050,Port Chalmers,NZ,NZ,-45.81590,170.62100
9052,Green Island,NZ,NZ,-45.88840,170.43010
9053,Mosgiel,NZ,NZ,-45.87500,170.34720
9054,Dunedin,NZ,NZ,-45.87420,170.50360
9058,Dunedin,NZ,NZ,-45.87420,170.50360
9059,Dunedin,NZ,NZ,-45.87420,170.50360
9062,Outram,NZ,NZ,-45.86670,170.23330
9067,Middlemarch,NZ,NZ,-45.51670,170.11670
9069,Waitati,NZ,NZ,-45.75000,170.56670
9073,Berwick,NZ,NZ,-45.95000,170.10000
9074,Clarks,NZ,NZ,-45.73330,170.05000
9076,Wingatui,NZ,NZ,-45.88330,170.38330
9077,Portobello,NZ,NZ,-45.85000,170.65000
9081,Mihiwaka,NZ,NZ,-45.80000,170.63330
9082,Aramoana,NZ,NZ,-45.78330,170.70000
9085,Mount Cargill,NZ,NZ,-45.80000,170.56670
9091,Kuri Bush,NZ,NZ,-46.02470,170.22970
9092,Mosgiel,NZ,NZ,-45.87500,170.34720
9210,Kaitangata,NZ,NZ,-46.27500,169.85000
9220,Milton,NZ,NZ,-46.12080,169.96940
9230,Balclutha,NZ,NZ,-46.23390,169.75000
9231,Stirling,NZ,NZ,-46.25000,169.78330
9240,Balclutha,NZ,NZ,-46.23390,169.75000
9241,Milton,NZ,NZ,-46.12080,169.96940
9242,Clydevale,NZ,NZ,-46.10000,169.53330
9271,Glenomaru,NZ,NZ,-46.38330,169.68330
9272,Hillend,NZ,NZ,-46.13330,169.75000
9273,Warepa,NZ,NZ,-46.25000,169.58330
9274,Greenfield,NZ,NZ,-46.10000,169.58330
9281,Kaitangata,NZ,NZ,-46.27500,169.85000
9282,Wangaloa,NZ,NZ,-46.28330,169.91670
9291,Milburn,NZ,NZ,-46.08330,170.00000
9292,Tokoiti,NZ,NZ,-46.13330,170.00000
9300,Frankton,NZ,NZ,-45.02120,168.73360
9302,Arrowtown,NZ,NZ,-44.93840,168.81010
9304,Lower Shotover,NZ,NZ,-44.98330,168.76670
9305,Wanaka,NZ,NZ,-44.70000,169.15000
9310,Cromwell,NZ,NZ,-45.03840,169.20010
9320,Bridge Hill,NZ,NZ,-45.25840,169.38010
9330,Clyde,NZ,NZ,-45.18650,169.31540
9332,Ranfurly,NZ,NZ,-45.13330,170.10000
9340,Bridge Hill,NZ,NZ,-45.25840,169.38010
9341,Clyde,NZ,NZ,-45.18650,169.31540
9342,Cromwell,NZ,NZ,-45.03840,169.20010
9343,Wanaka,NZ,NZ,-44.70000,169.15000
9344,Albert Town,NZ,NZ,-44.68330,169.20000
9345,Lake Hawea,NZ,NZ,-44.60840,169.26010
9346,Makarora,NZ,NZ,-44.23330,169.23330
9347,Tarras,NZ,NZ,-44.83330,169.41670
9348,Queenstown,NZ,NZ,-45.03020,168.66270
9349,Frankton,NZ,NZ,-45.02120,168.73360
9350,Glenorchy,NZ,NZ,-44.85040,168.38660
9351,Arrowtown,NZ,NZ,-44.93840,168.81010
9352,Omakau,NZ,NZ,-45.08330,169.60000
9353,Ranfurly,NZ,NZ,-45.13330,170.10000
9354,Naseby,NZ,NZ,-45.01840,170.13010
9355,Wedderburn,NZ,NZ,-45.03330,170.01670
9356,Mataura,NZ,NZ,-45.00950,169.50720
9371,Upper Shotover,NZ,NZ,-44.83330,168.71670
9372,Glenorchy,NZ,NZ,-44.85040,168.38660
9376,Matakanui,NZ,NZ,-45.01670,169.56670
9377,Becks,NZ,NZ,-45.00000,169.73330
9381,Glendhu,NZ,NZ,-44.66670,169.01670
9382,Makarora Wharf,NZ,NZ,-44.31670,169.18330
9383,Lindis Crossing,NZ,NZ,-44.88330,169.38330
9384,Gibbston,NZ,NZ,-45.03330,168.96670
9386,Saint Bathans,NZ,NZ,-44.86670,169.81670
9387,Moa Creek,NZ,NZ,-45.20000,169.65000
9391,Clyde,NZ,NZ,-45.18650,169.31540
9392,Fruitlands,NZ,NZ,-45.35000,169.30000
9393,Chatto Creek,NZ,NZ,-45.13330,169.51670
9395,Gimmerburn,NZ,NZ,-45.16670,170.00000
9396,Naseby,NZ,NZ,-45.01840,170.13010
9397,Kokonga,NZ,NZ,-45.21670,170.25000
9398,Paerau,NZ,NZ,-45.41670,169.95000
9400,Oamaru,NZ,NZ,-45.09760,170.97090
9401,Waiareka Junction,NZ,NZ,-45.10000,170.93330
9410,Hampden,NZ,NZ,-45.31840,170.81010
9412,Berwen,NZ,NZ,-45.31840,170.81010
9430,Palmerston,NZ,NZ,-45.11430,170.67190
9435,Wharekuri,NZ,NZ,-45.11430,170.67190
9441,Roxburgh,NZ,NZ,-44.93990,170.54470
9442,Hampden,NZ,NZ,-45.31840,170.81010
9443,Palmerston,NZ,NZ,-45.47840,170.72010
9444,Oamaru,NZ,NZ,-45.09760,170.97090
9445,Duntroon,NZ,NZ,-44.85540,170.68480
9446,Kurow,NZ,NZ,-44.73340,170.46960
9447,Otematata,NZ,NZ,-44.60780,170.19100
9448,Omarama,NZ,NZ,-44.48850,169.96630
9471,Seacliff,NZ,NZ,-45.68330,170.61670
9472,Waikouaiti,NZ,NZ,-45.58840,170.65010
9481,Stoneburn,NZ,NZ,-45.43330,170.56670
9482,Katiki,NZ,NZ,-45.40000,170.83330
9483,Macraes Flat,NZ,NZ,-45.38330,170.43330
9491,Tokarahi,NZ,NZ,-44.95000,170.65000
9492,Kauru Hill,NZ,NZ,-45.10000,170.75000
9493,Hilderthorpe,NZ,NZ,-44.98330,171.06670
9494,Island Cliff,NZ,NZ,-44.95000,170.66670
9495,Herbert,NZ,NZ,-45.23330,170.78330
9498,Kaingapai,NZ,NZ,-44.60000,170.56670
9500,Roxburgh,NZ,NZ,-45.54060,169.31470
9510,Waikouaiti,NZ,NZ,-45.94190,169.54990
9522,Tapanui,NZ,NZ,-45.93840,169.26010
9532,Lawrence,NZ,NZ,-45.90840,169.69010
9534,Clinton,NZ,NZ,-46.20000,169.36670
9535,Owaka,NZ,NZ,-46.45000,169.66670
9541,Waikouaiti,NZ,NZ,-46.03200,169.47900
9542,Tapanui,NZ,NZ,-45.93840,169.26010
9543,Lawrence,NZ,NZ,-45.90840,169.69010
9544,Millers Flat,NZ,NZ,-45.66310,169.41170
9546,Owaka,NZ,NZ,-46.45000,169.66670
9548,Clinton,NZ,NZ,-46.20000,169.36670
9571,Roxburgh Hydro,NZ,NZ,-45.48030,169.31280
9572,Millers Flat,NZ,NZ,-45.66310,169.41170
9583,Clinton,NZ,NZ,-46.20000,169.36670
9584,Clinton,NZ,NZ,-46.20000,169.36670
9585,New Haven,NZ,NZ,-46.46670,169.71670
9586,Puketiro,NZ,NZ,-46.48330,169.48330
9587,Park Hill,NZ,NZ,-45.81670,169.21670
9588,Raes Junction,NZ,NZ,-45.78330,169.46670
9591,Beaumont,NZ,NZ,-45.82250,169.53010
9593,Waitahuna,NZ,NZ,-45.98330,169.76670
9596,Ngapuna,NZ,NZ,-45.45000,170.16670
9597,Rocklands,NZ,NZ,-45.66670,169.98330
9598,Ngapuna,NZ,NZ,-45.45000,170.16670
9600,Te Anau,NZ,NZ,-45.41670,167.71670
9610,Otautau,NZ,NZ,-46.15000,168.00000
9620,Tuatapere,NZ,NZ,-46.13330,167.68330
9630,Nightcaps,NZ,NZ,-45.96670,168.03330
9635,Ohai,NZ,NZ,-45.91670,167.95000
9640,Te Anau,NZ,NZ,-45.41670,167.71670
9641,Otautau,NZ,NZ,-46.15000,168.00000
9642,Tuatapere,NZ,NZ,-46.13330,167.68330
9643,Manapouri,NZ,NZ,-45.56690,167.61150
9644,Nightcaps,NZ,NZ,-45.96670,168.03330
9645,Ohai,NZ,NZ,-45.91670,167.95000
9672,The Key,NZ,NZ,-45.55000,167.90000
9679,Te Anau,NZ,NZ,-45.41670,167.71670
9682,Eastern Bush,NZ,NZ,-45.98330,167.76670
9683,Fairfax,NZ,NZ,-46.20000,168.05000
9689,Ngaro,NZ,NZ,-45.90000,167.98330
9691,Wairoto,NZ,NZ,-45.98330,167.60000
9710,East Gore,NZ,NZ,-46.08840,168.95010
9712,Mataura,NZ,NZ,-46.17840,168.85010
9720,Winton,NZ,NZ,-46.15000,168.33330
9730,Lumsden,NZ,NZ,-45.73330,168.45000
9740,East Gore,NZ,NZ,-46.08840,168.95010
9741,Winton,NZ,NZ,-46.15000,168.33330
9742,Lumsden,NZ,NZ,-45.73330,168.45000
9743,Waikaka,NZ,NZ,-45.91670,169.01670
9744,Riversdale,NZ,NZ,-45.90000,168.75000
9745,Waikaia,NZ,NZ,-45.73330,168.85000
9746,Balfour,NZ,NZ,-45.83330,168.58330
9747,Mossburn,NZ,NZ,-45.66670,168.25000
9748,Kingston,NZ,NZ,-45.33330,168.70000
9749,Athol,NZ,NZ,-45.51670,168.58330
9750,Garston,NZ,NZ,-45.46670,168.68330
9752,Dipton,NZ,NZ,-45.90000,168.36670
9771,Conical Hills,NZ,NZ,-46.06670,169.23330
9772,Pukerau,NZ,NZ,-46.10000,169.10000
9773,Wendon Valley,NZ,NZ,-45.88330,168.96670
9774,Mataura,NZ,NZ,-46.17840,168.85010
9775,Waikoikoi,NZ,NZ,-46.01670,169.15000
9776,Riversdale,NZ,NZ,-45.90000,168.75000
9777,Waipounamu,NZ,NZ,-45.85000,168.76670
9778,Garston,NZ,NZ,-45.46670,168.68330
9779,Balfour,NZ,NZ,-45.83330,168.58330
9781,Lochiel,NZ,NZ,-46.20000,168.33330
9782,Otapiri Gorge,NZ,NZ,-46.05000,168.45000
9783,South Hillend,NZ,NZ,-46.05000,168.25000
9791,Dipton,NZ,NZ,-45.90000,168.36670
9792,Mossburn,NZ,NZ,-45.66670,168.25000
9793,Kingston,NZ,NZ,-45.33330,168.70000
9794,Lumsden,NZ,NZ,-45.73330,168.45000
9810,Waverley,NZ,NZ,-46.38840,168.38010
9812,Tisbury,NZ,NZ,-46.45000,168.40000
9814,Bluff,NZ,NZ,-46.60000,168.33330
9816,Wallacetown,NZ,NZ,-46.33330,168.28330
9818,Halfmoon Bay (Oban),NZ,NZ,-46.89890,168.12900
9822,Riverton,NZ,NZ,-46.35000,168.01670
9825,Edendale,NZ,NZ,-46.31670,168.78330
9831,Wyndham,NZ,NZ,-46.33330,168.85000
9840,Richmond,NZ,NZ,-46.40840,168.36010
9841,Glengarry,NZ,NZ,-46.39840,168.37010
9842,East End,NZ,NZ,-46.60420,168.34720
9843,Waikiwi,NZ,NZ,-46.38330,168.33330
9844,Strathern,NZ,NZ,-46.42840,168.36010
9845,Hawthorndale,NZ,NZ,-46.39840,168.38010
9846,Half-moon Bay,NZ,NZ,-46.40240,168.42230
9847,Riverton,NZ,NZ,-46.35000,168.01670
9848,Edendale,NZ,NZ,-46.31670,168.78330
9849,Wyndham,NZ,NZ,-46.33330,168.85000
9871,Woodlands,NZ,NZ,-46.36670,168.55000
9872,Mabel Bush,NZ,NZ,-46.28330,168.53330
9874,Waianiwa,NZ,NZ,-46.30000,168.26670
9875,Fortrose,NZ,NZ,-46.56670,168.80000
9876,Makarewa,NZ,NZ,-46.33330,168.35000
9877,Awarua Plains,NZ,NZ,-46.48330,168.38330
9879,Otatara,NZ,NZ,-46.43330,168.30000
9881,Round Hill,NZ,NZ,-46.31670,167.81670
9883,Gummies Bush,NZ,NZ,-46.28330,168.01670
9884,Niagara,NZ,NZ,-46.60000,169.13330
9891,Glenham,NZ,NZ,-46.40000,168.85000
9892,Mokoreta,NZ,NZ,-46.43330,169.06670
9893,Kamahi,NZ,NZ,-46.33330,168.71670
