company_id,website,website_source,careers_url,careers_checked_on
74SW.PA,http://www.axway.fr,wikidata,,2026-09-19
A,http://www.agilent.com,wikidata,,2026-09-19
A3M.MC,https://www.atresmedia.com,wikidata,,2026-09-19
AA,http://www.alcoa.com,wikidata,https://www.alcoa.com/careers/en,2026-09-19
AADX,,,,
AAF.L,http://africa.airtel.com,wikidata,,2026-09-19
AAL,https://www.aa.com,wikidata,,2026-09-19
AAL.L,https://angloamerican.com,wikidata,https://www.angloamerican.com/careers,2026-09-19
AALB.AS,http://www.aalberts.com,wikidata,https://aalberts.com/careers,2026-09-19
AAME,,,,
AAMI,https://www.acadian-inc.com,sec filing,,2026-09-19
AAOI,http://ao-inc.com,wikidata,https://ao-inc.com/about-us/careers/,2026-09-19
AAON,http://www.aaon.com,wikidata,https://www.aaon.com/careers,2026-09-19
AAP,https://shop.advanceautoparts.com,wikidata,,2026-09-19
AAPL,https://apple.com,wikidata,https://www.apple.com/careers/us/,2026-09-19
AARD,https://www.aardvarktherapeutics.com,sec filing,,2026-09-19
AAT,https://www.americanassetstrust.com,sec filing,,2026-09-19
AAUC,https://www.alliedgold.com,sec filing,,2026-09-19
AAWH,,,,
ABAT,https://www.americanbatterytechnology.com,sec filing,,2026-09-19
ABBV,http://www.abbvie.com,wikidata,,2026-09-19
ABCB,https://www.amerisbank.com,wikidata,,2026-09-19
ABCL,https://www.abcellera.com,sec filing,https://www.abcellera.com/careers,2026-09-19
ABDN.L,https://aberdeenplc.com,wikidata,https://www.aberdeenplc.com/en-gb/careers,2026-09-19
ABEO,https://www.abeonatherapeutics.com,sec filing,https://www.abeonatherapeutics.com/join-us/,2026-09-19
ABEO.PA,,,,
ABF.L,http://abf.co.uk,wikidata,,2026-09-19
ABG,http://www.asburyauto.com,wikidata,,2026-09-19
ABIT,https://www.athenabitcoin.com,sec filing,,2026-09-19
ABL.KA,http://www.abl.com,exchange profile,https://www.abl.com/careers/,2026-09-19
ABM,https://www.abm.com,wikidata,https://www.abm.com/careers,2026-09-19
ABNB,https://www.airbnb.com,wikidata,,2026-09-19
ABNX.PA,http://www.cerenis.com,wikidata,,2026-09-19
ABOT.KA,http://www.pk.abbott,exchange profile,https://www.pk.abbott/careers.html,2026-09-19
ABSI,https://www.absci.com,sec filing,https://www.absci.com/career/,2026-09-19
ABT,https://abbott.com,wikidata,https://www.abbott.com/en-us/careers,2026-09-19
ABT.MI,,,,
ABTC,https://www.abtc.com,sec filing,,2026-09-19
ABUS,http://arbutusbio.com,wikidata,https://www.arbutusbio.com/culture-careers/,2026-09-19
ABVC,https://www.abvcpharma.com,sec filing,https://lylouthelabel.com/,2026-09-19
ABX,https://www.barrick.com,wikidata,,2026-09-19
AC.PA,https://all.accor.com,wikidata,https://careers.accor.com/,2026-09-19
AC5.MI,https://www.gruppoacinque.it,wikidata,,2026-09-19
ACA,https://www.arcosa.com,sec filing,https://www.arcosa.com/jobs/,2026-09-19
ACA.PA,https://www.credit-agricole.com,wikidata,,2026-09-19
ACAD,http://www.acadia-pharm.com,wikidata,https://acadia.com/en-us/careers,2026-09-19
ACB,https://auroramj.com,wikidata,,2026-09-19
ACCO,https://www.accobrands.com,wikidata,https://www.accobrands.com/careers/,2026-09-19
ACCS,https://www.accessnewswire.com,sec filing,,2026-09-19
ACDC,https://www.profrac.com,sec filing,https://jobs.dayforcehcm.com/en-US/pfhc/PFEXT?preview=scale-300%3A%23bcbec0%3Balert%3A%23ff5500%3Bscale%3A%23393839%3Bscale-600%3A%23ffffff%3Bscale-100%3A%234d4d4f%3Bsecondary%3A%23747e88%3Bscale-400%3A%23e2e3e4%3Bsuccess%3A%2300c63c%3Berror%3A%23eb0000%3Baccent%3A%2396d700%3Bscale-500%3A%23f1f1f2%3Blight%3A%2396d700%3Bscale-200%3A%23747679%3Battention%3A%23ffd652%3Bprimary%3A%23484e54,2026-09-19
ACE.MI,https://gruppo.acea.it,wikidata,,2026-09-19
ACEL,https://www.accelentertainment.com,sec filing,https://accelentertainment.wd12.myworkdayjobs.com/AccelEntertainment_Careers,2026-09-19
ACFN,http://www.acornenergy.com,wikidata,,2026-09-19
ACGP,https://www.associated-capital-group.com,sec filing,https://www.associated-capital-group.com/firm/CareerOpportunities,2026-09-19
ACH,https://owens-minor.com,wikidata,https://owensminor.wd1.myworkdayjobs.com/OMCareers,2026-09-19
ACHC,http://www.acadiahealthcare.com,wikidata,https://www.acadiacareers.com/us/en,2026-09-19
ACHR,http://archer.com,wikidata,https://archer.com/careers,2026-09-19
ACI,https://www.albertsonscompanies.com,wikidata,,2026-09-19
ACIC,https://www.upcinsurance.com,wikidata,,2026-09-19
ACIW,https://www.aciworldwide.com,wikidata,https://www.aciworldwide.com/about-aci/careers,2026-09-19
ACLS,http://www.axcelis.com,wikidata,https://www.axcelis.com/careers/careers/,2026-09-19
ACM,https://aecom.com,wikidata,https://aecom.com/careers,2026-09-19
ACMR,https://www.acmrcsh.com,sec filing,,2026-09-19
ACNB,,,,
ACNT,https://www.ascentco.com,sec filing,https://ascentco.com/careers/,2026-09-19
ACOG,https://www.alphacognition.com,sec filing,https://www.alphacognition.com/careers/,2026-09-19
ACOMO.AS,,,,
ACON,https://www.aclarion.com,sec filing,,2026-09-19
ACPL.KA,http://www.attockcement.com,exchange profile,https://attockcement.com/career/,2026-09-19
ACR,https://www.acresreit.com,sec filing,https://acrescap.com/careers/,2026-09-19
ACRE,https://www.arescre.com,sec filing,,2026-09-19
ACRS,https://www.aclaristx.com,sec filing,https://www.aclaristx.com/careers/,2026-09-19
ACS.MC,http://www.grupoacs.com,wikidata,,2026-09-19
ACT,http://www.actavis.com,wikidata,,2026-09-19
ACTG,http://www.acaciaresearch.com,wikidata,,2026-09-19
ACU,http://www.acmeunited.com,wikidata,,2026-09-19
ACVA,https://www.acvauto.com,sec filing,https://www.acvauctions.com/careers/overview,2026-09-19
ACX.MC,http://www.acerinox.com,wikidata,,2026-09-19
AD,https://www.arrayinc.com,sec filing,https://external-array.icims.com/jobs/search?ss=1,2026-09-19
AD.AS,http://www.ahold.com,wikidata,https://aholddelhaize.com/careers/,2026-09-19
ADB.MI,,,,
ADBE,https://www.adobe.com,wikidata,https://www.adobe.com/careers.html,2026-09-19
ADC,https://www.agreerealty.com,sec filing,,2026-09-19
ADEA,https://www.adeia.com,sec filing,https://adeia.com/career-opportunities,2026-09-19
ADGM,https://www.adagiomedical.com,sec filing,https://adagiomedical.com/careers,2026-09-19
ADI,https://www.analog.com,wikidata,,2026-09-19
ADIG,,,,
ADM,https://adm.com,wikidata,https://www.adm.com/en-us/culture-and-careers/,2026-09-19
ADM.L,http://www.admiralgroup.co.uk,wikidata,,2026-09-19
ADMA,http://www.admabiologics.com,wikidata,https://www.admabiologics.com/careers,2026-09-19
ADMQ,,,,
ADOC.PA,,,,
ADP,http://www.adp.com,wikidata,https://jobs.adp.com/?rb=ADP_COM,2026-09-19
ADP.PA,https://www.parisaeroport.fr,wikidata,,2026-09-19
ADPT,http://www.adaptivebiotech.com,wikidata,https://www.adaptivebiotech.com/career-listings/,2026-09-19
ADSK,https://www.autodesk.com,wikidata,,2026-09-19
ADT,https://www.adt.com,wikidata,,2026-09-19
ADTN,http://www.adtran.com,wikidata,https://www.adtran.com/en/about-us/careers,2026-09-19
ADUR,https://www.adurocleantech.com,sec filing,https://www.adurocleantech.com/careers,2026-09-19
ADUS,https://www.addus.com,sec filing,https://addus.com/careers/,2026-09-19
ADV,https://www.advantagesolutions.net,sec filing,,2026-09-19
ADYEN.AS,https://www.adyen.com,wikidata,https://careers.adyen.com/,2026-09-19
AEDES.MI,https://www.restart-group.com,wikidata,,2026-09-19
AEE,https://www.ameren.com,wikidata,https://www.ameren.com/career,2026-09-19
AEF.MI,,,,
AEHL,https://www.aehltd.com,sec filing,,2026-09-19
AEHR,https://www.aehr.com,wikidata,https://www.aehr.com/about-us/#careers,2026-09-19
AEI,https://www.alsetinc.com,sec filing,,2026-09-19
AEIS,http://www.advanced-energy.com,wikidata,https://www.advancedenergy.com/en-us/about/working-at-advanced-energy/,2026-09-19
AEM,http://www.agnico-eagle.com,wikidata,,2026-09-19
AEMD,http://www.aethlonmedical.com,wikidata,https://www.aethlonmedical.com/careers,2026-09-19
AENA.MC,http://www.enaire.es,wikidata,,2026-09-19
AENT,https://www.aent.com,sec filing,https://www.aent.com/careers,2026-09-19
AEO,https://www.ae.com,wikidata,https://hcml.fa.us2.oraclecloud.com/hcmUI/CandidateExperience/en/sites/AEO-Careers/,2026-09-19
AEP,https://www.aep.com,wikidata,https://www.aep.com/careers/,2026-09-19
AERA,,,,
AES,https://www.aes.com,wikidata,https://www.aes.com/about-us/careers,2026-09-19
AESI,https://www.atlas.energy,sec filing,https://www.atlas.energy/careers,2026-09-19
AEVA,https://www.aeva.com,wikidata,https://www.aeva.com/careers/,2026-09-19
AEYE,https://www.audioeye.com,sec filing,,2026-09-19
AF.PA,http://www.airfranceklm.com,wikidata,,2026-09-19
AFCG,https://www.advancedflowercapital.com,sec filing,,2026-09-19
AFG,https://www.afginc.com,wikidata,,2026-09-19
AFL,https://www.aflac.com,wikidata,https://careers.aflac.com/,2026-09-19
AFRM,https://www.affirm.com,wikidata,https://www.affirm.com/careers,2026-09-19
AGCO,http://www.agcocorp.com,wikidata,https://careers.agcocorp.com/,2026-09-19
AGEN,http://www.agenusbio.com,wikidata,,2026-09-19
AGHA.KA,http://www.aghasteel.com,exchange profile,https://aghasteel.com/careers/,2026-09-19
AGIG,https://www.abundiaimpact.com,sec filing,,2026-09-19
AGIL.KA,http://www.agriauto.com.pk,exchange profile,http://www.agriauto.com.pk/career/,2026-09-19
AGIO,http://www.agios.com,wikidata,https://phe.tbe.taleo.net/phe03/ats/careers/v2/jobSearch?act=redirectCwsV2&cws=37&org=AGIOS,2026-09-19
AGL,https://www.agilonhealth.com,sec filing,https://www.agilonhealth.com/careers,2026-09-19
AGM,http://www.farmermac.com,wikidata,https://www.farmermac.com/careers?hsLang=en,2026-09-19
AGN.AS,,,,
AGNT,https://expworldholdings.com,wikidata,https://www.agnt.inc/careers,2026-09-19
AGP.MI,https://www.alteagreenpower.it,wikidata,,2026-09-19
AGPU,https://www.axecompute.com,sec filing,https://www.linkedin.com/company/axecompute/jobs/,2026-09-19
AGQ,https://www.proshares.com,sec filing,https://www.proshares.com/about/careers,2026-09-19
AGSS,https://www.ameriguardsecurity.com,sec filing,,2026-09-19
AGTL.KA,http://www.alghazitractors.com,exchange profile,,2026-09-19
AGX,https://arganinc.com,wikidata,,2026-09-19
AGYS,http://www.agilysys.com,wikidata,,2026-09-19
AHCL.KA,http://www.arifhabibcorp.com,exchange profile,https://arifhabibcorp.com/career.php,2026-09-19
AHCO,https://www.adapthealth.com,sec filing,https://adapthealth.com/pages/careers,2026-09-19
AHL.KA,http://www.arifhabibltd.com,exchange profile,https://www.arifhabibltd.com/careers,2026-09-19
AHR,https://www.americanhealthcarereit.com,sec filing,,2026-09-19
AHRT,https://www.ahrealtytrust.com,sec filing,https://ahrealtytrust.com/careers/,2026-09-19
AHT,https://www.ahtreit.com,sec filing,https://recruiting.adp.com/srccar/public/RTI.home?c=2177507&d=Ashford,2026-09-19
AHTM.KA,http://www.ahtml.com.pk,exchange profile,https://ahtml.com.pk/careers/,2026-09-19
AI,http://www.c3.ai,wikidata,https://www.c3.ai/careers,2026-09-19
AI.MC,https://www.airliquide.ca,wikidata,,2026-09-19
AI.PA,https://www.airliquide.ca,wikidata,,2026-09-19
AIAI,,,,
AIB,,,,
AICL.KA,http://www.adamjeeinsurance.com,exchange profile,,2026-09-19
AIDX,https://www.2020biolabs.com,sec filing,,2026-09-19
AIFA,,,,
AIFC,,,,
AIFF,https://www.fireflyneuro.com,sec filing,https://fireflyneuro.com/careers,2026-09-19
AIG,https://www.aig.com,wikidata,https://www.aig.com/home/careers,2026-09-19
AII,https://www.aii.com,sec filing,,2026-09-19
AIM,https://www.aimia.com,wikidata,,2026-09-19
AIMD,https://www.ainos.com,sec filing,,2026-09-19
AIN,http://albint.com,wikidata,https://www.albint.com/careers/,2026-09-19
AIOT,https://www.powerfleet.com,wikidata,,2026-09-19
AIP,https://www.arteris.com,sec filing,https://www.arteris.com/careers,2026-09-19
AIR,http://www.aarcorp.com,wikidata,https://www.aarcorp.com/en/careers/,2026-09-19
AIRE,https://www.realpha.com,sec filing,,2026-09-19
AIRG,https://www.airgain.com,sec filing,https://airgain.com/company/careers/,2026-09-19
AIRI,,,,
AIRLINK.KA,http://www.airlinkcommunication.net,exchange profile,https://www.airlinkcommunication.com/careers/,2026-09-19
AIRO,,,,
AIRS,https://www.airsculpt.com,sec filing,https://job-boards.greenhouse.io/airsculpt,2026-09-19
AIRT,https://www.airt.com,sec filing,https://airt.com/company/careers/,2026-09-19
AISP,https://www.airship.ai,sec filing,,2026-09-19
AIT,http://www.applied.com,wikidata,,2026-09-19
AITX,https://www.aitx.ai,sec filing,,2026-09-19
AIV,http://www.aimco.com,wikidata,https://aimcodevco.wd5.myworkdayjobs.com/Aimco,2026-09-19
AIZ,http://www.assurant.com,wikidata,https://jobs.assurant.com/,2026-09-19
AJAX.AS,,,,
AJB.L,http://www.ajbell.co.uk,wikidata,https://www.ajbell.co.uk/group/careers,2026-09-19
AJG,http://www.ajg.com,wikidata,,2026-09-19
AKA,https://www.aka-brands.com,sec filing,https://jobs.lever.co/akabrands,2026-09-19
AKAM,https://www.akamai.com,wikidata,,2026-09-19
AKBA,https://www.akebia.com,sec filing,https://akebia.com/join/,2026-09-19
AKBL.KA,http://www.askaribank.com.pk,exchange profile,,2026-09-19
AKE.PA,http://www.arkema.com,wikidata,https://www.arkema.com/global/en/careers/,2026-09-19
AKR,http://www.acadiarealty.com,wikidata,,2026-09-19
AKTS,https://www.aktisoncology.com,sec filing,https://www.aktisoncology.com/join-us/,2026-09-19
AKTX,https://www.akaritx.com,sec filing,,2026-09-19
AKZA.AS,https://www.akzonobel.com,wikidata,https://www.akzonobel.com/en/careers,2026-09-19
ALAB,https://www.asteralabs.com,wikidata,https://www.asteralabs.com/careers,2026-09-19
ALB,http://www.albemarle.com,wikidata,https://www.albemarle.com/us/en/careers,2026-09-19
ALB.MC,https://www.corporacionalba.es,wikidata,,2026-09-19
ALC,http://www.alcon.com,wikidata,https://www.alcon.com/careers/,2026-09-19
ALCLA.PA,http://www.avanquest.com,wikidata,https://www.avanquestgroup.com/join-us,2026-09-19
ALCO,http://www.alicoinc.com,wikidata,https://www.paycomonline.net/v4/ats/web.php/jobs?clientkey=584755F650CB2DD38F75B79D42B239E6,2026-09-19
ALEC,https://www.alector.com,wikidata,https://www.alector.com/culture-careers/,2026-09-19
ALFA.L,,,,
ALFEN.AS,https://alfen.com,wikidata,,2026-09-19
ALFER.PA,https://www.sergeferrari.com,wikidata,https://www.sergeferrari.com/en/carrer/,2026-09-19
ALFOR.PA,,,,
ALG,http://www.alamo-group.com,wikidata,https://www.alamo-group.com/careers/,2026-09-19
ALGM,https://www.allegromicro.com,wikidata,https://www.allegromicro.com/en/about-allegro/careers,2026-09-19
ALGN,https://www.aligntech.com,wikidata,https://www.aligntech.com/careers,2026-09-19
ALGS,https://www.aligos.com,sec filing,https://aligos.com/careers/,2026-09-19
ALGT,https://www.allegiantair.com,wikidata,,2026-09-19
ALH,https://www.alliancelaundry.com,sec filing,https://alliancelaundry.com/careers-at-alliance/,2026-09-19
ALHC,https://www.alignmenthealth.com,sec filing,https://www.alignmenthealth.com/careers,2026-09-19
ALHYF.PA,,,,
ALIFE.KA,http://www.adamjeelife.com,exchange profile,https://www.adamjeelife.com/en/careers,2026-09-19
ALIT,https://www.alight.com,sec filing,https://careers.alight.com/,2026-09-19
ALK,https://www.alaskaair.com,wikidata,,2026-09-19
ALKT,https://www.alkami.com,wikidata,https://www.alkami.com/careers/,2026-09-19
ALL,https://www.allstate.com,wikidata,,2026-09-19
ALLO,https://www.allogene.com,sec filing,https://allogene.com/careers,2026-09-19
ALLR,https://www.allarity.com,sec filing,https://allarity.com/careers/,2026-09-19
ALLY,https://www.ally.com,wikidata,https://www.ally.com/about/careers/,2026-09-19
ALM,https://www.almonty.com,sec filing,,2026-09-19
ALM.MC,http://www.almirall.com,wikidata,,2026-09-19
ALMR,,,,
ALMS,https://www.alumis.com,sec filing,https://www.alumis.com/careers/,2026-09-19
ALMU,https://www.aeluma.com,sec filing,https://www.aeluma.com/careers,2026-09-19
ALNRS.KA,http://www.alnoorsugar.co,exchange profile,,2026-09-19
ALNT,https://www.allient.com,sec filing,https://allient.com/careers/,2026-09-19
ALNT.MC,https://www.alantra.com,wikidata,https://www.alantra.com/careers/,2026-09-19
ALNY,http://www.alnylam.com,wikidata,https://www.alnylam.com/careers,2026-09-19
ALO.PA,https://www.alstom.com,wikidata,https://www.alstom.com/careers,2026-09-19
ALOY,,,,
ALPWG.PA,https://www.prodways-group.com,wikidata,,2026-09-19
ALRM,http://www.alarm.com,wikidata,https://alarm.com/careers/,2026-09-19
ALRS,https://www.alerus.com,sec filing,https://www.alerus.com/about/careers/,2026-09-19
ALSN,http://www.allisontransmission.com,wikidata,https://www.allisontransmission.com/careers,2026-09-19
ALT,http://altimmune.com,wikidata,,2026-09-19
ALTA.PA,https://www.altarea.com,wikidata,,2026-09-19
ALTG,https://www.altg.com,sec filing,https://altg.com/career/,2026-09-19
ALTI,http://www.altairnano.com,wikidata,,2026-09-19
ALTN.L,,,,
ALTO,https://www.altoscomputing.com,wikidata,,2026-09-19
ALTOU.PA,http://www.touax.com,wikidata,https://www.touax.com/en/job-offers,2026-09-19
ALUR,https://www.allurion.com,sec filing,https://www.allurion.com/en-us/careers,2026-09-19
ALV,http://www.autoliv.com,wikidata,https://career.autoliv.com/,2026-09-19
ALX,http://www.alx-inc.com,wikidata,,2026-09-19
ALX.AS,,,,
AM,https://www.americangreetings.com,wikidata,,2026-09-19
AMAL,https://www.amalgamatedbank.com,sec filing,https://www.amalgamatedbank.com/careers,2026-09-19
AMAT,https://www.appliedmaterials.com,wikidata,,2026-09-19
AMBA,http://www.ambarella.com,wikidata,https://ambarella.wd108.myworkdayjobs.com/Ambarella,2026-09-19
AMBO,https://www.ambow.com,sec filing,,2026-09-19
AMBQ,https://www.ambiq.com,sec filing,https://ambiq.com/careers/,2026-09-19
AMC,https://www.amctheatres.com,wikidata,,2026-09-19
AMCI,,,,
AMCX,https://www.amcglobalmedia.com,wikidata,https://www.amcglobalmedia.com/careers/,2026-09-19
AMD,https://www.amd.com,wikidata,,2026-09-19
AME,http://ametek.co.jp,wikidata,,2026-09-19
AMG,http://www.amg.com,wikidata,https://www.amg.com/about-amg/culture/careers/,2026-09-19
AMG.AS,http://www.amg-nv.com,wikidata,,2026-09-19
AMGN,http://www.amgen.com,wikidata,http://careers.amgen.com/,2026-09-19
AMGO.L,,,,
AMIF.L,,,,
AMIX,https://www.amix.vote,sec filing,https://www.equitystock.com/careers,2026-09-19
AMKR,https://amkor.com,wikidata,https://amkor.com/careers/,2026-09-19
AML.L,,,,
AMLX,https://www.amylyx.com,wikidata,https://www.amylyx.com/careers,2026-09-19
AMN,https://www.amnhealthcare.com,sec filing,https://www.amnhealthcare.com/jobs/,2026-09-19
AMOD,https://www.alphamodus.com,sec filing,,2026-09-19
AMP,http://www.ameriprise.com,wikidata,https://www.ameriprise.com/careers,2026-09-19
AMP.MC,https://www.amplifon.com,wikidata,https://careers.amplifon.com/en/,2026-09-19
AMP.MI,https://www.amplifon.com,wikidata,https://careers.amplifon.com/en/,2026-09-19
AMPG,https://www.amplitechinc.com,sec filing,,2026-09-19
AMPH,https://www.amphastar.com,sec filing,https://www.amphastar.com/careers.html,2026-09-19
AMPL,https://www.amplitude.com,sec filing,https://www.amplitude.com/careers,2026-09-19
AMPX,https://www.amprius.com,sec filing,https://amprius.com/about/careers/,2026-09-19
AMPY,https://www.amplifyenergy.com,wikidata,,2026-09-19
AMR,http://alphametresources.com,wikidata,,2026-09-19
AMRC,https://www.ameresco.com,wikidata,https://www.ameresco.com/energy-careers-ameresco/,2026-09-19
AMS,https://www.ashs.com,sec filing,,2026-09-19
AMS.MC,https://amadeus.com,wikidata,,2026-09-19
AMSC,http://www.amsc.com,wikidata,https://www.amsc.com/careers/,2026-09-19
AMSF,https://www.amerisafe.com,sec filing,,2026-09-19
AMSS,,,,
AMST,https://www.amesite.com,sec filing,,2026-09-19
AMT,https://www.americantower.com,wikidata,,2026-09-19
AMTB,https://www.amerantbank.com,sec filing,https://www.amerantbank.com/home/careers/,2026-09-19
AMTEX.KA,http://www.amtextile.com,exchange profile,http://www.amtextile.com/HR/ViewJobs.html,2026-09-19
AMTM,https://www.amentum.com,sec filing,https://www.amentumcareers.com/,2026-09-19
AMTX,https://www.aemetis.com,sec filing,,2026-09-19
AMUN.PA,http://www.amundi.com,wikidata,https://about.amundi.com/join-us,2026-09-19
AMUND.AS,,,,
AMWL,http://www.americanwell.com,wikidata,https://business.amwell.com/about-us/careers,2026-09-19
AMZE,https://www.amaze.co,sec filing,https://jobs.lever.co/amaze,2026-09-19
AMZN,https://www.amazon.com,wikidata,,2026-09-19
AN,https://www.autonation.com,wikidata,,2026-09-19
ANAB,https://www.anaptysbio.com,sec filing,,2026-09-19
ANDE,https://www.andersonsinc.com,wikidata,https://www.andersonsinc.com/careers/,2026-09-19
ANDG,https://www.andersen.com,sec filing,https://andersen.com/careers,2026-09-19
ANE.MC,,,,
ANET,https://www.arista.com,wikidata,,2026-09-19
ANF,https://www.abercrombie.com,wikidata,,2026-09-19
ANG-PD,https://www.american-equity.com,sec filing,https://www.american-equity.com/about/careers/,2026-09-19
ANGI,http://www.angieslist.com,wikidata,,2026-09-19
ANGO,https://www.angiodynamics.com,sec filing,,2026-09-19
ANGX,https://www.angel.com,sec filing,https://recruiting.paylocity.com/recruiting/jobs/All/3af7f13c-9da0-431d-88ee-84db2b3aa074/Angel-Studios,2026-09-19
ANIK,https://www.anika.com,sec filing,https://anika.com/join-us/,2026-09-19
ANIP,https://www.anipharmaceuticals.com,sec filing,https://jobs.anipharmaceuticals.com/,2026-09-19
ANIX,https://www.anixa.com,sec filing,,2026-09-19
ANNA,https://www.aleannainc.com,sec filing,,2026-09-19
ANSM.KA,http://www.ansarisugar.com,exchange profile,,2026-09-19
ANTIN.PA,,,,
ANTO.L,https://www.antofagasta.co.uk,wikidata,https://www.antofagasta.co.uk/careers/,2026-09-19
ANVS,https://www.annovisbio.com,sec filing,,2026-09-19
ANY,http://sphere3d.com,wikidata,,2026-09-19
AO.L,,,,
AORT,http://www.cryolife.com,wikidata,https://artivion.com/careers/,2026-09-19
AOS,https://www.aosmith.com,wikidata,https://www.aosmith.com/about-us/careers.html,2026-09-19
AOSL,http://aosmd.com,wikidata,https://www.aosmd.com/careers,2026-09-19
AOUT,https://www.aob.com,sec filing,https://www.aob.com/careers/,2026-09-19
AP,http://www.ampcopgh.com,wikidata,,2026-09-19
APAM,https://www.artisanpartners.com,wikidata,https://www.artisanpartners.com/careers/career-opportunities.html,2026-09-19
APC,http://www.anadarko.com,wikidata,,2026-09-19
APD,http://airproducts.com,wikidata,,2026-09-19
APEI,https://www.apei.com,wikidata,,2026-09-19
APG,https://www.apigroup.com,sec filing,,2026-09-19
APH,http://www.amphenol.com,wikidata,,2026-09-19
API,https://www.agora.io,wikidata,https://www.agora.io/en/careers/,2026-09-19
APL.KA,http://www.apl.com.pk,exchange profile,https://www.apl.com.pk/job-opportunities/,2026-09-19
APLD,https://www.applieddigital.com,sec filing,https://www.applieddigital.com/careers,2026-09-19
APLE,https://www.applehospitalityreit.com,sec filing,,2026-09-19
APLM,https://www.apollomicsinc.com,sec filing,,2026-09-19
APMD,,,,
APN.L,,,,
APO,https://www.apollo.com,wikidata,https://www.apollo.com/careers,2026-09-19
APOG,https://www.apog.com,sec filing,,2026-09-19
APP,https://www.applovin.com,wikidata,https://www.applovin.com/en/careers,2026-09-19
APPF,http://www.appfolioinc.com,wikidata,https://www.appfolio.com/company/careers,2026-09-19
APPN,https://appian.com,wikidata,https://careers.appian.com/,2026-09-19
APPS,https://www.digitalturbine.com,wikidata,https://www.digitalturbine.com/careers,2026-09-19
APT,https://www.alphaprotech.com,sec filing,,2026-09-19
APTD.L,,,,
APYX,https://www.apyxmedical.com,sec filing,,2026-09-19
AQB,https://www.aquabounty.com,sec filing,,2026-09-19
AQMS,https://www.aquametals.com,sec filing,,2026-09-19
AQN,http://www.algonquinpower.com,wikidata,,2026-09-19
AQST,https://www.aquestive.com,sec filing,,2026-09-19
AR,http://www.anteroresources.com,wikidata,https://www.anteroresources.com/careers,2026-09-19
ARAI,https://www.arriveai.com,sec filing,https://www.arriveai.com/careers,2026-09-19
ARAMI.PA,,,,
ARAY,https://www.accuray.com,sec filing,https://www.accuray.com/careers/,2026-09-19
ARCAD.AS,https://www.arcadis.com,wikidata,https://careers.arcadis.com/,2026-09-19
ARCB,https://arcb.com,wikidata,https://arcb.com/careers,2026-09-19
ARCT,http://www.arcturusrx.com,wikidata,https://arcturusrx.com/careers/,2026-09-19
ARDT,https://www.ardenthealth.com,wikidata,https://jobs.ardenthealth.com/careers,2026-09-19
ARDX,https://www.ardelyx.com,wikidata,https://ardelyx.com/join-us/,2026-09-19
ARE,http://www.are.com,wikidata,,2026-09-19
AREB,https://www.americanrebelbeer.com,sec filing,,2026-09-19
AREC,https://www.americanresourcescorp.com,sec filing,,2026-09-19
AREIT.PA,https://www.altareit.com,wikidata,,2026-09-19
ARES,http://www.aresmgmt.com,wikidata,,2026-09-19
ARHS,https://www.arhaus.com,sec filing,,2026-09-19
ARI,https://www.apollocref.com,sec filing,,2026-09-19
ARIS,https://www.aris-mining.com,sec filing,,2026-09-19
ARKO,https://www.arkocorp.com,sec filing,,2026-09-19
ARKR,https://www.arkrestaurants.com,sec filing,,2026-09-19
ARL,https://www.americanrealtyinvest.com,sec filing,,2026-09-19
ARLO,http://www.arlo.com,wikidata,,2026-09-19
ARLP,https://www.arlp.com,sec filing,https://www.arlp.com/careers/,2026-09-19
ARMK,http://www.aramark.com,wikidata,,2026-09-19
ARN.MI,,,,
AROC,https://www.archrock.com,sec filing,https://edva.fa.us2.oraclecloud.com/hcmUI/CandidateExperience/en/sites/CX_1/jobs,2026-09-19
ARPL.KA,http://www.archroma.com.pk,exchange profile,https://archroma.com.pk/careers/,2026-09-19
ARQ,https://www.arq.com,sec filing,https://www.arq.com/careers/,2026-09-19
ARQT,https://www.arcutis.com,sec filing,https://www.arcutis.com/careers/,2026-09-19
ARRY,https://www.arraytechinc.com,sec filing,,2026-09-19
ARTNA,https://www.artesianwater.com,sec filing,https://www.artesianwater.com/careers/,2026-09-19
ARTV,https://www.artivabio.com,sec filing,https://www.artivabio.com/careers/,2026-09-19
ARTW,https://www.artsway-mfg.com,sec filing,,2026-09-19
ARVN,http://arvinas.com,wikidata,https://www.arvinas.com/join-us/,2026-09-19
ARW,http://www.arrow.com,wikidata,,2026-09-19
ARWR,https://arrowheadpharma.com,wikidata,https://arrowheadpharma.com/en-us/careers,2026-09-19
ARXS,,,,
ASAI.L,,,,
ASAN,http://www.asana.com,wikidata,https://asana.com/jobs,2026-09-19
ASB,https://www.associatedbank.com,wikidata,,2026-09-19
ASBP,https://www.aspirebiolabs.com,sec filing,,2026-09-19
ASC.L,https://www.asos.com,wikidata,,2026-09-19
ASC.MI,,,,
ASH,http://www.ashland.com,wikidata,,2026-09-19
ASHM.L,,,,
ASIC,https://www.ategrity.com,sec filing,,2026-09-19
ASIX,https://www.advansix.com,sec filing,https://www.advansix.com/people-careers/,2026-09-19
ASL.KA,http://www.aishasteel.com,exchange profile,https://www.aishasteel.com/careers/,2026-09-19
ASLE,https://www.aersale.com,sec filing,https://www.aersale.com/careers,2026-09-19
ASLI.L,,,,
ASM,https://www.avino.com,sec filing,,2026-09-19
ASM.AS,https://www.asm.com,wikidata,https://www.asm.com/careers,2026-09-19
ASMB,https://www.assemblybio.com,sec filing,https://www.assemblybio.com/careers/,2026-09-19
ASML.AS,https://www.asml.com,wikidata,https://www.asml.com/en/careers,2026-09-19
ASO,https://www.academy.com,sec filing,https://careers.academy.com/us/en,2026-09-19
ASPI,https://www.aspisotopes.com,sec filing,,2026-09-19
ASPN,,,,
ASRNL.AS,https://www.asrnl.com,wikidata,https://werkenbijasr.nl/,2026-09-19
ASRV,http://www.ameriserv.com,wikidata,,2026-09-19
ASST,https://www.strive.com,sec filing,,2026-09-19
ASTC,http://www.astrotechcorp.com,wikidata,,2026-09-19
ASTE,https://www.astecindustries.com,sec filing,https://astecindustries.com/about/careers/,2026-09-19
ASTH,https://www.astranahealth.com,sec filing,https://careers.astranahealth.com/,2026-09-19
ASTI,http://www.ascentsolar.com,wikidata,,2026-09-19
ASTL,https://www.algoma.com,sec filing,,2026-09-19
ASTS,https://ast-science.com,wikidata,https://ast-science.com/company/careers/,2026-09-19
ASUR,http://www.asuresoftware.com,wikidata,https://asuresoftware.com/careers,2026-09-19
ASY.PA,https://www.assystem.com,wikidata,,2026-09-19
ASYS,https://www.amtechsystems.com,sec filing,https://www.amtechsystems.com/careers,2026-09-19
AT.L,,,,
ATBA.KA,http://www.abl.atlas.pk,exchange profile,https://abl.atlas.pk/career/,2026-09-19
ATCH,https://www.atlasclear.com,sec filing,,2026-09-19
ATE.PA,http://www.alten.com,wikidata,,2026-09-19
ATEC,https://www.atecspine.com,sec filing,https://atecspine.com/careers/,2026-09-19
ATEME.PA,,,,
ATEN,http://www.a10networks.com,wikidata,https://www.a10networks.com/company/careers/,2026-09-19
ATER,https://www.aterian.io,sec filing,,2026-09-19
ATEX,https://www.anterix.com,sec filing,https://anterix.com/careers/,2026-09-19
ATG.L,,,,
ATH-PA,https://www.athene.com,wikidata,https://www.athene.com/careers,2026-09-19
ATHR,,,,
ATI,https://www.atimetals.com,wikidata,https://atimaterials.com/careers,2026-09-19
ATIL.KA,http://www.ail.atlas.pk,exchange profile,,2026-09-19
ATKR,https://www.atkore.com,sec filing,https://www.atkore.com/careers,2026-09-19
ATLC,https://www.atlanticus.com,sec filing,https://www.atlanticus.com/careers/,2026-09-19
ATLD.PA,https://www.atland.fr,wikidata,,2026-09-19
ATLH.KA,http://www.atlashonda.com.pk,exchange profile,https://www.atlashonda.com.pk/careers/,2026-09-19
ATLO,https://www.amesnational.com,sec filing,,2026-09-19
ATLX,https://www.atlas-lithium.com,sec filing,,2026-09-19
ATMU,https://www.atmus.com,sec filing,https://www.atmus.com/careers,2026-09-19
ATNI,http://www.atni.com,wikidata,https://www.atni.com/careers,2026-09-19
ATNM,https://www.actiniumpharma.com,sec filing,https://www.actiniumpharma.com/careers,2026-09-19
ATO,http://www.atmosenergy.com,wikidata,https://www.atmosenergy.com/careers/working-atmos-energy,2026-09-19
ATO.PA,http://atos.net,wikidata,https://atos.net/en/join-us,2026-09-19
ATOM,https://www.atomera.com,sec filing,,2026-09-19
ATR,https://www.aptar.com,sec filing,https://www.aptar.com/en-us/careers,2026-09-19
ATRA,http://www.atarabio.com,wikidata,https://www.atarabio.com/careers/,2026-09-19
ATRC,http://www.atricure.com,wikidata,https://www.atricure.com/careers-atricure,2026-09-19
ATRL.KA,http://www.arl.com.pk,exchange profile,https://jobs.arl.com.pk/view_jobs.php,2026-09-19
ATRO,http://www.astronics.com,wikidata,https://www.astronics.com/careers,2026-09-19
ATRY.MC,https://atryshealth.com,wikidata,,2026-09-19
ATS,https://www.atsautomation.com,sec filing,https://jobs.atsautomation.com/,2026-09-19
ATTO,http://www.atento.com,wikidata,,2026-09-19
ATYR,http://www.atyrpharma.com,wikidata,https://atyrpharma.com/careers/working-at-atyr-pharma/,2026-09-19
AUB,https://www.atlanticunionbank.com,wikidata,https://www.atlanticunionbank.com/about/careers,2026-09-19
AUB.PA,https://www.aubay.com,wikidata,https://aubay.com/jobs/,2026-09-19
AUBN,http://www.auburnbank.com,wikidata,https://www.auburnbank.com/careers,2026-09-19
AUC,https://www.atifchina.com,sec filing,,2026-09-19
AUID,https://www.authid.ai,sec filing,https://authid.ai/careers/,2026-09-19
AUPH,https://www.auriniapharma.com,sec filing,https://www.auriniapharma.com/company/careers,2026-09-19
AUR,http://aurora.tech,wikidata,https://aurora.tech/careers,2026-09-19
AUTO.L,https://www.autotrader.co.uk,wikidata,,2026-09-19
AUUD,https://www.auddia.com,sec filing,,2026-09-19
AV.L,,,,
AVA,https://www.myavista.com,wikidata,https://www.myavista.com/about-us/working-at-avista,2026-09-19
AVAH,https://www.aveanna.com,sec filing,https://jobs.aveanna.com/,2026-09-19
AVAP.L,,,,
AVAT,,,,
AVAV,http://www.avinc.com,wikidata,https://avav.wd1.myworkdayjobs.com/AVAV,2026-09-19
AVBC,https://www.avidiabank.com,sec filing,https://www.avidiabank.com/careers/,2026-09-19
AVBH,https://www.avidbank.com,sec filing,,2026-09-19
AVD,https://www.american-vanguard.com,sec filing,,2026-09-19
AVEX,,,,
AVGO,https://www.broadcom.com,wikidata,https://www.broadcom.com/company/careers,2026-09-19
AVIO.MI,https://www.avio.com,wikidata,https://www.avio.com/career,2026-09-19
AVNT,http://www.polyone.com,wikidata,https://www.avient.com/careers,2026-09-19
AVNW,https://aviatnetworks.com,wikidata,,2026-09-19
AVO,https://www.missionproduce.com,sec filing,,2026-09-19
AVON.L,,,,
AVPT,https://www.avepoint.com,wikidata,https://www.avepoint.com/careers,2026-09-19
AVR,https://www.anteristech.com,sec filing,https://anteristech.com/careers,2026-09-19
AVT,https://www.avnet.com,wikidata,,2026-09-19
AVT.PA,,,,
AVTR,https://www.avantorsciences.com,wikidata,,2026-09-19
AVTX,https://www.avalotherapeutics.com,sec filing,,2026-09-19
AVTX.AS,,,,
AVX,https://www.avxforcegs.com,sec filing,,2026-09-19
AVY,http://www.avery.com,wikidata,,2026-09-19
AWE.L,https://awavesemi.com,wikidata,https://www.qualcomm.com/company/careers,2026-09-19
AWHL,https://www.aspirawh.com,sec filing,,2026-09-19
AWI,http://www.armstrongceilings.com,wikidata,https://jobs.armstrong.com/,2026-09-19
AWK,http://www.amwater.com,wikidata,,2026-09-19
AWR,http://www.aswater.com,wikidata,,2026-09-19
AWRE,https://www.aware.com,sec filing,https://www.aware.com/careers/,2026-09-19
AWX,https://www.avalonholdings.com,sec filing,,2026-09-19
AX,http://www.bofiholding.com,wikidata,,2026-09-19
AXGN,https://www.axogeninc.com,sec filing,https://www.axogeninc.com/about-axogen/careers/,2026-09-19
AXIL,,,,
AXON,https://www.axon.com,wikidata,https://www.axon.com/careers,2026-09-19
AXP,https://www.americanexpress.com,wikidata,https://www.americanexpress.com/en-us/careers/?inav=en_us_footer_About_Careers,2026-09-19
AXR,http://www.amrepcorp.com,wikidata,,2026-09-19
AXSM,https://axsome.com,wikidata,https://www.axsome.com/careers/,2026-09-19
AXTA,http://www.axaltacs.com,wikidata,https://www.axalta.com/careers_global/en_US.html,2026-09-19
AXTI,,,,
AYI,http://www.acuitybrands.com,wikidata,,2026-09-19
AYR,http://www.aircastle.com,wikidata,https://www.aircastle.com/careers,2026-09-19
AYTU,https://www.aytubio.com,sec filing,https://aytubio.com/careers/,2026-09-19
AYV.PA,https://www.ayvens.com,wikidata,,2026-09-19
AZ,,,,
AZIO,,,,
AZK.MC,http://www.azkoyen.com,wikidata,,2026-09-19
AZN.L,http://www.astrazeneca.com,wikidata,,2026-09-19
AZO,https://www.autozone.com,wikidata,,2026-09-19
AZRN.AS,,,,
AZTA,http://www.brooks.com,wikidata,https://www.brooks.com/careers/,2026-09-19
AZTR,https://www.azitrainc.com,sec filing,https://azitrainc.com/careers/,2026-09-19
AZZ,https://www.azz.com,sec filing,https://www.azz.com/careers/,2026-09-19
B,http://www.barnesgroupinc.com,wikidata,,2026-09-19
B.MI,http://www.bastogi.com,wikidata,,2026-09-19
BA,https://boeing.com,wikidata,https://www.boeing.com/company/careers,2026-09-19
BA.L,,,,
BAB.L,https://www.babcockinternational.com,wikidata,https://www.babcockinternational.com/careers/,2026-09-19
BAC,https://www.bankofamerica.com,wikidata,,2026-09-19
BAER,https://www.bridgeraerospace.com,sec filing,,2026-09-19
BAFL.KA,http://www.bankalfalah.com,exchange profile,,2026-09-19
BAFS.KA,http://www.bfsml.com,exchange profile,https://bfsml.com/careers/,2026-09-19
BAG.L,http://www.agbarr.co.uk,wikidata,https://www.agbarr.co.uk/careers/vacancies/,2026-09-19
BAH,http://www.boozallen.com,wikidata,https://www.boozallen.com/careers.html,2026-09-19
BAHL.KA,http://www.bankalhabib.com,exchange profile,https://www.bankalhabib.com/careers,2026-09-19
BALL,https://www.ball.com,wikidata,,2026-09-19
BALY,https://www.ballys.com,wikidata,,2026-09-19
BAM,https://www.brookfield.com,wikidata,https://www.brookfield.com/careers/life-at-brookfield,2026-09-19
BAMNB.AS,https://www.bam.com,wikidata,,2026-09-19
BAN.MI,,,,
BANC,https://www.bancofcal.com,sec filing,,2026-09-19
BAND,http://www.bandwidth.com,wikidata,https://www.bandwidth.com/careers/,2026-09-19
BANF,https://www.bancfirst.bank,wikidata,https://workforcenow.adp.com/mascsr/default/mdf/recruitment/recruitment.html?cid=1da3e70c-e60a-466c-a367-419990b1b80f&ccId=19000101_000001&lang=en_US,2026-09-19
BARC.L,https://home.barclays,wikidata,https://home.barclays/careers/,2026-09-19
BARK,https://www.bark.co,sec filing,https://bark.co/pages/careers,2026-09-19
BATA.KA,http://www.bata.pk,exchange profile,,2026-09-19
BATL,https://www.battalionoil.com,sec filing,https://battalionoil.com/careers/,2026-09-19
BATRA,,,,
BATS.L,https://bat.com,wikidata,https://careers.bat.com/,2026-09-19
BAX,http://www.baxter.com,wikidata,https://jobs.baxter.com/en,2026-09-19
BB,https://blackberry.com,wikidata,https://www.blackberry.com/en/careers,2026-09-19
BB.PA,https://www.bic.com,wikidata,,2026-09-19
BBAI,https://bigbear.ai,wikidata,https://bigbear.ai/careers/,2026-09-19
BBCP,https://www.concretepumpingholdings.com,sec filing,https://www.concretepumpingholdings.com/careers,2026-09-19
BBGI,http://www.bbgi.com,wikidata,https://beasleymediagroup.applytojob.com/apply,2026-09-19
BBIO,https://bridgebio.com,wikidata,https://bridgebio.com/careers,2026-09-19
BBNX,https://www.betabionics.com,sec filing,https://www.betabionics.com/about-us/careers/,2026-09-19
BBSI,https://www.bbsi.com,sec filing,https://www.bbsi.com/careers,2026-09-19
BBT,http://www.berkshirebank.com,wikidata,,2026-09-19
BBW,https://www.buildabear.com,wikidata,,2026-09-19
BBWI,http://www.lb.com,wikidata,,2026-09-19
BBY,https://www.bestbuy.com,wikidata,,2026-09-19
BBY.L,,,,
BC,https://www.brunswick.com,wikidata,https://www.brunswick.com/careers,2026-09-19
BC.MI,https://www.brunellocucinelli.com,wikidata,,2026-09-19
BCAL,https://www.californiabankofcommerce.com,sec filing,https://californiabankofcommerce.com/careers/,2026-09-19
BCBP,,,,
BCC,http://www.bc.com,wikidata,https://www.bc.com/careers/,2026-09-19
BCDA,https://www.biocardia.com,sec filing,https://www.biocardia.com/about-us/careers/id/1020,2026-09-19
BCG,https://www.binahcap.com,sec filing,,2026-09-19
BCG.L,,,,
BCHT,https://www.birchtech.com,sec filing,https://www.birchtech.com/careers,2026-09-19
BCML,,,,
BCO,https://us.brinks.com,wikidata,https://brinks-careers.com/,2026-09-19
BCPC,https://www.balchem.com,sec filing,,2026-09-19
BCRX,http://www.biocryst.com,wikidata,https://www.biocryst.com/careers/,2026-09-19
BDB.MI,,,,
BDC,https://www.belden.com,wikidata,,2026-09-19
BDCO,https://www.blue-dolphin-energy.com,sec filing,,2026-09-19
BDL,https://www.flanigans.net,sec filing,https://careers-flanigans.icims.com/,2026-09-19
BDN,http://www.brandywinerealty.com,wikidata,https://www.brandywinerealty.com/careers,2026-09-19
BDSX,https://www.biodesix.com,sec filing,https://www.biodesix.com/careers/working-at-biodesix,2026-09-19
BDTX,https://www.blackdiamondtherapeutics.com,sec filing,,2026-09-19
BDX,http://www.bd.com,wikidata,https://jobs.bd.com/,2026-09-19
BE,http://www.bloomenergy.com,wikidata,https://www.bloomenergy.com/careers/,2026-09-19
BEAM,https://www.beamtx.com,wikidata,,2026-09-19
BEC.MI,,,,
BECO.KA,http://www.becosteel.com,exchange profile,,2026-09-19
BEEM,https://www.beamforall.com,sec filing,https://beamforall.com/about/careers/,2026-09-19
BEEP,https://www.mobileit.com,sec filing,,2026-09-19
BELFA,https://www.belfuse.com,sec filing,https://www.belfuse.com/company/careers,2026-09-19
BEN,http://www.franklintempleton.lu,wikidata,,2026-09-19
BENF,,,,
BEPC,https://brookfieldrenewable.com,wikidata,,2026-09-19
BESI.AS,https://www.besi.com,wikidata,https://www.besi.com/careers/jobs/,2026-09-19
BESS,,,,
BETA,https://www.beta.team,sec filing,https://beta.team/careers,2026-09-19
BETR,https://www.better.com,sec filing,,2026-09-19
BEVER.AS,,,,
BEZ.L,,,,
BF-B,http://www.brown-forman.com,wikidata,https://careers.brown-forman.com/,2026-09-19
BFAGRO.KA,http://www.barkatfrisian.com,exchange profile,,2026-09-19
BFAM,https://www.brighthorizons.com,wikidata,https://careers.brighthorizons.com/us/en,2026-09-19
BFC,https://www.bankfirst.com,sec filing,https://bankfirst.com/careers.html,2026-09-19
BFF.MI,,,,
BFG.MI,,,,
BFH,http://www.alliancedata.com,wikidata,https://careers.breadfinancial.com/,2026-09-19
BFIT.AS,,,,
BFLY,https://www.butterflynetwork.com,sec filing,https://www.butterflynetwork.com/careers,2026-09-19
BFRG,https://www.bullfrogai.com,sec filing,https://bullfrogai.com/careers/,2026-09-19
BFRI,https://www.biofrontera-us.com,sec filing,https://www.biofrontera-us.com/careers/,2026-09-19
BFS,https://www.saulcenters.com,sec filing,,2026-09-19
BFST,,,,
BGC,http://www.bgcg.com,wikidata,,2026-09-19
BGDE,,,,
BGEO.L,https://lionfinancegroup.uk,wikidata,,2026-09-19
BGICF,https://www.birksgroup.com,sec filing,https://workforcenow.adp.com/mascsr/default/mdf/recruitment/recruitment.html?cid=5f86e70a-da49-4f16-9407-72e564c933ae&ccId=19000101_000001&type=JS&lang=en_CA&selectedMenuKey=CareerCenter,2026-09-19
BGMS,http://www.cyclacel.com,wikidata,,2026-09-19
BGS,http://www.bgfoods.com,wikidata,https://bgfoods.wd1.myworkdayjobs.com/BG_Foods_Careers,2026-09-19
BGSF,https://www.bgsf.com,sec filing,https://jobs.bgsf.com/jobsearch?_gl=1*10uhv06*_gcl_au*MjYxMzE1Mzk3LjE2OTQ1MDQ4NDM.&_ga=2.91115802.123601239.1694504843-754119922.1694504843,2026-09-19
BH-A,http://www.biglariholdings.com,wikidata,,2026-09-19
BHAT.KA,http://www.umergroup.com,exchange profile,,2026-09-19
BHB,https://www.barharbor.bank,sec filing,https://www.barharbor.bank/about-us/careers,2026-09-19
BHC,https://www.bauschhealth.com,wikidata,https://www.bauschhealth.com/careers/working-at-bausch-health/,2026-09-19
BHE,http://www.bench.com,wikidata,https://www.bench.com/careers/our-work,2026-09-19
BHF,https://www.brighthousefinancial.com,wikidata,https://www.brighthousefinancial.com/about-us/careers/,2026-09-19
BHIC,,,,
BHM,https://www.bluerock.com,sec filing,https://bluerock.com/company/careers-and-opportunities/,2026-09-19
BHP,https://www.bhp.com,wikidata,,2026-09-19
BHR,http://www.bhrreit.com,wikidata,https://recruiting.adp.com/srccar/public/RTI.home?c=2177507&d=Ashford,2026-09-19
BHST,,,,
BIAF,https://www.bioaffinitytech.com,sec filing,https://bioaffinitytech.com/careers/,2026-09-19
BIFO.KA,http://www.biafo.com,exchange profile,,2026-09-19
BIG.PA,https://bigben-group.com,wikidata,https://bigben-group.com/jobs-and-internships/,2026-09-19
BIH.L,,,,
BIIB,https://www.biogen.com,wikidata,https://www.biogen.com/careers.html,2026-09-19
BILL,http://www.bill.com,wikidata,https://www.bill.com/careers,2026-09-19
BIM.PA,https://www.biomerieux.fr,wikidata,,2026-09-19
BIO,http://www.bio-rad.com,wikidata,https://careers.bio-rad.com/homepage,2026-09-19
BIOA,https://www.bioagelabs.com,sec filing,https://bioagelabs.com/careers,2026-09-19
BIPC,https://www.brookfield.com,sec filing,https://www.brookfield.com/careers/life-at-brookfield,2026-09-19
BIPL.KA,http://www.bankislami.com.pk,exchange profile,https://bankislami.com.pk/careers/,2026-09-19
BIRD,,,,
BIYA,,,,
BJ,https://www.bjs.com,wikidata,,2026-09-19
BJRI,https://www.bjsrestaurants.com,wikidata,,2026-09-19
BKD,https://www.brookdale.com,wikidata,https://careers.brookdale.com/en.html,2026-09-19
BKE,https://www.buckle.com,wikidata,,2026-09-19
BKG.L,http://www.berkeleygroup.co.uk,wikidata,https://www.berkeleygroup.co.uk/about-us/careers,2026-09-19
BKH,https://www.blackhillscorp.com,wikidata,,2026-09-19
BKKT,https://www.bakkt.com,wikidata,https://bakkt.com/careers/,2026-09-19
BKNG,https://bookingholdings.com,wikidata,https://www.bookingholdings.com/careers/about/,2026-09-19
BKR,https://www.bakerhughes.com,wikidata,https://careers.bakerhughes.com/,2026-09-19
BKSY,https://blacksky.com,wikidata,https://blacksky.com/company/careers/,2026-09-19
BKTI,https://www.bktechnologies.com,sec filing,https://www.bktechnologies.com/careers/,2026-09-19
BKU,http://www.bankunited.com,wikidata,https://www.bankunited.com/contact-us/careers,2026-09-19
BKV,https://www.bkv.com,sec filing,https://www.bkv.com/careers,2026-09-19
BKYI,https://www.bio-key.com,sec filing,,2026-09-19
BL,https://www.blackline.com,wikidata,,2026-09-19
BLBD,https://www.blue-bird.com,sec filing,,2026-09-19
BLCO,https://www.bausch.com,wikidata,https://www.bausch.com/careers/,2026-09-19
BLDP,http://www.ballard.com,wikidata,https://www.ballard.com/careers/,2026-09-19
BLDR,https://www.bldr.com,wikidata,https://www.bldr.com/join-our-team,2026-09-19
BLFS,https://www.biolifesolutions.com,sec filing,https://biolifesolutions.com/company/job-openings/,2026-09-19
BLGO,https://www.biolargo.com,sec filing,,2026-09-19
BLIN,https://www.bridgeline.com,sec filing,https://www.bridgeline.com/about/careers,2026-09-19
BLK,https://www.blackrock.com,wikidata,https://careers.blackrock.com/,2026-09-19
BLKB,https://www.blackbaud.com,wikidata,https://careers.blackbaud.com/us/en?_gl=1*andnev*_gcl_au*MTE3NjM2Njg3Mi4xNjg3NDU5Nzk1&_ga=2.179888804.1463122241.1687459796-541182962.1687459796,2026-09-19
BLLN,https://billiontoone.com,wikidata,https://www.billiontoone.com/careers,2026-09-19
BLMH,https://www.blumholdings.com,sec filing,https://blumholdings.com/careers/,2026-09-19
BLMN,https://www.bloominbrands.com,wikidata,https://www.bloominbrands.com/careers,2026-09-19
BLND,https://www.blend.com,sec filing,https://blend.com/company/careers/,2026-09-19
BLND.L,http://britishland.com,wikidata,https://www.britishland.com/careers/,2026-09-19
BLNE,https://www.blne.vote,sec filing,https://www.equitystock.com/careers,2026-09-19
BLNK,https://www.blinkcharging.com,wikidata,https://blinkcharging.com/company/careers,2026-09-19
BLZE,https://www.backblaze.com,wikidata,https://www.backblaze.com/company/jobs,2026-09-19
BMBL,http://bumble.com,wikidata,,2026-09-19
BME.L,https://www.bmstores.co.uk,wikidata,https://careers.bmstores.co.uk/,2026-09-19
BMED.MI,http://www.bancamediolanum.it,wikidata,,2026-09-19
BMI,https://www.badgermeter.com,sec filing,https://www.badgermeter.com/careers/,2026-09-19
BMNM,https://www.biminicapital.com,sec filing,,2026-09-19
BMNR,https://www.bitminetech.io,wikidata,,2026-09-19
BMO,http://www.bmo.com,wikidata,,2026-09-19
BMRA,https://www.biomerica.com,sec filing,,2026-09-19
BMRC,https://www.bankofmarin.com,sec filing,,2026-09-19
BMRN,http://www.biomarin.com,wikidata,https://www.biomarin.com/careers/,2026-09-19
BMS.L,,,,
BMTM,https://www.brightmountainmedia.com,sec filing,,2026-09-19
BMY,https://www.bms.com,wikidata,https://careers.bms.com/,2026-09-19
BMY.L,https://www.bloomsbury.com,wikidata,,2026-09-19
BN,https://www.brookfield.com,wikidata,https://www.brookfield.com/careers/life-at-brookfield,2026-09-19
BN.PA,https://www.danone.com,wikidata,https://www.danone.com/careers.html,2026-09-19
BNAI,https://www.brandengagementnetwork.com,sec filing,,2026-09-19
BNC,https://www.ceaindustries.com,sec filing,,2026-09-19
BNED,https://www.bned.com,wikidata,https://www.bned.com/careers/,2026-09-19
BNGO,http://bionanogenomics.com,wikidata,https://workforcenow.adp.com/mascsr/default/mdf/recruitment/recruitment.html?cid=b8ec930a-62fc-4ed1-99a6-f570d6e33145&ccId=2602324307_4514&lang=en_US,2026-09-19
BNKK,https://www.bonkinc.com,sec filing,,2026-09-19
BNL,https://www.broadstone.com,sec filing,https://broadstone.com/careers/,2026-09-19
BNL.KA,http://www.bunnys.com.pk,exchange profile,,2026-09-19
BNO,,,,
BNP.PA,https://group.bnpparibas,wikidata,,2026-09-19
BNS,https://www.scotiabank.com,wikidata,,2026-09-19
BNTC,http://www.benitec.com,wikidata,,2026-09-19
BNY,https://www.bnymellon.com,wikidata,https://www.bny.com/corporate/global/en/about-us/careers/work-with-us.html,2026-09-19
BNZL.L,https://www.bunzl.com,wikidata,,2026-09-19
BO.MI,,,,
BOBS,,,,
BOC,https://www.bostonomaha.com,sec filing,,2026-09-19
BODI,,,,
BOF,https://www.branchoutfood.com,sec filing,,2026-09-19
BOH,https://www.boh.com,wikidata,https://www.boh.com/careers,2026-09-19
BOK.KA,http://www.bok.com.pk,exchange profile,,2026-09-19
BOKF,https://www.bokf.com,wikidata,,2026-09-19
BOL.PA,http://www.bollore.com,wikidata,,2026-09-19
BOLT,https://www.boltbio.com,sec filing,https://www.boltbio.com/careers/,2026-09-19
BON.PA,http://www.bonduelle.com,wikidata,,2026-09-19
BOOM,https://dmcglobal.com,wikidata,,2026-09-19
BOOT,https://www.bootbarn.com,sec filing,https://careers.bootbarn.com/,2026-09-19
BOOT.L,,,,
BOTJ,https://www.bankofthejames.bank,sec filing,https://www.bankofthejames.bank/careers/,2026-09-19
BOTX,,,,
BOW,https://www.bowheadspecialty.com,sec filing,https://bowheadspecialty.com/careers/,2026-09-19
BOWL.L,,,,
BOX,http://www.box.com,wikidata,https://careers.box.com/,2026-09-19
BOXL,https://www.boxlight.com,sec filing,https://boxlight.com/about/careers,2026-09-19
BOY.L,,,,
BP.L,https://bp.com,wikidata,,2026-09-19
BPE.MI,https://www.bper.it,wikidata,,2026-09-19
BPL.KA,http://www.burshane.com,exchange profile,http://burshane.com/careers/,2026-09-19
BPOP,https://www.popular.vi,wikidata,,2026-09-19
BPRN,,,,
BR,https://www.broadridge.com,wikidata,https://broadridge.wd5.myworkdayjobs.com/Careers,2026-09-19
BRAG,https://www.bragg.group,sec filing,https://bragggaming.wd107.myworkdayjobs.com/en-US/External,2026-09-19
BRBR,https://www.bellring.com,sec filing,https://bellring.com/careers,2026-09-19
BRBS,https://www.blueridgebankshares.com,sec filing,,2026-09-19
BRBY.L,https://www.burberry.com,wikidata,,2026-09-19
BRC,http://www.bradycorp.com,wikidata,,2026-09-19
BRCB,,,,
BRCC,https://www.blackriflecoffee.com,wikidata,,2026-09-19
BRE.MI,https://www.brembo.com,wikidata,https://www.brembogroup.com/en/careers,2026-09-19
BREE.L,,,,
BRFH,https://www.barfresh.com,sec filing,,2026-09-19
BRI.MI,http://www.brioschi.it,wikidata,,2026-09-19
BRID,https://www.bridgford.com,sec filing,,2026-09-19
BRK-B,https://www.berkshirehathaway.com,wikidata,,2026-09-19
BRK.L,,,,
BRKR,http://www.bruker.com,wikidata,https://www.bruker.com/en/careers.html,2026-09-19
BRLS,https://www.borealisfoods.com,sec filing,,2026-09-19
BRLT,https://www.brilliantearth.com,wikidata,,2026-09-19
BRN,https://www.brninc.com,sec filing,,2026-09-19
BRNL.AS,https://www.brunelinternational.net,wikidata,,2026-09-19
BRNS,https://www.barinthusbio.com,sec filing,https://www.barinthusbio.com/careers/,2026-09-19
BRO,https://www.bbinsurance.com,wikidata,https://us.bbrown.com/careers/,2026-09-19
BROS,https://dutchbros.com,wikidata,https://careers.dutchbros.com/us/en,2026-09-19
BRR,https://www.procapfinancial.com,sec filing,https://www.procapfinancial.com/careers,2026-09-19
BRSP,https://www.brightspire.com,sec filing,,2026-09-19
BRT,https://www.brtapartments.com,sec filing,,2026-09-19
BRTX,https://www.biorestorative.com,sec filing,https://biorestorative.com/careers/,2026-09-19
BRUN,,,,
BRX,http://www.brixmor.com,wikidata,https://www.brixmor.com/careers,2026-09-19
BRZE,https://www.braze.com,sec filing,https://www.braze.com/company/careers,2026-09-19
BSBK,https://www.bogotasavingsbank.com,sec filing,https://www.bogotasavingsbank.com/careers,2026-09-19
BSD.PA,http://www.boursedirect.fr,wikidata,,2026-09-19
BSEM,,,,
BSET,https://www.bassettfurniture.com,wikidata,https://www.bassettfurniture.com/careers.html,2026-09-19
BSIN,,,,
BSM,http://www.blackstoneminerals.com,wikidata,,2026-09-19
BSPA,,,,
BSRR,https://www.bankofthesierra.com,wikidata,https://www.bankofthesierra.com/our-story/about-us/careers/,2026-09-19
BSTT,https://www.breit.com,sec filing,,2026-09-19
BSVN,https://www.bank7.com,sec filing,,2026-09-19
BSX,http://www.bostonscientific.com,wikidata,https://www.bostonscientific.com/en-US/careers.html,2026-09-19
BSY,https://www.bentley.com,wikidata,https://www.bentley.com/en/company/careers/,2026-09-19
BT.A.L,http://www.bt.com,wikidata,,2026-09-19
BTAI,,,,
BTBD,,,,
BTBT,https://www.bit-digital.com,sec filing,,2026-09-19
BTCK,https://www.teucrium.com,sec filing,,2026-09-19
BTCO,https://www.invesco.com,sec filing,,2026-09-19
BTCS,https://www.btcs.vote,sec filing,https://www.equitystock.com/careers,2026-09-19
BTCY,https://www.biotricity.com,sec filing,,2026-09-19
BTE,http://www.baytex.ab.ca,wikidata,,2026-09-19
BTGO,https://www.bitgo.com,sec filing,https://www.bitgo.com/company/careers/,2026-09-19
BTLN,,,,
BTMD,https://www.biote.com,sec filing,https://biote.com/careers,2026-09-19
BTOC,https://www.armlogi.com,sec filing,,2026-09-19
BTRW.L,,,,
BTSG,https://www.brightspringhealth.com,sec filing,https://careers.brightspringhealth.com/,2026-09-19
BTU,https://www.peabodyenergy.com,wikidata,https://jobs.peabodyenergy.com/,2026-09-19
BUDA,https://www.budajuice.com,sec filing,,2026-09-19
BUKS,https://www.butlernational.com,sec filing,https://butlernational.com/careers/,2026-09-19
BULL,https://www.webullcorp.com,sec filing,,2026-09-19
BURL,https://www.burlington.com,wikidata,https://www.burlington.com/careers,2026-09-19
BUSE,https://www.busey.com,wikidata,https://www.busey.com/about-us/careers,2026-09-19
BUXL.KA,http://www.buxly.com,exchange profile,,2026-09-19
BV,https://www.brightview.com,sec filing,https://www.brightviewcareers.com/,2026-09-19
BVI.PA,http://www.bureauveritas.com,wikidata,https://jobs.bureauveritas.com/gb/en/home,2026-09-19
BVS,https://www.bioventus.com,sec filing,https://www.bioventus.com/careers/,2026-09-19
BW,http://www.babcock.com,wikidata,https://www.babcock.com/home/about/corporate/careers,2026-09-19
BWA,http://www.borgwarner.com,wikidata,https://www.borgwarner.com/careers,2026-09-19
BWB,https://www.bridgewaterbankmn.com,sec filing,,2026-09-19
BWCL.KA,http://www.bestway.com.pk,exchange profile,https://www.bestway.com.pk/careers/,2026-09-19
BWEN,https://www.bwen.com,sec filing,https://www.bwen.com/careers/,2026-09-19
BWFG,,,,
BWIN,https://www.baldwin.com,sec filing,,2026-09-19
BWMG,https://www.browniesmarinegroup.com,sec filing,,2026-09-19
BWMN,https://www.bowman.com,sec filing,https://careers.bowman.com/,2026-09-19
BWXT,http://www.bwxt.com,wikidata,https://www.bwxt.com/careers/,2026-09-19
BWY.L,,,,
BWZ.MI,,,,
BX,https://www.blackstone.com,wikidata,,2026-09-19
BXC,http://www.bluelinxco.com,wikidata,https://bluelinxco.com/careers/,2026-09-19
BXDC,,,,
BXMT,https://www.blackstonemortgagetrust.com,sec filing,,2026-09-19
BXP,https://www.bxp.com,wikidata,https://edxn.fa.us2.oraclecloud.com/hcmUI/CandidateExperience/en/sites/CX_4001,2026-09-19
BY,https://www.bylinebank.com,wikidata,https://www.bylinebank.com/about-us/careers/,2026-09-19
BYD,http://www.boydgaming.com,wikidata,,2026-09-19
BYFC,http://www.broadwayfederalbank.com,wikidata,https://www.cityfirstbank.com/aboutus/careers/,2026-09-19
BYIT.L,,,,
BYND,https://beyondmeat.com,wikidata,https://beyondmeat.wd1.myworkdayjobs.com/External_Careers,2026-09-19
BYRN,https://www.byrna.com,sec filing,https://byrna.com/pages/careers,2026-09-19
BYSI,https://www.beyondspringpharma.com,sec filing,,2026-09-19
BZAI,https://www.blaize.com,sec filing,https://www.blaize.com/careers/,2026-09-19
BZFD,https://www.buzzfeed.com,wikidata,https://www.buzzfeed.com/about/jobs,2026-09-19
BZH,https://www.beazer.com,wikidata,https://careers.beazer.com/careershome/,2026-09-19
BZU.MI,https://www.zapa.cz,wikidata,,2026-09-19
C,https://citibnqa.com,wikidata,,2026-09-19
CA.PA,https://www.carrefour.com,wikidata,,2026-09-19
CABK.MC,https://www.caixabank.es,wikidata,,2026-09-19
CABO,https://www.sparklight.com,wikidata,,2026-09-19
CABP.L,,,,
CABR,,,,
CAC,https://camdennationalcorporation.com,wikidata,,2026-09-19
CACC,https://www.creditacceptance.com,wikidata,,2026-09-19
CACI,http://www.caci.com,wikidata,https://careers.caci.com/,2026-09-19
CAD.L,,,,
CAE,http://www.cae.com,wikidata,https://www.cae.com/careers,2026-09-19
CAG,https://www.conagrabrands.com,wikidata,https://careers.conagrabrands.com/,2026-09-19
CAH,https://www.cardinalhealth.com,wikidata,,2026-09-19
CAI,https://www.carislifesciences.com,wikidata,https://www.carislifesciences.com/about/careers/,2026-09-19
CAI.MI,https://www.cairocommunication.it,wikidata,,2026-09-19
CAKE,https://www.thecheesecakefactory.com,wikidata,,2026-09-19
CAL,https://www.famousfootwear.com,wikidata,,2026-09-19
CALM,http://www.calmainefoods.com,wikidata,https://careers.calmainefoods.com/,2026-09-19
CALT.MI,http://www.caltagironespa.it,wikidata,,2026-09-19
CALX,http://www.calix.com,wikidata,https://www.calix.com/content/calix-com/us/en/home/careers.html,2026-09-19
CALY,https://www.callawaygolf.com,wikidata,,2026-09-19
CAMP,https://www.calamp.com,wikidata,https://www.calamp.com/company/careers/,2026-09-19
CANG,,,,
CAP.PA,https://www.capgemini.com,wikidata,https://www.capgemini.com/careers/,2026-09-19
CAPL,https://www.crossamericapartners.com,sec filing,https://www.crossamericapartners.com/careers,2026-09-19
CAPN,,,,
CAPR,https://www.capricor.com,sec filing,https://jobs.lever.co/capricor,2026-09-19
CAPS,https://www.capstoneholdingsinc.com,sec filing,,2026-09-19
CAR,https://avisbudgetgroup.com,wikidata,https://www.avisbudgetgroup.jobs/,2026-09-19
CAR.L,,,,
CARD.L,https://www.cardfactory.co.uk,wikidata,https://www.cardfactoryinvestors.com/careers,2026-09-19
CARE,https://www.carterbank.com,sec filing,,2026-09-19
CARG,https://www.cargurus.com,wikidata,https://careers.cargurus.com/,2026-09-19
CARL,https://www.carlsmed.com,sec filing,https://carlsmed.com/carlsmed-careers/,2026-09-19
CARM.PA,,,,
CARR,https://www.corporate.carrier.com,wikidata,https://jobs.carrier.com/,2026-09-19
CARS,https://www.cars.com,wikidata,,2026-09-19
CART,https://instacart.com,wikidata,,2026-09-19
CARV,http://www.carverbank.com,wikidata,https://www.carverbank.com/about-carver/careers,2026-09-19
CASH,https://www.pathward.com,wikidata,https://www.pathward.com/about-us/people-culture/careers/,2026-09-19
CASH.MC,,,,
CASS,https://www.cassinfo.com,sec filing,https://www.cassinfo.com/careers,2026-09-19
CAST,,,,
CASY,https://www.caseys.com,wikidata,,2026-09-19
CAT,https://www.caterpillar.com,wikidata,,2026-09-19
CATO,https://www.catofashions.com,wikidata,,2026-09-19
CATY,https://www.cathaybank.com,wikidata,https://www.cathaybank.com/about-us/careers,2026-09-19
CAVA,https://cava.com,wikidata,,2026-09-19
CBAN,https://www.colony.bank,sec filing,https://colony.bank/about-us/career-opportunities/,2026-09-19
CBAV.MC,https://www.clinicabaviera.com,wikidata,,2026-09-19
CBC,https://www.centralbank.net,wikidata,https://www.centralbank.net/careers/,2026-09-19
CBFV,,,,
CBG.L,,,,
CBIO,https://www.crescentbiopharma.com,sec filing,https://www.crescentbiopharma.com/careers/,2026-09-19
CBK,,,,
CBKM,https://www.consumers.bank,sec filing,https://www.consumers.bank/About-Us/About-Consumers-Bank/Careers,2026-09-19
CBL,https://www.cblproperties.com,wikidata,,2026-09-19
CBLL,https://www.ceribell.com,sec filing,https://ceribell.com/about-us/culture-careers/,2026-09-19
CBNA,https://www.chainbridgebank.com,sec filing,https://www.chainbridgebank.com/connect-with-us/contact/careers,2026-09-19
CBNK,https://www.capitalbankmd.com,sec filing,https://capitalbankmd.com/about-us/careers/,2026-09-19
CBOE,https://www.cboe.com,wikidata,https://careers.cboe.com/us/en,2026-09-19
CBRE,https://www.cbre.com,wikidata,,2026-09-19
CBRL,https://www.crackerbarrel.com,wikidata,,2026-09-19
CBRS,https://www.cerebras.ai,wikidata,https://www.cerebras.ai/join-us,2026-09-19
CBSH,https://www.commercebank.com,wikidata,https://careers.commercebank.com/us/en/,2026-09-19
CBSM.PA,,,,
CBT,http://www.cabot-corp.com,wikidata,,2026-09-19
CBU,https://cbna.com,wikidata,https://careers.cbna.com/,2026-09-19
CBUS,https://www.cibus.com,sec filing,https://www.cibus.com/careers,2026-09-19
CBZ,https://www.cbiz.com,sec filing,https://ebez.fa.us2.oraclecloud.com/hcmUI/CandidateExperience/en/sites/CX_1,2026-09-19
CC,http://chemours.com,wikidata,,2026-09-19
CCB,https://www.coastalbank.com,sec filing,https://www.coastalbank.com/careers/,2026-09-19
CCBG,https://www.ccbg.com,sec filing,https://www.ccbg.com/careers,2026-09-19
CCC,https://www.calgoncarbon.com,wikidata,https://www.calgoncarbon.com/careers/,2026-09-19
CCC.L,,,,
CCCC,http://c4therapeutics.com,wikidata,https://c4therapeutics.com/life-at-c4t/open-positions/,2026-09-19
CCEL,https://www.cryo-cell.com,sec filing,,2026-09-19
CCEP.L,,,,
CCFN,,,,
CCI,https://www.crowncastle.com,wikidata,https://www.crowncastle.com/careers/,2026-09-19
CCK,http://www.crowncork.com,wikidata,https://crownholdings.wd501.myworkdayjobs.com/CrownHoldings/,2026-09-19
CCL,https://www.carnivalcorp.com,wikidata,https://jobs.carnivalcorp.com/,2026-09-19
CCLD,https://www.carecloud.com,wikidata,https://carecloud.com/company-careers/,2026-09-19
CCNE,,,,
CCO,https://clearchanneloutdoor.com,wikidata,https://clearchanneloutdoor.com/careers/,2026-09-19
CCOI,http://www.cogentco.com,wikidata,https://www.cogentco.com/en/about-cogent/careers,2026-09-19
CCS,https://www.centurycommunities.com,sec filing,https://www.centurycommunities.com/Careers/,2026-09-19
CCSI,https://www.consensus.com,sec filing,https://www.consensus.com/careers/,2026-09-19
CD,https://www.chaincedigital.com,sec filing,,2026-09-19
CDA.PA,https://www.compagniedesalpes.com,wikidata,,2026-09-19
CDE,http://www.coeur.com,wikidata,,2026-09-19
CDFF.L,,,,
CDIO,https://www.cdio.ai,sec filing,https://cdio.ai/company/careers,2026-09-19
CDIX,https://www.cardifflexington.com,sec filing,,2026-09-19
CDLX,https://www.cardlytics.com,wikidata,https://www.cardlytics.com/careers,2026-09-19
CDNA,https://www.caredx.com,wikidata,https://www.caredx.com/careers,2026-09-19
CDNL,https://www.cardinalinfrastructuregroup.com,sec filing,https://cardinalinfrastructuregroup.com/about-us/careers,2026-09-19
CDNS,https://www.cadence.com,wikidata,,2026-09-19
CDP,http://copt.com,wikidata,https://www.copt.com/careers/,2026-09-19
CDR-PB,http://cedarrealtytrust.com,wikidata,https://www.whlr.us/about-us/careers/,2026-09-19
CDRE,https://www.cadre-holdings.com,sec filing,,2026-09-19
CDW,http://www.cdw.com,wikidata,,2026-09-19
CDXS,http://www.codexis.com,wikidata,https://www.codexis.com/careers/,2026-09-19
CDZI,https://www.cadizinc.com,sec filing,,2026-09-19
CE,http://www.celanese.com,wikidata,,2026-09-19
CE.MI,,,,
CECO,http://www.careered.com,wikidata,,2026-09-19
CED.MI,http://www.caltagironeeditore.com,wikidata,,2026-09-19
CEG,https://www.constellation.com,wikidata,https://jobs.constellationenergy.com/,2026-09-19
CEIN,,,,
CELH,https://www.celsiusholdingsinc.com,sec filing,https://celsius.com/careers,2026-09-19
CELL.MI,https://www.cellularline.com,wikidata,https://www.cellularlinegroup.com/en/make-a-difference/,2026-09-19
CELU,https://www.celularity.com,sec filing,https://celularity.com/careers/,2026-09-19
CELZ,,,,
CEN.PA,http://www.groupe-crit.com,wikidata,,2026-09-19
CENI.KA,http://www.cicl.com.pk,exchange profile,https://cicl.com.pk/careers/,2026-09-19
CENN,https://www.cenntroauto.com,sec filing,https://cenntroauto.com/careers/,2026-09-19
CENT,https://www.central.com,sec filing,https://www.central.com/careers/career-with-central,2026-09-19
CENX,http://www.centuryaluminum.com,wikidata,https://centuryaluminum.com/careers/,2026-09-19
CEPB.KA,http://www.centurypaper.com.pk,exchange profile,https://www.centurypaper.com.pk/career,2026-09-19
CEPL,https://www.capstoneenergyplus.com,sec filing,https://www.capstoneenergyplus.com/about/careers,2026-09-19
CERS,https://www.cerus.com,sec filing,https://www.cerus.com/careers/,2026-09-19
CERT,https://www.certara.com,sec filing,https://careers.certara.com/,2026-09-19
CETX,,,,
CETY,https://www.cetyinc.com,sec filing,,2026-09-19
CEV.MC,https://www.cevasa.com,wikidata,,2026-09-19
CEVA,http://www.ceva-ip.com,wikidata,https://www.ceva-ip.com/career/,2026-09-19
CF,https://www.cfindustries.com,wikidata,https://careers.cfindustries.com/,2026-09-19
CFBK,,,,
CFFI,https://www.cffc.com,wikidata,https://www.cffc.com/about-c-f-bank/careers,2026-09-19
CFFN,http://www.capfed.com,wikidata,,2026-09-19
CFG,https://www.citizensbank.com,wikidata,,2026-09-19
CFL.KA,http://www.crescentfibres.com,exchange profile,,2026-09-19
CFR,https://www.frostbank.com,wikidata,https://careers.frostbank.com/us/en,2026-09-19
CFTR-PA,,,,
CFYN.L,http://www.caffynsplc.co.uk,wikidata,,2026-09-19
CG,http://www.carlyle.com,wikidata,,2026-09-19
CGC,https://www.canopygrowth.com,wikidata,https://canopygrowth.com/careers/,2026-09-19
CGNX,http://www.cognex.com,wikidata,,2026-09-19
CGON,https://www.cgoncology.com,sec filing,,2026-09-19
CGS.L,,,,
CHAI,https://www.coregaming.co,sec filing,,2026-09-19
CHBL.KA,http://www.chenabgroup.com,exchange profile,https://www.chenabgroup.com/careers/,2026-09-19
CHCI,https://www.comstock.com,sec filing,https://comstock.com/careers/,2026-09-19
CHCO,,,,
CHCT,https://www.chct.reit,sec filing,,2026-09-19
CHD,https://www.churchdwight.com,wikidata,https://careers.churchdwight.com/,2026-09-19
CHDN,https://www.churchilldownsincorporated.com,wikidata,https://jobs.churchilldowns.com/,2026-09-19
CHE,https://www.chemed.com,wikidata,,2026-09-19
CHEF,https://www.chefswarehouse.com,sec filing,,2026-09-19
CHG.L,,,,
CHGA,,,,
CHGG,http://www.chegg.com,wikidata,https://www.chegg.com/skills,2026-09-19
CHH,https://www.choicehotels.com,wikidata,,2026-09-19
CHMG,https://www.chemungcanal.com,sec filing,https://www.chemungcanal.com/career/,2026-09-19
CHMI,https://www.chmireit.com,sec filing,,2026-09-19
CHPT,https://chargepoint.com,wikidata,https://www.chargepoint.com/about/opportunities,2026-09-19
CHRD,http://www.oasispetroleum.com,wikidata,https://www.chordenergy.com/careers/,2026-09-19
CHRN,https://www.chronoscale.com,sec filing,,2026-09-19
CHRS,http://www.coherus.com,wikidata,https://www.coherus.com/our-culture/,2026-09-19
CHRW,https://www.chrobinson.com,wikidata,,2026-09-19
CHSCP,http://www.chsinc.com,wikidata,https://jobs.chsinc.com/,2026-09-19
CHSS.L,,,,
CHTR,http://www.charter.com,wikidata,,2026-09-19
CHUC,https://www.chuc.com,sec filing,,2026-09-19
CHWY,https://www.chewy.com,wikidata,https://careers.chewy.com/us/en/home,2026-09-19
CHYM,https://www.chime.com,sec filing,,2026-09-19
CI,https://www.cigna.com,wikidata,https://jobs.thecignagroup.com/us/en,2026-09-19
CIA,https://www.citizensinc.com,sec filing,https://www.citizensinc.com/careers/,2026-09-19
CIE.MC,http://www.cieautomotive.com,wikidata,,2026-09-19
CIEN,http://www.ciena.com,wikidata,,2026-09-19
CIFR,https://www.cipherdigital.com,sec filing,https://cipherdigital.com/careers,2026-09-19
CIGI,http://www.colliers.com,wikidata,,2026-09-19
CINF,https://www.cinfin.com,wikidata,https://www.cinfin.com/cincinnati-insurance-careers,2026-09-19
CIR.MI,https://www.cirgroup.it,wikidata,,2026-09-19
CIRC,,,,
CISO,https://www.ciso.inc,sec filing,https://www.ciso.inc/company/careers/,2026-09-19
CITR,https://www.citrotech.com,sec filing,,2026-09-19
CIVB,https://www.civb.com,sec filing,,2026-09-19
CIX,https://www.compxinternational.com,sec filing,,2026-09-19
CJMB,https://www.callanjmb.com,sec filing,,2026-09-19
CKN.L,https://www.clarksons.com,wikidata,https://www.clarksons.com/home/careers/,2026-09-19
CKX,https://www.ckxlands.com,sec filing,,2026-09-19
CL,http://www.colgatepalmolive.com,wikidata,https://jobs.colgate.com/,2026-09-19
CLAR,https://www.claruscorp.com,sec filing,,2026-09-19
CLARI.PA,https://www.korian.com,wikidata,,2026-09-19
CLB,https://www.corelab.com,wikidata,https://www.corelab.com/careers/,2026-09-19
CLBK,,,,
CLDT,https://www.chathamlodgingtrust.com,sec filing,,2026-09-19
CLDX,http://www.celldex.com,wikidata,https://celldex.com/careers,2026-09-19
CLE.MI,,,,
CLEO.MC,,,,
CLF,http://www.clevelandcliffs.com,wikidata,https://careers.clevelandcliffs.com/,2026-09-19
CLFD,http://www.clearfieldconnection.com,wikidata,https://www.seeclearfield.com/about/careers.html,2026-09-19
CLH,https://www.cleanharbors.com,wikidata,https://careers.cleanharbors.com/,2026-09-19
CLI.L,,,,
CLIR,http://clearsign.com,wikidata,https://clearsign.com/careers/,2026-09-19
CLMB,https://www.climbglobalsolutions.com,sec filing,,2026-09-19
CLMT,http://www.calumetspecialty.com,wikidata,https://calumet.com/careers/,2026-09-19
CLNE,https://www.cleanenergyfuels.com,sec filing,https://cleanenergyfuels.com/about-us/careers,2026-09-19
CLNN,https://www.clene.com,sec filing,,2026-09-19
CLNX.MC,https://www.cellnex.com,wikidata,https://www.cellnex.com/talent/careers/,2026-09-19
CLOV,http://www.cloverhealth.com,wikidata,https://www.cloverhealth.com/about-us/careers,2026-09-19
CLOV.KA,http://www.clover.com.pk,exchange profile,https://clover.com.pk/careers/,2026-09-19
CLPR,https://www.clipperrealty.com,sec filing,https://clipperrealty.com/careers/,2026-09-19
CLPT,https://www.clearpointneuro.com,sec filing,https://www.clearpointneuro.com/about/careers/,2026-09-19
CLRO,https://www.clearone.com,sec filing,,2026-09-19
CLS,https://www.celestica.com,wikidata,https://www.celestica.com/careers/working-at-celestica,2026-09-19
CLSK,https://www.cleanspark.com,wikidata,https://www.cleanspark.com/careers/,2026-09-19
CLST,https://www.catalystbank.com,sec filing,,2026-09-19
CLW,http://www.clearwaterpaper.com,wikidata,,2026-09-19
CLX,http://www.thecloroxcompany.com,wikidata,https://www.thecloroxcompany.com/careers/,2026-09-19
CM,https://www.cibc.com,wikidata,https://www.cibc.com/en/about-cibc/careers.html,2026-09-19
CMB.MI,,,,
CMC,https://www.cmc.com,wikidata,https://jobs.cmc.com/,2026-09-19
CMCO,https://www.cmco.com,sec filing,https://careers.cmco.com/?locale=en_US,2026-09-19
CMCOM.AS,,,,
CMCSA,https://www.cmcsa.com,wikidata,,2026-09-19
CMCT,https://www.creativemediacommunity.com,sec filing,https://www.cimgroup.com/careers,2026-09-19
CMCX.L,,,,
CME,https://www.cmegroup.com,wikidata,,2026-09-19
CMG,https://chipotle.com,wikidata,https://jobs.chipotle.com/,2026-09-19
CMI,https://www.cummins.com,wikidata,,2026-09-19
CMLS,http://www.cumulus.com,wikidata,,2026-09-19
CMO.MC,https://www.cemolins.es,wikidata,,2026-09-19
CMP,https://www.compassminerals.com,wikidata,https://www.compassminerals.com/careers,2026-09-19
CMPX,https://www.compasstherapeutics.com,sec filing,https://www.compasstherapeutics.com/join-us/,2026-09-19
CMRC,http://www.commerce.com,wikidata,https://www.commerce.com/careers/,2026-09-19
CMRF,https://www.cimgroup.com,sec filing,https://jobs.lever.co/cimgroup/,2026-09-19
CMRS.L,,,,
CMS,http://www.cmsenergy.com,wikidata,,2026-09-19
CMT,https://www.coremt.com,sec filing,https://coremt.com/careers/,2026-09-19
CMTG,https://www.clarosmortgage.com,sec filing,,2026-09-19
CMTL,https://comtech.com,wikidata,https://comtech.com/careers,2026-09-19
CMTV,https://www.communitybancorpvt.com,sec filing,,2026-09-19
CNA,http://www.cna.com,wikidata,https://www.cna.com/careers,2026-09-19
CNA.L,https://www.centrica.com,wikidata,,2026-09-19
CNC,https://www.centene.com,wikidata,https://jobs.centene.com/us/en,2026-09-19
CNDT,http://conduent.com,wikidata,https://careers.conduent.com/us/en,2026-09-19
CNE.L,http://cairnenergy.com,wikidata,,2026-09-19
CNERGY.KA,http://www.cnergyico.com,exchange profile,https://www.cnergyico.com/careeratcnergyico/,2026-09-19
CNI,https://www.cn.ca,wikidata,https://www.cn.ca/en/careers/,2026-09-19
CNK,https://www.cinemark.com,wikidata,https://careers.cinemark.com/,2026-09-19
CNM,https://coreandmain.com,wikidata,https://jobs.coreandmain.com/,2026-09-19
CNMD,https://www.conmed.com,wikidata,https://careers.conmed.com/,2026-09-19
CNNE,https://www.cannaeholdings.com,sec filing,,2026-09-19
CNO,http://cnoinc.com,wikidata,https://cno.dejobs.org/,2026-09-19
CNOB,https://www.connectonebank.com,sec filing,https://www.connectonebank.com/about/careers,2026-09-19
CNP,http://www.centerpointenergy.com,wikidata,https://careers.centerpointenergy.com/,2026-09-19
CNQ,http://www.cnrl.com,wikidata,https://www.cnrl.com/careers/careers-with-canadian-natural/,2026-09-19
CNR,https://www.cn.ca,wikidata,https://www.cn.ca/en/careers/,2026-09-19
CNS,https://www.cohenandsteers.com,wikidata,,2026-09-19
CNSY,https://plustherapeutics.com,wikidata,,2026-09-19
CNTB,https://www.connectbiopharma.com,sec filing,https://www.connectbiopharma.com/careers,2026-09-19
CNTM,https://www.connectm.com,sec filing,,2026-09-19
CNTN,https://www.cantonstrategic.com,sec filing,,2026-09-19
CNTY,https://www.cnty.com,wikidata,,2026-09-19
CNVS,https://www.cineverse.com,sec filing,https://home.cineverse.com/careers/,2026-09-19
CNX,https://www.consolenergy.com,wikidata,https://corenaturalresources.com/careers/,2026-09-19
CNXC,https://www.concentrix.com,sec filing,https://jobs.concentrix.com/,2026-09-19
CNXN,https://www.connection.com,wikidata,,2026-09-19
CO.PA,https://www.groupe-casino.fr,wikidata,,2026-09-19
COA.L,,,,
COCH,https://www.envoymedical.com,sec filing,https://www.envoymedical.com/careers,2026-09-19
COCO,,,,
COCP,https://www.cocp.vote,sec filing,https://www.equitystock.com/careers,2026-09-19
CODA,https://www.codaoctopusgroup.com,sec filing,,2026-09-19
CODI,http://www.compasstrust.com,wikidata,,2026-09-19
CODX,,,,
COF,https://www.capitalone.com,wikidata,,2026-09-19
COFA.PA,https://www.coface.fr,wikidata,,2026-09-19
COFS,https://www.choiceone.bank,sec filing,https://www.choiceone.bank/About/Careers,2026-09-19
COHN,https://www.cohenandcompany.com,sec filing,,2026-09-19
COHR,https://www.coherent.com,wikidata,https://www.coherent.com/peopleandculture,2026-09-19
COHU,https://www.cohu.com,sec filing,https://www.cohu.com/careers,2026-09-19
COIL.L,,,,
COIN,https://www.coinbase.com,wikidata,,2026-09-19
COKE,https://www.cokeconsolidated.com,wikidata,http://work4coke.com/,2026-09-19
COL.MC,http://www.inmocolonial.com,wikidata,,2026-09-19
COLB,https://www.columbiabankingsystem.com,sec filing,,2026-09-19
COLD,https://www.americold.com,wikidata,http://careers.americold.com/,2026-09-19
COLG.KA,http://www.colgate.com.pk,exchange profile,,2026-09-19
COLL,https://www.collegiumpharma.com,sec filing,https://www.collegiumpharma.com/careers/,2026-09-19
COLM,https://www.columbia.com,wikidata,https://www.columbia.com/careers/,2026-09-19
COM.MI,,,,
COMP,https://www.compass.com,wikidata,https://www.compass.com/careers/,2026-09-19
CON,https://www.concentra.com,sec filing,,2026-09-19
COO,http://www.coopercos.com,wikidata,https://www.coopercos.com/careers,2026-09-19
COOK,https://www.traeger.com,sec filing,https://www.traeger.com/careers,2026-09-19
COOT,https://www.australianoilseeds.au,sec filing,,2026-09-19
COP,https://www.conocophillips.com,wikidata,https://careers.conocophillips.com/,2026-09-19
COR,http://www.cencora.com,wikidata,https://careers.cencora.com/us/en,2026-09-19
CORT,http://www.corcept.com,wikidata,https://corcept.com/careers/,2026-09-19
CORZ,https://www.corescientific.com,sec filing,https://corescientific.com/careers/,2026-09-19
COSO,,,,
COST,https://www.costco.com,wikidata,https://www.costco.com/jobs.html,2026-09-19
COST.L,http://www.costain.com,wikidata,,2026-09-19
COTY,http://www.coty.com,wikidata,https://careers.coty.com/,2026-09-19
COUR,https://www.coursera.org,wikidata,https://careers.coursera.com/,2026-09-19
COYA,https://www.coyatherapeutics.com,sec filing,,2026-09-19
CP,https://www.cpkcr.com,wikidata,,2026-09-19
CPAY,https://www.corpay.com,wikidata,https://www.corpay.com/careers,2026-09-19
CPB,https://www.campbells.com,wikidata,https://careers.thecampbellscompany.com/,2026-09-19
CPBI,,,,
CPF,https://www.centralpacificbank.com,sec filing,https://www.cpb.bank/careers,2026-09-19
CPG.L,https://www.compass-group.com,wikidata,,2026-09-19
CPHC,http://www.canterburypark.com,wikidata,,2026-09-19
CPHL.KA,http://www.citipharma.com.pk,exchange profile,https://www.citipharma.com.pk/careers/,2026-09-19
CPI.L,https://www.capita.com,wikidata,,2026-09-19
CPIX,https://www.cumberlandpharma.com,sec filing,,2026-09-19
CPK,https://www.chpk.com,wikidata,https://chpk.com/careers/,2026-09-19
CPNG,https://www.coupang.com,wikidata,,2026-09-19
CPRT,https://www.copart.com,wikidata,,2026-09-19
CPS,http://www.cooperstandard.com,wikidata,,2026-09-19
CPSH,,,,
CPSS,https://www.consumerportfolio.com,sec filing,,2026-09-19
CPT,https://www.camdenliving.com,wikidata,https://ehap.fa.us2.oraclecloud.com/hcmUI/CandidateExperience/en/sites/CX,2026-09-19
CQP,https://www.cheniere.com,sec filing,https://www.cheniere.com/careers,2026-09-19
CR,http://www.craneco.com,wikidata,https://cranecompany.wd5.myworkdayjobs.com/Careers,2026-09-19
CRAI,http://www.crai.com,wikidata,https://www.crai.com/cra-careers/,2026-09-19
CRBG,https://www.corebridgefinancial.com,wikidata,https://corebridgefinancial.wd1.myworkdayjobs.com/CorebridgeFinancial,2026-09-19
CRBN.AS,http://csmglobal.com,wikidata,,2026-09-19
CRBU,,,,
CRC,http://www.crc.com,wikidata,,2026-09-19
CRCL,https://www.circle.com,sec filing,https://careers.circle.com/,2026-09-19
CRCT,https://cricut.com,wikidata,https://cricut.com/en-us/careers,2026-09-19
CRD-A,,,,
CRDA.L,http://www.croda.com,wikidata,https://www.croda.com/en-gb/careers,2026-09-19
CRDF,https://www.cardiffoncology.com,sec filing,,2026-09-19
CREI.L,,,,
CREX,,,,
CRGY,https://www.crescentenergyco.com,sec filing,,2026-09-19
CRI,https://www.carters.com,wikidata,,2026-09-19
CRI.PA,,,,
CRIS,https://www.curis.com,sec filing,https://www.curis.com/careers/life-at-curis/,2026-09-19
CRK,https://www.comstockresources.com,sec filing,https://www.comstockresources.com/Careers.html,2026-09-19
CRL,http://www.criver.com,wikidata,,2026-09-19
CRL.MI,,,,
CRLBF,,,,
CRM,https://www.salesforce.com,wikidata,https://www.salesforce.com/company/careers/,2026-09-19
CRMD,https://www.cormedix.com,sec filing,https://cormedix.com/careers,2026-09-19
CRMT,,,,
CRMZ,https://www.creditriskmonitor.com,sec filing,,2026-09-19
CRNC,https://www.cerence.com,wikidata,https://www.cerence.com/about/careers,2026-09-19
CRON,https://thecronosgroup.com,wikidata,https://jobs.jobvite.com/cronosgroup/,2026-09-19
CROS.PA,,,,
CROX,https://www.crocs.com,wikidata,,2026-09-19
CRS,http://www.cartech.com,wikidata,https://www.carpentertechnology.com/careers,2026-09-19
CRSR,https://www.corsair.com,sec filing,https://www.corsair.com/s/careers,2026-09-19
CRST.L,https://www.crestnicholson.com,wikidata,https://corporate.crestnicholson.com/careers/,2026-09-19
CRTM.KA,http://www.crescenttextile.com,exchange profile,https://www.crescenttextile.com/how-to-apply/,2026-09-19
CRUS,http://www.cirrus.com,wikidata,,2026-09-19
CRVL,https://www.corvel.com,wikidata,https://www.corvel.com/company/careers/,2026-09-19
CRVO,https://www.cervomed.com,sec filing,,2026-09-19
CRVW,https://www.care-view.com,sec filing,https://care-view.com/careers/,2026-09-19
CRWD,https://www.crowdstrike.com,wikidata,https://www.crowdstrike.com/en-us/careers/,2026-09-19
CRWS,https://www.crowncrafts.com,sec filing,,2026-09-19
CRWV,https://www.coreweave.com,sec filing,https://www.coreweave.com/careers,2026-09-19
CS.PA,https://www.axa.com,wikidata,,2026-09-19
CSAI,https://www.cloudastructure.com,sec filing,https://www.cloudastructure.com/company/careers,2026-09-19
CSAP.KA,http://www.crescent.com.pk,exchange profile,https://www.crescent.com.pk/careers/join-us,2026-09-19
CSBB,,,,
CSBR,http://championsoncology.com,wikidata,https://www.paycomonline.net/v4/ats/web.php/jobs?clientkey=8E074C8045885157668F3D28842C8B65,2026-09-19
CSCID,,,,
CSCO,https://www.cisco.com,wikidata,https://careers.cisco.com/global/en/home,2026-09-19
CSGP,https://www.costargroup.com,wikidata,,2026-09-19
CSIL.KA,http://www.cstarinsurance.com,exchange profile,https://cstarinsurance.com/careers/,2026-09-19
CSIQ,http://www.canadiansolar.com,wikidata,https://canadiansolar.wd5.myworkdayjobs.com/CanadianSolar/,2026-09-19
CSL,http://www.carlisle.com,wikidata,,2026-09-19
CSN.L,,,,
CSPI,https://www.cspi.com,sec filing,,2026-09-19
CSQR,,,,
CSR,https://www.centerspacehomes.com,sec filing,,2026-09-19
CSTL,https://www.castlebiosciences.com,sec filing,https://www.castlebiosciences.com/company/careers,2026-09-19
CSV,https://www.carriageservices.com,sec filing,https://www.carriagecareers.com/,2026-09-19
CSW,https://cswindustrials.com,wikidata,https://csw.com/careers/,2026-09-19
CSX,https://www.csx.com,wikidata,,2026-09-19
CTAC.AS,,,,
CTAS,http://www.cintas.com,wikidata,https://www.cintas.com/careers,2026-09-19
CTBI,https://www.ctbi.com,sec filing,,2026-09-19
CTEC.L,,,,
CTEV,https://www.claritev.com,wikidata,https://www.claritev.com/who-we-are/careers/,2026-09-19
CTGG,http://www.qwest.com,wikidata,https://jobs.lumen.com/,2026-09-19
CTKB,https://www.cytekbio.com,sec filing,https://cytekbio.com/pages/careers,2026-09-19
CTM,https://www.castellumus.com,sec filing,https://workforcenow.adp.com/mascsr/default/mdf/recruitment/recruitment.html?cid=244ae70f-13c8-4ab6-b68a-c2964191a80a&ccId=19000101_000001&lang=en_US,2026-09-19
CTMX,https://www.cytomx.com,sec filing,https://cytomx.com/culture-and-careers/,2026-09-19
CTNM,https://www.contineum-tx.com,sec filing,https://contineum-tx.com/careers/,2026-09-19
CTNT,https://www.cheetah-net.com,sec filing,https://cheetah-net.com/career,2026-09-19
CTO,https://www.ctoreit.com,sec filing,,2026-09-19
CTOR,https://www.citiusonc.com,sec filing,,2026-09-19
CTOS,https://www.customtruck.com,sec filing,https://www.customtruck.com/careers,2026-09-19
CTPNV.AS,,,,
CTRE,https://www.caretrustreit.com,sec filing,,2026-09-19
CTRI,https://www.centuri.com,sec filing,https://centuri.com/careers/,2026-09-19
CTRN,https://www.cititrends.com,wikidata,https://cititrends.com/careers/,2026-09-19
CTS,https://www.ctscorp.com,sec filing,https://www.ctscorp.com/About-CTS/Careers,2026-09-19
CTSH,https://www.cognizant.com,wikidata,https://careers.cognizant.com/global-en/,2026-09-19
CTSO,https://cytosorbents.com,wikidata,https://cytosorbents.com/careers/,2026-09-19
CTVA,https://www.corteva.com,wikidata,https://careers.corteva.com/,2026-09-19
CTXR,https://www.citiuspharma.com,sec filing,,2026-09-19
CUBE,https://www.cubesmart.com,wikidata,https://careers.cubesmart.com/,2026-09-19
CUBI,https://www.customersbank.com,sec filing,https://www.customersbank.com/join-our-team/,2026-09-19
CUE,https://www.cuebiopharma.com,sec filing,,2026-09-19
CULP,https://www.culp.com,sec filing,https://www.culp.com/careers,2026-09-19
CURB,https://www.curbline.com,sec filing,https://curbline.com/careers,2026-09-19
CURI,https://www.curiositystream.com,sec filing,,2026-09-19
CURLF,https://www.curaleaf.com,sec filing,,2026-09-19
CURV,https://www.torrid.com,wikidata,,2026-09-19
CURY.L,,,,
CUZ,http://www.cousinsproperties.com,wikidata,,2026-09-19
CV,https://www.capsovision.com,sec filing,,2026-09-19
CVBF,,,,
CVCO,https://www.cavco.com,sec filing,,2026-09-19
CVE,https://www.cenovus.com,wikidata,https://www.cenovus.com/Careers,2026-09-19
CVEO,https://civeo.com,wikidata,https://civeo.com/careers/,2026-09-19
CVGI,http://www.cvgrp.com,wikidata,https://cvgrp.com/additional-links/careers/,2026-09-19
CVI,https://www.cvrenergy.com,sec filing,https://www.cvrenergy.com/Company/Careers,2026-09-19
CVLG,http://www.ctgcompanies.com,wikidata,,2026-09-19
CVLT,https://www.commvault.com,wikidata,https://www.commvault.com/careers,2026-09-19
CVNA,https://www.carvana.com,wikidata,,2026-09-19
CVR,https://www.chicagorivet.com,sec filing,https://www.chicagorivet.com/company/careers/,2026-09-19
CVRX,http://www.cvrx.com,wikidata,https://www.barostim.com/healthcare-professionals/careers/,2026-09-19
CVS,https://cvshealth.com,wikidata,https://jobs.cvshealth.com/?cid=site-CVSHealth:Footer:careers:na,2026-09-19
CVSA,https://www.covista.com,wikidata,https://www.covista.com/join-us,2026-09-19
CVSI,https://www.cvsciences.com,sec filing,,2026-09-19
CVU,https://www.cpiaero.com,sec filing,https://www.cpiaero.com/careers,2026-09-19
CVV,https://www.cvdequipment.com,sec filing,https://cvdequipment.com/employment/,2026-09-19
CVX,https://www.chevron.com,wikidata,,2026-09-19
CVX.PA,,,,
CW,https://www.curtisswright.com,wikidata,https://curtisswright.com/careers,2026-09-19
CWBC,http://www.communitywest.com,wikidata,,2026-09-19
CWBHF,https://www.charlottesweb.com,sec filing,https://www.charlottesweb.com/pages/careers,2026-09-19
CWD,https://www.caliberco.com,sec filing,https://www.caliberco.com/careers/,2026-09-19
CWEN,https://www.clearwayenergy.com,sec filing,,2026-09-19
CWGL,https://www.crimsonwinegroup.com,sec filing,https://www.crimsonwinegroup.com/careers/,2026-09-19
CWH,http://www.campingworld.com,wikidata,https://www.campingworldcareers.com/,2026-09-19
CWK.L,,,,
CWR.L,,,,
CWST,https://www.casella.com,wikidata,https://careers-casella.icims.com/jobs,2026-09-19
CWT,https://www.calwatergroup.com,wikidata,https://calwatergroup.wd5.myworkdayjobs.com/CWSG,2026-09-19
CXAI,https://www.cxapp.com,sec filing,https://cxapp.com/company/careers,2026-09-19
CXDO,https://www.crexendo.com,sec filing,https://www.crexendo.com/why-crexendo/careers/,2026-09-19
CXM,http://www.sprinklr.com,wikidata,https://www.sprinklr.com/careers/,2026-09-19
CXT,https://www.cranenxt.com,sec filing,https://www.cranenxt.com/join-us/,2026-09-19
CXW,https://www.corecivic.com,wikidata,https://jobs.corecivic.com/,2026-09-19
CXXIF,,,,
CY4.MI,,,,
CYAN,https://www.cyanotech.com,sec filing,https://www.cyanotech.com/join-our-team/,2026-09-19
CYCN,,,,
CYCU,https://www.cycurion.com,sec filing,,2026-09-19
CYH,https://www.chs.net,wikidata,https://www.chs.net/careers,2026-09-19
CYN,https://cyngn.com,wikidata,https://www.cyngn.com/company/careers,2026-09-19
CYRX,https://www.cryoportinc.com,sec filing,https://cryoport.wd12.myworkdayjobs.com/external,2026-09-19
CYTK,https://cytokinetics.com,wikidata,https://cytokinetics.com/careers,2026-09-19
CZFS,,,,
CZNC,,,,
CZR,https://www.caesars.com,wikidata,,2026-09-19
CZWI,https://www.citizenscommunityfederal.net,sec filing,,2026-09-19
D,https://www.dominionenergy.com,wikidata,https://careers.dominionenergy.com/,2026-09-19
DAIC,https://www.daic.ai,sec filing,,2026-09-19
DAIO,http://www.dataio.com,wikidata,https://www.dataio.com/careers/,2026-09-19
DAKT,https://www.daktronics.com,wikidata,https://careers-daktronics.icims.com/jobs/intro?hashed=-435709790,2026-09-19
DAL,https://de.delta.com,wikidata,,2026-09-19
DAN,https://www.dana.com,wikidata,https://jobs.dana.com/,2026-09-19
DAR,https://www.darlingii.com,wikidata,https://www.darlingii.com/careers,2026-09-19
DAR.L,,,,
DARE,https://www.darebioscience.com,sec filing,,2026-09-19
DASH,https://www.doordash.com,wikidata,,2026-09-19
DAVE,https://www.famousdaves.com,wikidata,https://www.famousdaves.com/Careers,2026-09-19
DBD,https://www.dieboldnixdorf.com,wikidata,https://www.dieboldnixdorf.com/en-us/careers,2026-09-19
DBG.PA,,,,
DBGI,https://www.digitalbrandsgroup.co,sec filing,,2026-09-19
DBHL,https://www.deepisolation.com,sec filing,https://www.deepisolation.com/careers/,2026-09-19
DBI,https://www.designerbrands.com,sec filing,https://designerbrands.com/careers/,2026-09-19
DBRG,https://www.digitalbridge.com,wikidata,https://www.digitalbridge.com/careers,2026-09-19
DBX,http://www.dropbox.com,wikidata,https://jobs.dropbox.com/,2026-09-19
DCBO,https://www.docebo.com,sec filing,https://www.docebo.com/careers/,2026-09-19
DCGO,https://www.docgo.com,sec filing,https://docgo.com/career/,2026-09-19
DCH,https://www.dauch.com,sec filing,https://careers.dauch.com/,2026-09-19
DCI,http://www.donaldson.com,wikidata,https://www.donaldson.com/en/company/careers/,2026-09-19
DCL.KA,http://www.yousufdewan.com,exchange profile,http://www.yousufdewan.com/Careers.html,2026-09-19
DCO,http://ducommun.com,wikidata,http://ducommun.com/careers/CareersHome.aspx/,2026-09-19
DCOM,http://www.dime.com,wikidata,https://www.dime.com/careers,2026-09-19
DCOY,https://www.decoytx.com,sec filing,https://decoytx.com/careers/,2026-09-19
DCTH,http://www.delcath.com,wikidata,https://delcath.com/about-us/careers/,2026-09-19
DD,https://www.dupont.com,wikidata,https://careers.dupont.com/,2026-09-19
DDC,,,,
DDD,http://www.3dsystems.com,wikidata,https://www.3dsystems.com/careers,2026-09-19
DDOG,https://www.datadoghq.com,wikidata,,2026-09-19
DDS,http://www.dillards.com,wikidata,https://careers.dillards.com/Careers/,2026-09-19
DE,https://www.deere.com,wikidata,https://www.deere.com/en-us/our-company/careers,2026-09-19
DEA,https://www.easterlyreit.com,sec filing,,2026-09-19
DEC,,,,
DECK,http://www.deckers.com,wikidata,https://www.deckers.com/careers,2026-09-19
DEEZR.PA,,,,
DEFT,https://www.defi.tech,sec filing,,2026-09-19
DEI,https://www.douglasemmett.com,sec filing,https://www.douglasemmett.com/careers,2026-09-19
DELL,https://www.dell.com,wikidata,https://jobs.dell.com/en,2026-09-19
DERM,https://www.journeymedicalcorp.com,sec filing,,2026-09-19
DEX.MI,,,,
DFDV,https://janover.co,wikidata,,2026-09-19
DFH,https://www.dreamfindershomes.com,sec filing,https://careers.dreamfindershomes.com/,2026-09-19
DFIN,https://www.dfinsolutions.com,wikidata,https://jobs.dfinsolutions.com/,2026-09-19
DFLI,https://www.dragonflyenergy.com,sec filing,https://dragonflyenergy.com/company/careers/,2026-09-19
DFNS,,,,
DFS.L,,,,
DFSC,,,,
DFSM.KA,http://www.yousufdewan.com,exchange profile,http://www.yousufdewan.com/Careers.html,2026-09-19
DG,https://www.dollargeneral.com,wikidata,https://careers.dollargeneral.com/,2026-09-19
DG.PA,https://www.vinci.com,wikidata,,2026-09-19
DGE.L,http://www.diageo.com,wikidata,https://www.diageo.com/en/careers,2026-09-19
DGICA,https://www.donegalgroup.com,sec filing,https://www.donegalgroup.com/careers,2026-09-19
DGII,https://www.digi.com,wikidata,https://www.digi.com/company/careers,2026-09-19
DGKC.KA,http://www.dgcement.com,exchange profile,https://www.dgcement.com/career.html,2026-09-19
DGX,https://www.questdiagnostics.com,wikidata,https://careers.questdiagnostics.com/,2026-09-19
DGXX,https://www.digipowerx.com,sec filing,https://www.digipowerx.com/careers,2026-09-19
DH,https://www.definitivehc.com,sec filing,https://www.definitivehc.com/about/careers,2026-09-19
DHC,https://www.dhcreit.com,sec filing,,2026-09-19
DHI,http://www.drhorton.com,wikidata,https://www.drhorton.com/careers,2026-09-19
DHR,https://www.danaher.com,wikidata,https://jobs.danaher.com/global/en,2026-09-19
DHTI,,,,
DHX,https://www.dice.com,wikidata,https://www.dice.com/jobs/q-IT-jobs,2026-09-19
DIA.L,,,,
DIA.MC,https://diasoringroup.com,wikidata,https://int.diasorin.com/en/careers,2026-09-19
DIA.MI,https://diasoringroup.com,wikidata,https://int.diasorin.com/en/careers,2026-09-19
DIB.MI,,,,
DIBS,https://www.1stdibs.com,wikidata,https://www.1stdibs.com/about/careers/,2026-09-19
DIM.PA,http://www.sartorius.com,wikidata,https://www.sartorius.com/en/company/careers,2026-09-19
DIN,https://www.dinebrands.com,wikidata,,2026-09-19
DINO,http://www.hollyfrontier.com,wikidata,,2026-09-19
DIOD,http://www.diodes.com,wikidata,,2026-09-19
DIS,https://www.disney.com,wikidata,https://jobs.disneycareers.com/,2026-09-19
DIT,https://www.amcon.com,sec filing,https://www.amcon.com/careers,2026-09-19
DJCO,http://www.dailyjournal.com,wikidata,,2026-09-19
DJT,https://www.tmtgcorp.com,wikidata,https://tmtgcorp.com/careers,2026-09-19
DK,https://www.delekus.com,wikidata,,2026-09-19
DKL,https://www.deleklogistics.com,sec filing,,2026-09-19
DKNG,https://www.draftkings.com,wikidata,,2026-09-19
DKS,https://www.dickssportinggoods.com,wikidata,,2026-09-19
DLB,https://www.dolby.com,wikidata,https://www.dolby.com/careers/,2026-09-19
DLG.MI,https://www.delonghi.com,wikidata,,2026-09-19
DLHC,https://www.dlhcorp.com,sec filing,https://www.dlhcorp.com/careers/,2026-09-19
DLL.KA,http://www.dawoodlawrencepur.com,exchange profile,,2026-09-19
DLPN,https://www.dolphinentertainment.com,wikidata,https://dolphinentertainment.com/careers/,2026-09-19
DLR,https://www.digitalrealty.com,wikidata,https://careers.digitalrealty.com/,2026-09-19
DLTH,https://www.duluthtrading.com,sec filing,https://www.duluthtrading.com/content/careers?feature=ftcr,2026-09-19
DLTR,https://www.dollartree.com,wikidata,https://careers.dollartree.com/us/en,2026-09-19
DLX,https://www.deluxe.com,wikidata,,2026-09-19
DMC,http://www.freshdelmonte.com,wikidata,https://freshdelmonte.com/careers/,2026-09-19
DMC.KA,http://www.dmtextile.com.pk,exchange profile,,2026-09-19
DMLP,https://www.dmlp.net,sec filing,,2026-09-19
DMRC,http://www.digimarc.com,wikidata,https://job-boards.greenhouse.io/digimarc,2026-09-19
DNA,https://www.ginkgo.bio,wikidata,https://job-boards.greenhouse.io/ginkgobioworks,2026-09-19
DNLI,https://www.denalitherapeutics.com,sec filing,https://www.denalitherapeutics.com/careers,2026-09-19
DNLM.L,,,,
DNOW,https://www.dnow.com,sec filing,https://www.dnow.com/careers,2026-09-19
DNR.MI,https://denora.com,wikidata,,2026-09-19
DNTH,http://www.magentatx.com,wikidata,,2026-09-19
DNUT,https://krispykreme.com,wikidata,,2026-09-19
DOC,http://www.hcpi.com,wikidata,,2026-09-19
DOCN,https://www.digitalocean.com,wikidata,https://www.digitalocean.com/careers,2026-09-19
DOCS,https://www.doximity.com,wikidata,,2026-09-19
DOCS.L,,,,
DOCU,http://www.docusign.com,wikidata,https://careers.docusign.com/careers-home,2026-09-19
DOL.KA,http://www.desconoxychem.com,exchange profile,,2026-09-19
DOM.L,,,,
DOM.MC,http://www.dominion-global.com,wikidata,,2026-09-19
DOMH,https://www.dominari.com,sec filing,,2026-09-19
DOMO,https://www.domo.com,wikidata,,2026-09-19
DORM,https://www.dormanproducts.com,sec filing,,2026-09-19
DOUG,,,,
DOV,http://www.dovercorporation.com,wikidata,,2026-09-19
DOW,https://www.dow.com,wikidata,https://corporate.dow.com/en-us/careers.html,2026-09-19
DPLM.L,,,,
DPRO,https://www.draganfly.com,sec filing,https://draganfly.com/careers/,2026-09-19
DPT.PA,,,,
DPZ,https://www.dominos.com,wikidata,https://jobs.dominos.com/us/,2026-09-19
DRCT,https://www.directdigitalholdings.com,sec filing,https://workforcenow.adp.com/mascsr/default/mdf/recruitment/recruitment.html?cid=2a589a95-d725-4b76-9185-1f88b5231fb5&ccId=19000101_000001&lang=en_US,2026-09-19
DREM,https://www.dreamhomesltd.com,sec filing,,2026-09-19
DRH,https://www.drhc.com,sec filing,https://drhc.com/careers.php,2026-09-19
DRI,http://www.darden.com,wikidata,https://www.darden.com/careers,2026-09-19
DRIO,https://www.dariohealth.com,sec filing,https://www.dariohealth.com/careers/,2026-09-19
DRS,https://www.leonardodrs.com,wikidata,,2026-09-19
DRVN,https://www.drivenbrands.com,sec filing,https://careers.drivenbrands.com/,2026-09-19
DRX.L,http://www.draxgroup.plc.uk,wikidata,,2026-09-19
DSC2S.AS,,,,
DSCV.L,,,,
DSGN,https://www.designtx.com,sec filing,https://www.designtx.com/careers/,2026-09-19
DSGR,https://www.distributionsolutionsgroup.com,sec filing,,2026-09-19
DSGX,http://www.descartes.com,wikidata,https://careers.descartes.com/,2026-09-19
DSIL.KA,http://www.dsil.com.pk,exchange profile,,2026-09-19
DSP,https://www.viantinc.com,sec filing,https://www.viantinc.com/company/careers/,2026-09-19
DSS,https://www.dssworld.com,sec filing,https://www.dssworld.com/careers,2026-09-19
DSY.PA,https://www.3ds.com,wikidata,https://www.3ds.com/careers,2026-09-19
DT,https://www.dynatrace.com,wikidata,https://www.dynatrace.com/careers/,2026-09-19
DTCX,https://www.datacentrex.com,sec filing,,2026-09-19
DTI,https://www.drillingtools.com,sec filing,https://www.drillingtools.com/employment,2026-09-19
DTIL,http://precisionbiosciences.com,wikidata,https://precisionbiosciences.com/careers/,2026-09-19
DTM,https://www.dtmidstream.com,sec filing,https://dtmidstream.com/careers/,2026-09-19
DTST,https://www.dtst.com,sec filing,,2026-09-19
DUK,https://www.duke-energy.com,wikidata,,2026-09-19
DUOL,https://www.duolingo.com,wikidata,,2026-09-19
DUOT,https://www.duostechnologies.com,sec filing,,2026-09-19
DV,https://www.covista.com,wikidata,https://www.covista.com/join-us,2026-09-19
DVA,https://www.davita.com,wikidata,https://careers.davita.com/,2026-09-19
DVLT,https://www.datavaultsite.com,sec filing,https://dvlt.ai/careers,2026-09-19
DVN,http://www.devonenergy.com,wikidata,https://www.devonenergy.com/careers,2026-09-19
DWSN,https://www.dawson3d.com,sec filing,https://www.dawson3d.com/why-dawson/careers.html,2026-09-19
DXC,https://dxc.com,wikidata,https://careers.dxc.com/,2026-09-19
DXCM,http://dexcom.com,wikidata,https://careers.dexcom.com/careers/index,2026-09-19
DXLG,http://www.destinationxl.com,wikidata,,2026-09-19
DXPE,https://www.dxpe.com,sec filing,https://www.dxpe.com/about-us/careers/,2026-09-19
DXYN,https://www.dixiegroup.com,sec filing,,2026-09-19
DY,https://www.dycomind.com,sec filing,https://dycomind.com/careers/,2026-09-19
DYAI,https://www.dyadic.com,sec filing,,2026-09-19
DYNO.KA,http://www.dynea.com.pk,exchange profile,https://www.dynea.com.pk/career/,2026-09-19
DYNR,https://www.dynaresource.com,sec filing,,2026-09-19
EACO,https://www.eacocorp.com,sec filing,,2026-09-19
EAF,https://www.graftech.com,wikidata,,2026-09-19
EAI,https://www.entergy.com,sec filing,https://jobs.entergy.com/,2026-09-19
EAPI.PA,,,,
EARTH.AS,,,,
EAS2P.AS,,,,
EAT,http://www.brinker.com,wikidata,,2026-09-19
EAT.MC,http://www.amrest.eu,wikidata,https://careeratamrest.com/,2026-09-19
EBAY,https://www.ebay.com,wikidata,,2026-09-19
EBC,https://www.easternbank.com,wikidata,,2026-09-19
EBF,https://www.ennis.com,sec filing,,2026-09-19
EBMT,,,,
EBON,https://www.ebang.com,sec filing,,2026-09-19
EBRO.MC,http://www.ebrofoods.es,wikidata,,2026-09-19
EBS,http://emergentbiosolutions.com,wikidata,,2026-09-19
EBUS.AS,,,,
ECBK,,,,
ECEL.L,https://www.eurocell.co.uk,wikidata,,2026-09-19
ECG,https://www.everus.com,sec filing,,2026-09-19
ECHO,http://www.echostar.com,wikidata,https://www.echostar.com/careers,2026-09-19
ECIA,https://www.encision.com,sec filing,,2026-09-19
ECL,http://ecolab.com,wikidata,https://jobs.ecolab.com/global/en,2026-09-19
ECMPA.AS,,,,
ECNL.MI,,,,
ECOP.KA,http://www.ecopack.com.pk,exchange profile,,2026-09-19
ECOR,https://www.electrocore.com,sec filing,https://www.electrocore.com/careers,2026-09-19
ECPG,http://www.encorecapital.com,wikidata,https://www.encorecapital.com/careers-locations,2026-09-19
ECR.MC,http://www.ercros.es,wikidata,,2026-09-19
ECVT,https://www.ecovyst.com,sec filing,,2026-09-19
ED,http://www.coned.com,wikidata,https://www.coned.com/en/about-us/careers,2026-09-19
EDBL,,,,
EDEN.PA,http://www.edenred.com,wikidata,,2026-09-19
EDIT,https://www.editasmedicine.com,wikidata,https://www.editasmedicine.com/careers/,2026-09-19
EDNR.MI,http://www.edison.it,wikidata,,2026-09-19
EDUC,,,,
EDV.L,,,,
EDVA,,,,
EE,https://epelectric.com,wikidata,https://www.epelectric.com/company/careers,2026-09-19
EEFT,https://www.euronet.com,wikidata,https://www.euronet.com/about-euronet/careers/,2026-09-19
EEIQ,https://www.epicquesteducation.com,sec filing,,2026-09-19
EFERT.KA,http://www.engrofertilizers.com,exchange profile,https://engrocorp.jobs.hr.cloud.sap/,2026-09-19
EFG.PA,https://www.ol.fr,wikidata,,2026-09-19
EFOI,https://www.energyfocus.com,sec filing,,2026-09-19
EFOR,https://www.everforth.com,sec filing,,2026-09-19
EFSC,https://www.enterprisebank.com,sec filing,https://www.enterprisebank.com/careers,2026-09-19
EFSI,,,,
EFUG.KA,http://www.efuinsurance.com,exchange profile,https://efuinsurance.com/conventional/careers.php,2026-09-19
EFX,https://www.equifax.com,wikidata,https://www.equifax.com/about-equifax/culture-careers/,2026-09-19
EFXT,https://www.enerflex.com,sec filing,https://www.enerflex.com/careers,2026-09-19
EGAN,http://www.egain.com,wikidata,https://www.egain.com/company/careers/,2026-09-19
EGBN,https://www.eaglebankcorp.com,wikidata,https://careers.eaglebankcorp.com/,2026-09-19
EGHT,https://www.8x8.com,wikidata,,2026-09-19
EGLA.MI,https://www.euro-group.it,wikidata,,2026-09-19
EGO,http://www.eldoradogold.com,wikidata,https://www.eldoradogold.com/careers,2026-09-19
EGP,https://www.eastgroup.net,sec filing,https://phx.us-west.paycomonline.net/v4/ats/web.php/portal/FF95F1D079994D46C22FCB801D0A2C8F/career-page,2026-09-19
EGY,http://www.vaalco.com,wikidata,https://www.vaalco.com/careers,2026-09-19
EHC,https://www.encompasshealth.com,wikidata,https://careers.encompasshealth.com/,2026-09-19
EHTH,http://www.ehealthinsurance.com,wikidata,,2026-09-19
EIG,https://www.employers.com,wikidata,https://www.employers.com/careers/,2026-09-19
EIX,http://www.edison.com,wikidata,https://www.edisoncareers.com/,2026-09-19
EKI.PA,,,,
EL,http://www.elcompanies.com,wikidata,https://www.elcompanies.com/en/careers,2026-09-19
ELA,https://www.envela.com,sec filing,,2026-09-19
ELAB,https://www.pmgcholdings.com,sec filing,,2026-09-19
ELAN,https://www.elanco.com,wikidata,https://www.elanco.com/us/careers,2026-09-19
ELC.MI,,,,
ELE,https://www.elementalroyalty.com,sec filing,,2026-09-19
ELE.MC,https://www.endesa.com,wikidata,,2026-09-19
ELF,https://www.elfcosmetics.com,wikidata,https://www.elfbeauty.com/work-with-us,2026-09-19
ELIOR.PA,,,,
ELIS.PA,,,,
ELIX.L,,,,
ELM.L,,,,
ELMD,,,,
ELME,https://www.elmecommunities.com,sec filing,https://elmecommunities.com/careers/,2026-09-19
ELMT,,,,
ELN.MI,http://elengroup.com,wikidata,,2026-09-19
ELNV.PA,https://www.essilorluxottica.com,wikidata,https://www.essilorluxottica.com/en/careers/,2026-09-19
ELOX,https://www.eloxxpharma.com,sec filing,https://www.eloxxpharma.com/careers/,2026-09-19
ELS,https://www.equitylifestyleproperties.com,sec filing,https://equitylifestyleproperties.wd5.myworkdayjobs.com/ELS,2026-09-19
ELTP,https://www.elitepharma.com,sec filing,https://elitepharma.com/careers/,2026-09-19
ELUT,https://www.elutia.com,sec filing,https://elutia.com/careers/,2026-09-19
ELV,https://www.elevancehealth.com,wikidata,https://careers.elevancehealth.com/,2026-09-19
ELVA,https://www.electrovaya.com,sec filing,https://electrovaya.com/career/,2026-09-19
ELWT,https://www.elauwit.com,sec filing,https://jobs.gusto.com/boards/elauwit-connection-inc-3c656711-9020-4f12-9947-0b5ca7f1cd72,2026-09-19
EM.MI,,,,
EMA,http://www.emera.com,wikidata,https://www.emera.com/careers,2026-09-19
EMAT,https://www.evolution-metals.com,sec filing,,2026-09-19
EMBC,https://www.embecta.com,sec filing,https://www.embecta.com/en-us/careers,2026-09-19
EMCO.KA,http://www.emco.com.pk,exchange profile,,2026-09-19
EME,https://www.emcorgroup.com,wikidata,https://emcorgroup.com/careers,2026-09-19
EMEIS.PA,https://www.emeis.fr,wikidata,,2026-09-19
EML,https://www.easterncompany.com,sec filing,https://www.velvac.com/careers,2026-09-19
EMMA,https://www.emmausmedical.com,sec filing,https://www.emmausmedical.com/content/career/career-109,2026-09-19
EMN,http://www.eastman.com,wikidata,https://www.eastman.com/en/careers,2026-09-19
EMPD,https://www.emperydigital.com,sec filing,,2026-09-19
EMR,http://www.emerson.com,wikidata,https://hdjq.fa.us2.oraclecloud.com/hcmUI/CandidateExperience/en/sites/CX_1/jobs#xd_co_f=NGViM2FkN2YtYjFmYi00ZDc4LWIyODAtN2MzMWU3MWI0NWMw~,2026-09-19
EMYB,https://www.embassybank.com,sec filing,https://embassybank.com/about-us/careers/,2026-09-19
EN.PA,https://www.bouygues.com,wikidata,,2026-09-19
ENAV.MI,http://www.enav.it,wikidata,,2026-09-19
ENB,https://www.enbridge.com,wikidata,https://careers.enbridge.com/,2026-09-19
ENBP,,,,
ENC.MC,http://www.ence.es,wikidata,,2026-09-19
ENEL.MI,https://www.enel.com,wikidata,https://www.enel.com/company/join-us,2026-09-19
ENER.MC,,,,
ENG.MC,https://www.enagas.es,wikidata,,2026-09-19
ENGI.PA,https://www.engie.com,wikidata,,2026-09-19
ENGROH.KA,http://www.engro.com,exchange profile,https://engrocorp.jobs.hr.cloud.sap/,2026-09-19
ENHA,,,,
ENI.MI,https://www.eni.com,wikidata,https://www.eni.com/it-IT/carriere/opportunita-lavoro/internazionali.html,2026-09-19
ENO.MC,,,,
ENOG.L,https://www.energean.com,wikidata,,2026-09-19
ENOV,http://www.colfaxcorp.com,wikidata,,2026-09-19
ENPH,http://enphase.com,wikidata,https://enphase.com/careers,2026-09-19
ENR,https://energizerholdings.com,wikidata,https://energizerholdings.com/careers,2026-09-19
ENS,https://www.enersys.com,wikidata,https://www.enersys.com/en/careers/,2026-09-19
ENSC,https://ensysce.com,wikidata,,2026-09-19
ENSG,https://www.ensigngroup.net,sec filing,https://ensigngroup.net/careers/,2026-09-19
ENTA,https://www.enanta.com,sec filing,https://www.enanta.com/careers/,2026-09-19
ENTG,http://www.entegris.com,wikidata,https://www.entegris.com/careers,2026-09-19
ENV.MI,,,,
ENVA,https://www.enova.com,sec filing,https://www.enova.com/careers/,2026-09-19
ENVI.AS,,,,
ENVX,https://www.enovix.com,wikidata,https://enovix.com/careers/,2026-09-19
ENX.AS,https://www.euronext.com,wikidata,https://www.euronext.com/en/about/careers,2026-09-19
EOG,https://www.eogresources.com,wikidata,https://www.eogresources.com/careers,2026-09-19
EOLS,https://www.evolus.com,sec filing,https://www.evolus.com/careers,2026-09-19
EONR,,,,
EOSE,https://www.eose.com,sec filing,https://www.eose.com/careers/,2026-09-19
EP,https://www.empirepetroleumcorp.com,sec filing,,2026-09-19
EPAC,http://www.actuant.com,wikidata,,2026-09-19
EPAM,https://www.epam.com,wikidata,,2026-09-19
EPC,https://edgewell.com,wikidata,https://careers.edgewell.com/,2026-09-19
EPCL.KA,http://www.engropolymer.com,exchange profile,https://engrocorp.jobs.hr.cloud.sap/,2026-09-19
EPD,https://enterpriseproducts.com,wikidata,https://enterpriseproducts.com/careers/,2026-09-19
EPM,https://www.evolutionpetroleum.com,sec filing,,2026-09-19
EPQL.KA,http://www.engroenergy.com,exchange profile,https://engrocorp.jobs.hr.cloud.sap/,2026-09-19
EPR,https://www.eprkc.com,wikidata,https://eprkc.com/careers/,2026-09-19
EPRT,https://www.essentialproperties.com,sec filing,https://essentialproperties.com/career/,2026-09-19
EPRX,https://www.eupraxiapharma.com,sec filing,,2026-09-19
EPSN,https://www.epsilonenergyltd.com,sec filing,https://epsilonenergyltd.com/careers/,2026-09-19
EQ,https://www.equilliumbio.com,sec filing,,2026-09-19
EQBK,https://www.equitybank.com,sec filing,https://www.equitybank.com/about/culture/job-opportunities/,2026-09-19
EQH,https://www.equitable.com,wikidata,https://equitable.com/careers-at-equitable,2026-09-19
EQIX,https://www.equinix.com,wikidata,,2026-09-19
EQPT,https://www.equipmentshare.com,sec filing,https://www.equipmentshare.com/careers,2026-09-19
EQS.PA,http://www.pharmagest.com,wikidata,,2026-09-19
EQT,https://www.eqt.com,wikidata,https://www.eqt.com/careers,2026-09-19
EQX,https://www.equinoxgold.com,sec filing,https://www.equinoxgold.com/careers/,2026-09-19
ERA.PA,https://www.eramet.com,wikidata,https://jobs.eramet.com/?locale=en_US,2026-09-19
ERC.AS,,,,
ERG.MI,http://www.erg.eu,wikidata,,2026-09-19
ERIE,https://www.erieinsurance.com,wikidata,,2026-09-19
ERII,https://energyrecovery.com,wikidata,https://energyrecovery.com/careers/,2026-09-19
ERNA,https://www.ernexatx.com,sec filing,,2026-09-19
ERO,https://www.ero.com,sec filing,,2026-09-19
EROC,,,,
EROK,,,,
ES,https://www.eversource.com,wikidata,https://www.eversource.com/residential/about/our-company/careers,2026-09-19
ESAB,http://www.esab.com,wikidata,,2026-09-19
ESBA,,,,
ESCA,https://www.escaladeinc.com,sec filing,https://escaladeinc.com/careers,2026-09-19
ESE,https://www.escotechnologies.com,sec filing,https://www.escotechnologies.com/careers/,2026-09-19
ESGH,,,,
ESI,http://platformspecialtyproducts.com,wikidata,,2026-09-19
ESMC,https://www.escalonmed.com,sec filing,https://www.escalonmedical.com/careers,2026-09-19
ESOA,https://www.energyservicesofamerica.com,sec filing,,2026-09-19
ESP,https://www.espey.com,sec filing,https://www.espey.com/careers/,2026-09-19
ESQ,https://www.esquirebank.com,sec filing,,2026-09-19
ESRT,http://www.empirestaterealtytrust.com,wikidata,https://www.esrtreit.com/careers/,2026-09-19
ESS,https://www.essexapartmenthomes.com,wikidata,,2026-09-19
ESTC,http://www.elastic.co,wikidata,https://www.elastic.co/careers,2026-09-19
ET,http://www.energytransfer.com,wikidata,,2026-09-19
ETD,https://www.ethanallen.com,wikidata,https://www.ethanallen.com/en_US/careers-main.html,2026-09-19
ETH.MI,,,,
ETL.PA,https://www.eutelsat.com,wikidata,https://www.eutelsat.com/group/careers,2026-09-19
ETON,https://www.etonpharma.com,sec filing,https://www.etonpharma.com/careers/,2026-09-19
ETR,https://www.entergy.com,wikidata,https://jobs.entergy.com/,2026-09-19
ETS,https://www.eliteexpressholding.com,sec filing,https://www.eliteexpressholding.com/services-6-1,2026-09-19
ETST,https://www.earthsciencetech.com,sec filing,,2026-09-19
ETSY,https://www.etsy.com,wikidata,,2026-09-19
EU,https://www.encoreuranium.com,sec filing,https://encoreuranium.com/careers/,2026-09-19
EUK.MI,,,,
EVC,https://entravision.com,wikidata,https://entravision.com/careers/,2026-09-19
EVCM,https://www.evercommerce.com,sec filing,https://careers.evercommerce.com/,2026-09-19
EVER,http://everquote.com,wikidata,https://careers.everquote.com/,2026-09-19
EVFM,https://www.evofem.com,sec filing,https://www.evofem.com/contact/careers/,2026-09-19
EVGO,https://www.evgo.com,sec filing,,2026-09-19
EVH,https://www.evolent.com,sec filing,https://www.evolent.com/careers,2026-09-19
EVI,https://www.evi-ind.com,sec filing,https://www.evi-ind.com/careers,2026-09-19
EVLV,https://www.evolvtechnology.com,sec filing,,2026-09-19
EVMN,https://www.evommune.com,sec filing,https://www.evommune.com/our-culture/,2026-09-19
EVR,https://www.evercore.com,wikidata,https://www.evercore.com/careers/,2026-09-19
EVRG,https://www.evergy.com,wikidata,https://www.evergy.com/careers/careers-and-internships,2026-09-19
EVST.L,,,,
EVTC,https://www.evertecinc.com,sec filing,,2026-09-19
EW,http://www.edwardslifesciences.com,wikidata,https://www.edwards.com/careers,2026-09-19
EWBC,https://www.eastwestbank.com,wikidata,https://www.eastwestbank.com/en/careers,2026-09-19
EWSB,,,,
EXA.PA,,,,
EXC,https://www.exeloncorp.com,wikidata,https://jobs.exeloncorp.com/,2026-09-19
EXE,http://www.chk.com,wikidata,,2026-09-19
EXE.PA,http://www.exel-industries.com,wikidata,,2026-09-19
EXEL,http://www.exelixis.com,wikidata,https://www.exelixis.com/careers/,2026-09-19
EXENS.PA,https://www.exosens.com,wikidata,https://www.exosens.com/company/career,2026-09-19
EXFY,https://www.expensify.com,wikidata,https://we.are.expensify.com/,2026-09-19
EXIDE.KA,http://www.exide.com.pk,exchange profile,http://exide.way2expert.com/careers/our-hiring-process/,2026-09-19
EXLS,http://www.exlservice.com,wikidata,https://www.exlservice.com/career,2026-09-19
EXO.AS,https://www.exor.com,wikidata,,2026-09-19
EXOD,https://www.exodus.com,sec filing,https://www.exodus.com/careers,2026-09-19
EXP,http://www.eaglematerials.com,wikidata,https://www.eaglematerials.com/careers,2026-09-19
EXPD,http://www.expeditors.com,wikidata,https://www.expeditors.com/careers/,2026-09-19
EXPE,https://www.expediagroup.com,wikidata,https://careers.expediagroup.com/,2026-09-19
EXPL.PA,,,,
EXPO,http://exponent.com,wikidata,https://www.exponent.com/careers,2026-09-19
EXR,https://www.extraspace.com,wikidata,,2026-09-19
EXTR,https://www.extremenetworks.com,wikidata,https://www.extremenetworks.com/about-extreme-networks/career,2026-09-19
EXYN,,,,
EYE,https://www.nationalvision.com,sec filing,https://www.nationalvision.com/careers/,2026-09-19
EYPT,http://www.psivida.com,wikidata,,2026-09-19
EZE.MC,,,,
EZJ.L,https://easyjet.com,wikidata,,2026-09-19
EZPW,http://www.ezcorp.com,wikidata,,2026-09-19
EZRA,https://www.relianceglobalgroup.com,sec filing,,2026-09-19
F,https://www.ford.com,wikidata,https://www.careers.ford.com/en/home.html/?gnav=footer-aboutford,2026-09-19
FA,,,,
FABC,http://www.wpcs.com,wikidata,,2026-09-19
FAE.MC,http://faesfarma.com,wikidata,,2026-09-19
FAF,https://www.firstam.com,sec filing,https://careers.firstam.com/,2026-09-19
FAN.L,,,,
FANG,https://www.diamondbackenergy.com,wikidata,,2026-09-19
FASM.KA,http://www.umergroup.com,exchange profile,,2026-09-19
FAST,https://www.fastenal.com,wikidata,,2026-09-19
FAST.AS,https://fastnedcharging.com,wikidata,https://www.fastnedcharging.com/en/about/working-at-fastned,2026-09-19
FATE,https://fatetherapeutics.com,wikidata,https://www.fatetherapeutics.com/careers-culture/join-our-team/,2026-09-19
FATIMA.KA,http://www.fatima-group.com,exchange profile,https://www.fatima-group.com/join-us/,2026-09-19
FATN,https://www.fatpipe.com,sec filing,,2026-09-19
FBDT,,,,
FBIN,http://www.fbhs.com,wikidata,https://www.fbin.com/careers/,2026-09-19
FBIO,http://www.fortressbiotech.com,wikidata,https://www.fortressbiotech.com/careers,2026-09-19
FBIZ,https://www.firstbusiness.bank,sec filing,https://jobs.jobvite.com/firstbusinessbank,2026-09-19
FBK,,,,
FBK.MI,https://www.finecobank.com,wikidata,https://about.finecobank.com/it/careers/,2026-09-19
FBLA,,,,
FBNC,https://localfirstbank.com,wikidata,,2026-09-19
FBRT,https://www.fbrtreit.com,sec filing,,2026-09-19
FBYD,https://www.falconsbeyond.com,sec filing,https://falconsbeyond.com/careers/,2026-09-19
FC,https://www.franklincovey.com,wikidata,https://www.franklincovey.com/about/careers,2026-09-19
FCAP,https://www.firstharrison.com,sec filing,https://www.firstharrison.com/careers,2026-09-19
FCBC,https://www.fcbresource.com,wikidata,https://www.firstcommunitybank.com/careers,2026-09-19
FCBM,,,,
FCC.MC,https://www.fcc.es,wikidata,,2026-09-19
FCCL.KA,http://www.fccl.com.pk,exchange profile,,2026-09-19
FCCN,https://www.spectralcapital.com,sec filing,,2026-09-19
FCCO,https://www.firstcommunitysc.com,sec filing,https://www.firstcommunitybankers.com/careers,2026-09-19
FCEL,http://www.fuelcellenergy.com,wikidata,https://www.fuelcellenergy.com/careers,2026-09-19
FCEPL.KA,http://www.frieslandcampina.com.pk,exchange profile,,2026-09-19
FCF,http://www.fcbanking.com,wikidata,https://www.fcbanking.com/why-us/careers/,2026-09-19
FCFS,https://firstcash.com,wikidata,https://firstcashcareers.ttcportals.com/search/jobs,2026-09-19
FCH.L,,,,
FCN,https://www.fticonsulting.com,wikidata,https://www.fticonsulting.com/careers,2026-09-19
FCNCA,https://www.firstcitizens.com,wikidata,https://jobs.firstcitizens.com/,2026-09-19
FCPT,https://www.fcpt.com,sec filing,,2026-09-19
FCT.MI,https://www.fincantieri.com,wikidata,https://www.fincantieri.com/en/people/work-with-us,2026-09-19
FCUV,https://www.focusuniversal.com,sec filing,,2026-09-19
FCX,http://www.fcx.com,wikidata,https://www.fcx.com/careers,2026-09-19
FDBC,https://www.bankatfidelity.com,wikidata,https://www.bankatfidelity.com/join-our-team/,2026-09-19
FDCT,,,,
FDJU.PA,https://www.fdjunited.com,wikidata,https://careers.fdjunited.com/en,2026-09-19
FDMT,https://4dmoleculartherapeutics.com,wikidata,https://4dmoleculartherapeutics.com/careers/,2026-09-19
FDR.MC,http://www.fluidra.com,wikidata,,2026-09-19
FDS,http://www.factset.com,wikidata,https://www.factset.com/careers,2026-09-19
FDSB,https://www.fifthdistrict.com,sec filing,https://www.fifthdistrict.com/about-us/careers,2026-09-19
FDX,https://www.fedex.com,wikidata,,2026-09-19
FDXF,https://fedexfreight.com,wikidata,,2026-09-19
FE,https://www.firstenergycorp.com,wikidata,https://www.firstenergycorp.com/careers.html,2026-09-19
FEED,https://www.envuemed.com,sec filing,,2026-09-19
FEIM,https://www.frequencyelectronics.com,sec filing,https://www.freqelec.com/careers,2026-09-19
FELE,https://www.franklin-electric.com,sec filing,https://www.franklin-electric.com/company/careers/,2026-09-19
FEMY,https://www.femasys.com,sec filing,https://femasys.com/careers,2026-09-19
FENC,https://www.fennecpharma.com,sec filing,https://fennecpharma.com/careers/,2026-09-19
FERG,https://www.ferguson.com,wikidata,https://www.ferguson.com/content/corporate-information/careers/,2026-09-19
FET,https://f-e-t.com,wikidata,https://recruiting.ultipro.com/FOR1013FET,2026-09-19
FF,https://futurefuelcorporation.com,wikidata,https://futurefuelcorporation.com/careers,2026-09-19
FF.MI,,,,
FFAI,,,,
FFARM.AS,,,,
FFBC,https://www.bankatfirst.com,wikidata,,2026-09-19
FFC.KA,http://www.ffc.com.pk,exchange profile,,2026-09-19
FFIN,https://ffin.com,wikidata,,2026-09-19
FFIV,https://www.f5.com,wikidata,https://www.f5.com/company/careers,2026-09-19
FFL.KA,http://www.faujifoods.com,exchange profile,https://www.faujifoods.com/careers,2026-09-19
FG,,,,
FGBIP,https://www.fgb.net,sec filing,https://www.fgb.net/about/about-fgb/careers.html,2026-09-19
FGI,https://www.fgi-industries.com,sec filing,https://www.fgi-industries.com/careers/,2026-09-19
FGNX,https://www.fgnexus.io,sec filing,,2026-09-19
FGP.L,https://www.firstgroupplc.com,wikidata,https://careers.firstgroup.co.uk/,2026-09-19
FGPR,https://www.ferrellgas.com,wikidata,https://www.ferrellgas.com/jobs/,2026-09-19
FHB,http://www.fhb.com,wikidata,https://www.fhb.com/en/careers,2026-09-19
FHI,http://www.federatedinvestors.com,wikidata,,2026-09-19
FHN,http://www.fhnc.com,wikidata,,2026-09-19
FHTX,https://www.foghorntx.com,sec filing,,2026-09-19
FIBK,https://www.firstinterstatebank.com,wikidata,https://www.firstinterstatebank.com/company/about/careers,2026-09-19
FICO,http://www.fico.com,wikidata,https://www.fico.com/en/careers,2026-09-19
FIG,https://figma.com,wikidata,https://www.figma.com/careers/,2026-09-19
FIGR,https://www.figure.com,sec filing,https://www.figure.com/careers/,2026-09-19
FIGS,https://www.wearfigs.com,wikidata,https://www.wearfigs.com/pages/careers,2026-09-19
FII.PA,http://www.lisi-group.com,wikidata,,2026-09-19
FIL.L,,,,
FILA.MI,https://www.filagroup.it,wikidata,,2026-09-19
FINW,https://www.finwisebancorp.com,sec filing,,2026-09-19
FIP,https://www.fipinc.com,sec filing,,2026-09-19
FIRY,,,,
FIS,https://www.fisglobal.com,wikidata,https://careers.fisglobal.com/us/en,2026-09-19
FISI,https://www.fisi-investors.com,sec filing,,2026-09-19
FISV,https://www.fiserv.com,wikidata,https://careers.fiserv.com/,2026-09-19
FITB,https://www.53.com,wikidata,,2026-09-19
FIVE,https://www.fivebelow.com,wikidata,,2026-09-19
FIVN,http://www.five9.com,wikidata,https://www.five9.com/about/careers,2026-09-19
FIX,http://comfortsystemsusa.com,wikidata,,2026-09-19
FIZZ,http://www.nbcfiz.com,wikidata,https://www.nationalbeverage.com/#careers,2026-09-19
FJET,https://www.starfightersspace.com,sec filing,,2026-09-19
FKWL,https://www.franklinaccess.com,sec filing,https://franklinaccess.com/careers/,2026-09-19
FKYS,https://www.fkyscorp.com,sec filing,,2026-09-19
FLD,https://www.foldapp.com,sec filing,https://ats.rippling.com/fold-inc/jobs,2026-09-19
FLEX,https://www.flex.com,wikidata,https://flextronics.wd1.myworkdayjobs.com/en-US/Careers,2026-09-19
FLG,https://www.flagstar.com,wikidata,,2026-09-19
FLGT,https://www.fulgentgenetics.com,wikidata,,2026-09-19
FLL,http://www.fullhouseresorts.com,wikidata,,2026-09-19
FLNC,https://www.fluenceenergy.com,sec filing,https://fluenceenergy.com/energy-storage-careers/,2026-09-19
FLNT,https://www.fluentco.com,sec filing,https://www.fluentco.com/careers,2026-09-19
FLO,https://www.flowersfoods.com,wikidata,,2026-09-19
FLOC,https://www.flowco-inc.com,sec filing,https://www.flowco-inc.com/resources/careers,2026-09-19
FLR,https://www.fluor.com,wikidata,https://www.fluor.com/careers,2026-09-19
FLS,http://www.flowserve.com,wikidata,https://careers.flowserve.com/?utm_source=flowserve.com&utm_medium=referral&utm_campaign=careerssite&vs=4263,2026-09-19
FLUT,https://www.flutter.com,wikidata,https://flutter.com/careers/,2026-09-19
FLUX,https://www.fluxpower.com,sec filing,https://www.fluxpower.com/careers,2026-09-19
FLWS,https://www.1800flowers.com,wikidata,https://www.1800flowersinc.com/careers,2026-09-19
FLXS,https://www.flexsteel.com,sec filing,https://www.flexsteel.com/pages/careers,2026-09-19
FLY,http://www.flyleasing.com,wikidata,,2026-09-19
FLYE,,,,
FLYW,https://www.flywire.com,wikidata,https://www.flywire.com/company/careers,2026-09-19
FLYX,https://www.flyexclusive.com,sec filing,https://www.flyexclusive.com/careers.html,2026-09-19
FLZH,,,,
FM.MI,,,,
FMAO,,,,
FMBH,https://www.firstmid.com,sec filing,https://www.firstmid.com/about/careers,2026-09-19
FMBM,https://www.fmbankva.com,sec filing,https://www.fmbankva.com/careers,2026-09-19
FMC,https://www.fmc.com,wikidata,https://fmc.wd12.myworkdayjobs.com/FMC,2026-09-19
FMCB,,,,
FMCC,http://www.freddiemac.com,wikidata,https://careers.freddiemac.com/,2026-09-19
FMFG,,,,
FML.KA,http://www.feroze1888.com,exchange profile,https://feroze1888.com/career/,2026-09-19
FMNB,https://www.farmersbankgroup.com,sec filing,https://farmersbankgroup.com/careers.html,2026-09-19
FNAC.PA,http://www.fnacdarty.com,wikidata,,2026-09-19
FNB,https://www.fnb-online.com,wikidata,https://www.fnb-online.com/about-us/careers,2026-09-19
FND,https://www.flooranddecor.com,wikidata,https://careers.flooranddecor.com/home,2026-09-19
FNEL.KA,http://www.fnetrade.com,exchange profile,,2026-09-19
FNF,https://www.fnf.com,wikidata,https://www.fnf.com/Careers,2026-09-19
FNKO,https://www.funko.com,wikidata,https://funko.com/careers-pages/careers-landing.html,2026-09-19
FNLC,,,,
FNMA,https://www.fanniemae.com,wikidata,,2026-09-19
FNRN,,,,
FNV,http://www.franco-nevada.com,wikidata,,2026-09-19
FNWB,,,,
FNWD,,,,
FOA,https://www.financeofamericacompanies.com,sec filing,https://www.financeofamericacompanies.com/about/careers/,2026-09-19
FOR,https://www.forestar.com,wikidata,https://www.forestar.com/careers/,2026-09-19
FORM,https://www.formfactor.com,sec filing,https://www.formfactor.com/company/careers/career-opportunities/,2026-09-19
FORR,https://www.forrester.com,wikidata,,2026-09-19
FORT.L,,,,
FOSL,https://www.fossil.com,wikidata,,2026-09-19
FOUR,https://www.shift4.com,sec filing,,2026-09-19
FOUR.L,,,,
FOXA,https://foxcorporation.com,wikidata,https://www.foxcareers.com/,2026-09-19
FOXF,https://shop.ridefox.ca,wikidata,https://ca.ridefox.com/pages/careers,2026-09-19
FOXO,https://www.foxotechnologies.com,sec filing,,2026-09-19
FOXT.L,,,,
FOXX,https://www.foxxusa.com,sec filing,,2026-09-19
FPG.PA,,,,
FPH,https://www.fivepoint.com,sec filing,,2026-09-19
FPI,https://www.farmlandpartners.com,sec filing,,2026-09-19
FPS,https://www.forgentpower.com,sec filing,https://www.forgentpower.com/careers,2026-09-19
FR,https://www.firstindustrial.com,wikidata,,2026-09-19
FR.PA,https://www.valeo.com,wikidata,https://valeo.wd3.myworkdayjobs.com/en-EN/valeo_jobs,2026-09-19
FRAF,https://www.franklinfin.com,sec filing,,2026-09-19
FRAS.L,https://www.frasersgroupplc.com,wikidata,,2026-09-19
FRBT,,,,
FRD,https://www.friedmanindustries.com,sec filing,https://friedmanindustries.com/careers/,2026-09-19
FREVS,https://www.freitnj.com,sec filing,,2026-09-19
FREY.PA,,,,
FRGT,,,,
FRHC,https://www.freedomholdingcorp.com,wikidata,,2026-09-19
FRME,https://www.firstmerchants.com,wikidata,,2026-09-19
FRMM,https://www.forum-markets.com,sec filing,,2026-09-19
FROG,https://jfrog.com,wikidata,,2026-09-19
FRPH,http://www.patriottrans.com,wikidata,,2026-09-19
FRPT,http://www.freshpet.com,wikidata,https://jobs.freshpet.com/,2026-09-19
FRSH,http://www.papamurphys.com,wikidata,,2026-09-19
FRSM.KA,http://www.faran.com.pk,exchange profile,http://faran.com.pk/careers/,2026-09-19
FRST,https://www.primisbank.com,sec filing,https://primisbank.com/careers/,2026-09-19
FRT,http://www.federalrealty.com,wikidata,https://www.federalrealty.com/about/careers/,2026-09-19
FRVO,,,,
FSBC,https://www.fivestarbank.com,sec filing,,2026-09-19
FSBW,https://www.fsbwa.com,sec filing,https://www.fsbwa.com/careers,2026-09-19
FSEA,https://www.firstseacoastbank.com,sec filing,https://www.firstseacoastbank.com/careers,2026-09-19
FSI,https://www.flexiblesolutions.com,sec filing,,2026-09-19
FSJ.L,,,,
FSLR,https://www.firstsolar.com,wikidata,https://www.firstsolar.com/Careers,2026-09-19
FSLY,https://www.fastly.com,wikidata,https://www.fastly.com/careers,2026-09-19
FSM,https://www.fortunamining.com,sec filing,,2026-09-19
FSP,https://www.fspreit.com,sec filing,,2026-09-19
FSS,http://www.federalsignal.com,wikidata,https://recruiting2.ultipro.com/FED1002FSC/JobBoard/d5675b81-d6f5-4226-9f8c-be296cda2308?q=&o=postedDateDesc&w=&wc=&we=&wpst=,2026-09-19
FSTA.L,https://www.fullersbrewery.co.uk,wikidata,https://careers.asahiinternational.com/Asahi_UK,2026-09-19
FSTJ,,,,
FSTR,,,,
FSUN,https://www.firstsuncb.com,wikidata,,2026-09-19
FSV,https://www.firstservice.com,sec filing,https://www.firstservice.com/careers,2026-09-19
FTAI,https://www.ftaiaviation.com,sec filing,,2026-09-19
FTCI,https://www.ftcsolar.com,sec filing,,2026-09-19
FTCO,https://www.fortitudegold.com,sec filing,https://www.fortitudegold.com/contact/careers/,2026-09-19
FTDR,https://www.frontdoorhome.com,wikidata,https://frontdoor.jobs/,2026-09-19
FTEK,https://www.ftek.com,sec filing,https://www.ftek.com/about/careers/,2026-09-19
FTFT,https://www.ftft.com,sec filing,,2026-09-19
FTHM,https://www.fathominc.com,sec filing,https://fathominc.com/job-openings/,2026-09-19
FTK,https://www.flotekind.com,sec filing,https://www.flotekind.com/careers/,2026-09-19
FTLF,https://www.fitlifebrands.com,sec filing,https://fitlifebrands.com/pages/careers,2026-09-19
FTNT,http://www.fortinet.com,wikidata,,2026-09-19
FTRE,https://www.fortrea.com,sec filing,https://careers.fortrea.com/us/en,2026-09-19
FTS,https://www.fortisinc.com,wikidata,https://www.fortisinc.com/careers,2026-09-19
FTV,http://www.fortive.com,wikidata,https://careers.fortive.com/,2026-09-19
FUBO,https://www.fubo.tv,wikidata,https://careers.fubo.tv/,2026-09-19
FUL,http://www.hbfuller.com,wikidata,https://jobs.hbfuller.com/,2026-09-19
FULC,https://www.fulcrumtx.com,wikidata,https://www.fulcrumtx.com/careers/,2026-09-19
FULT,http://www.fult.com,wikidata,https://www.fultonbank.com/About-Fulton-Bank/Careers,2026-09-19
FUN,https://www.sixflags.com,wikidata,https://jobs.sixflags.com/,2026-09-19
FUNC,,,,
FUR.AS,https://www.fugro.com,wikidata,https://www.fugro.com/careers,2026-09-19
FUSB,https://www.fusb.com,sec filing,https://www.fusb.com/resources/careers,2026-09-19
FUSE,https://www.fusemachines.com,sec filing,,2026-09-19
FUTR.L,https://futureplc.com,wikidata,https://futureplc.com/careers/,2026-09-19
FVA.L,,,,
FVCB,https://www.fvcbank.com,sec filing,https://www.fvcbank.com/careers/,2026-09-19
FVR,https://www.frontviewreit.com,sec filing,,2026-09-19
FWDI,https://www.forwardindustries.com,sec filing,,2026-09-19
FWONA,https://www.libertymedia.com,sec filing,https://www.libertymedia.com/careers,2026-09-19
FWRD,https://www.forwardaircorp.com,sec filing,https://www.forwardair.com/careers,2026-09-19
FWRG,https://www.firstwatch.com,sec filing,https://careers.firstwatch.com/,2026-09-19
FXA,https://www.invesco.com,sec filing,,2026-09-19
FXB,https://www.invesco.com,sec filing,,2026-09-19
FXC,https://www.invesco.com,sec filing,,2026-09-19
FXE,https://www.invesco.com,sec filing,,2026-09-19
FXF,https://www.invesco.com,sec filing,,2026-09-19
FXNC,,,,
FXY,https://www.invesco.com,sec filing,,2026-09-19
G.MI,https://www.generali.com,wikidata,https://www.generali.com/people-and-careers/work-with-us,2026-09-19
GAB.MI,,,,
GABC,https://www.germanamerican.com,sec filing,,2026-09-19
GADT.KA,http://www.gadoontextile.com,exchange profile,https://gadoontextile.com/life-at-gadoon/,2026-09-19
GAIA,http://www.gaia.com,wikidata,https://www.gaia.com/lp/careers,2026-09-19
GAL.KA,http://www.ghandharanissan.com.pk,exchange profile,,2026-09-19
GAM.MC,http://www.gaumont.fr,wikidata,,2026-09-19
GAM.PA,http://www.gaumont.fr,wikidata,,2026-09-19
GAMA.L,,,,
GAME,http://www.snda.com,wikidata,,2026-09-19
GAMON.KA,http://www.gammonpakistan.com,exchange profile,,2026-09-19
GAP,https://www.gapinc.com,wikidata,https://www.gapinc.com/en-us/careers,2026-09-19
GATM.KA,http://www.gulahmed.com,exchange profile,https://gulahmed.com/careers/,2026-09-19
GATX,https://www.gatx.com,wikidata,https://www.gatx.com/careers/,2026-09-19
GAU,https://www.galianogold.com,sec filing,,2026-09-19
GAW.L,,,,
GBCI,https://www.glacierbancorp.com,wikidata,,2026-09-19
GBCS,https://www.selectis.com,sec filing,,2026-09-19
GBFH,https://www.gbankfinancialholdings.com,sec filing,,2026-09-19
GBG.L,https://www.gbgplc.com,wikidata,https://www.gbgplc.com/careers/,2026-09-19
GBLI,https://www.gbli.com,sec filing,https://recruiting.ultipro.com/GLO1021GIGS/JobBoard/c8c87fcf-f7aa-499e-97ac-6306bc6d2eb9/?q=&o=postedDateDesc&w=&wc=&we=&wpst=,2026-09-19
GBR,https://www.newconceptenergy.com,sec filing,,2026-09-19
GBT.PA,http://www.guerbet.com,wikidata,https://www.guerbet.com/careers-0,2026-09-19
GBTG,,,,
GBX,http://www.gbrx.com,wikidata,http://careers.gbrx.com/,2026-09-19
GCBC,,,,
GCMG,https://www.gcmgrosvenor.com,sec filing,https://www.gcmgrosvenor.com/careers/,2026-09-19
GCO,http://www.genesco.com,wikidata,,2026-09-19
GCO.MC,https://www.gco.com,wikidata,,2026-09-19
GCT,https://www.gigacloudtech.com,sec filing,,2026-09-19
GCTS,https://www.gctsemi.com,sec filing,https://www.gctsemi.com/careers,2026-09-19
GD,https://www.gd.com,wikidata,,2026-09-19
GDDY,https://www.godaddy.com,wikidata,,2026-09-19
GDOT,https://www.greendot.com,wikidata,https://www.greendot.com/working-here,2026-09-19
GDRX,https://www.goodrx.com,wikidata,,2026-09-19
GDS.PA,,,,
GDWN.L,,,,
GDYN,https://www.griddynamics.com,wikidata,https://www.griddynamics.com/careers,2026-09-19
GE,https://www.geaerospace.com,wikidata,https://careers.geaerospace.com/global/en/home,2026-09-19
GE.MI,,,,
GEF,https://www.greif.com,wikidata,https://www.greif.com/careers,2026-09-19
GEG,https://www.greatelmgroup.com,sec filing,,2026-09-19
GEHC,http://www.gehealthcare.com,wikidata,https://careers.gehealthcare.com/global/en,2026-09-19
GEL,https://www.genesisenergy.com,sec filing,https://www.genesisenergy.com/careers,2026-09-19
GEMI,https://www.gemini.com,sec filing,https://www.gemini.com/careers,2026-09-19
GEMNETS.KA,http://https,exchange profile,,2026-09-19
GEN,https://www.gendigital.com,wikidata,https://www.gendigital.com/us/en/life-gen/,2026-09-19
GEN.L,,,,
GENB,,,,
GENC,https://www.gencor.com,sec filing,https://www.gencor.com/careers/,2026-09-19
GENK,https://www.genkoreanbbq.com,sec filing,,2026-09-19
GENL.L,http://www.genelenergy.com,wikidata,https://genelenergy.com/careers/,2026-09-19
GEO,https://www.geogroup.com,wikidata,https://www.geogroup.com/careers/,2026-09-19
GEO.MI,https://www.geox.com,wikidata,,2026-09-19
GEOS,https://www.geospace.com,wikidata,https://www.geospace.com/careers,2026-09-19
GERN,http://www.geron.com,wikidata,https://www.geron.com/about-geron/careers-open-positions/,2026-09-19
GEST.MC,http://www.gestamp.com,wikidata,https://www.gestamp.com/People/Join-our-team,2026-09-19
GET.PA,http://www.getlinkgroup.com,wikidata,,2026-09-19
GETY,https://www.gettyimages.com,wikidata,https://www.gettyimages.com/careers,2026-09-19
GEV,https://www.gevernova.com,wikidata,https://careers.gevernova.com/,2026-09-19
GEVO,http://gevo.com,wikidata,https://gevo.com/careers/,2026-09-19
GFF,http://www.griffon.com,wikidata,,2026-09-19
GFIL.KA,http://www.ghazifabrics.com,exchange profile,https://ghazifabrics.com/career/,2026-09-19
GFL,https://www.gflenv.com,sec filing,https://gflenv.com/career/,2026-09-19
GFRD.L,http://www.gallifordtry.co.uk,wikidata,https://www.gallifordtry.co.uk/careers/,2026-09-19
GFS,https://gf.com,wikidata,https://gf.com/careers/,2026-09-19
GGG,http://www.graco.com,wikidata,https://graco.wd501.myworkdayjobs.com/Graco_Careers,2026-09-19
GGL.KA,http://www.ghaniglobal.com,exchange profile,https://www.ghaniglobal.com/careers,2026-09-19
GGROU,https://www.goldengrowers.com,sec filing,,2026-09-19
GH,https://guardanthealth.com,wikidata,https://guardanthealth.com/careers/,2026-09-19
GHC,https://www.ghco.com,wikidata,,2026-09-19
GHC.MI,,,,
GHGL.KA,http://www.ghaniglass.com,exchange profile,,2026-09-19
GHI,https://www.ghiinvestors.com,sec filing,,2026-09-19
GHM,https://www.grahamcorp.com,sec filing,,2026-09-19
GIB,https://www.cgi.com,wikidata,https://www.cgi.com/en/careers,2026-09-19
GIC,https://www.globalindustrial.com,sec filing,,2026-09-19
GIFT,https://www.giftify.com,sec filing,,2026-09-19
GIII,https://www.giii.com,sec filing,https://www.giii.com/pages/work-with-us,2026-09-19
GIL,http://www.gildan.com,wikidata,,2026-09-19
GILD,https://www.gilead.com,wikidata,https://www.gilead.com/careers,2026-09-19
GILT,https://www.gilat.com,wikidata,,2026-09-19
GIPR,https://www.gipreit.com,sec filing,,2026-09-19
GIS,http://www.generalmills.com,wikidata,https://www.careers.generalmills.com/,2026-09-19
GIW,,,,
GIX,,,,
GKOS,https://www.glaukos.com,sec filing,https://www.glaukos.com/careers,2026-09-19
GL,http://www.torchmarkcorp.com,wikidata,,2026-09-19
GLAS,https://www.glasshousebrands.com,sec filing,https://glasshousebrands.com/join-our-team/,2026-09-19
GLAXO.KA,http://www.pk.gsk.com,exchange profile,https://pk.gsk.com/en-pk/careers/,2026-09-19
GLBZ,,,,
GLE.L,,,,
GLE.PA,https://www.societegenerale.com,wikidata,,2026-09-19
GLGI,https://www.greystonelogistics.com,sec filing,https://greystonepallets.com/jobs/,2026-09-19
GLIBA,http://www.gci.com,wikidata,https://www.gci.com/about/careers,2026-09-19
GLO.PA,https://www.gl-events.com,wikidata,,2026-09-19
GLOO,https://www.gloo.com,sec filing,https://gloo.com/about/careers,2026-09-19
GLP,https://www.globalp.com,sec filing,https://careers.globalp.com/us/en,2026-09-19
GLPI,http://www.glpropinc.com,wikidata,,2026-09-19
GLPL.KA,http://www.gillettepakistan.com,exchange profile,,2026-09-19
GLTK,,,,
GLUE,https://www.monterosatx.com,wikidata,https://www.monterosatx.com/careers/,2026-09-19
GLW,http://www.corning.com,wikidata,,2026-09-19
GLXY,,,,
GLXZ,https://www.galaxygaming.com,sec filing,https://www.galaxygaming.com/careers,2026-09-19
GM,https://www.gm.com,wikidata,,2026-09-19
GME,https://www.gamestop.com,wikidata,,2026-09-19
GMED,http://www.globusmedical.com,wikidata,https://www.globusmedical.com/about/careers/,2026-09-19
GMRS,,,,
GMS.L,,,,
GNE,http://genie.com,wikidata,,2026-09-19
GNFT.PA,https://www.genfit.com,wikidata,,2026-09-19
GNK,https://www.gencoshipping.com,sec filing,https://www.gencoshipping.com/careers/,2026-09-19
GNL,https://www.globalnetlease.com,sec filing,https://globalnetlease.com/about/careers/,2026-09-19
GNLN,https://www.gnln.com,sec filing,,2026-09-19
GNLX,https://www.genelux.com,sec filing,https://genelux.com/careers/,2026-09-19
GNPX,https://www.genprex.com,sec filing,https://www.genprex.com/careers/,2026-09-19
GNRC,http://www.generac.com,wikidata,https://careers.generac.com/en/,2026-09-19
GNS.L,,,,
GNSS,http://www.lradx.com,wikidata,,2026-09-19
GNTX,http://www.gentex.com,wikidata,https://careers.gentex.com/,2026-09-19
GNW,http://www.genworth.com,wikidata,https://www.genworth.com/about-us/building-careers,2026-09-19
GO,https://www.groceryoutlet.com,wikidata,https://www.groceryoutlet.com/careers,2026-09-19
GOAI,,,,
GOC.KA,http://www.gocpak.com,exchange profile,,2026-09-19
GOGO,http://www.gogoair.com,wikidata,https://www.gogoair.com/about/careers,2026-09-19
GOLD,https://www.nyse.com,wikidata,https://careers.ice.com/jobs?keywords=NYSE&sortBy=relevance&page=1,2026-09-19
GOLF,http://www.acushnet.com,wikidata,,2026-09-19
GOOD,https://www.gladstonecommercial.com,sec filing,https://www.gladstonecompanies.com/contact-us/careers/,2026-09-19
GOOGL,https://abc.xyz,wikidata,,2026-09-19
GOOS,https://www.canadagoose.com,sec filing,https://www.canadagoose.com/en-ca/pages/careers,2026-09-19
GOSS,https://www.gossamerbio.com,sec filing,https://www.gossamerbio.com/careers-culture/open-positions/,2026-09-19
GOVB,https://www.gouverneurbank.com,sec filing,,2026-09-19
GOVX,https://www.geovax.com,sec filing,,2026-09-19
GP,https://www.greenpowermotor.com,sec filing,https://greenpowermotor.com/careers/,2026-09-19
GPC,http://www.genpt.com,wikidata,https://jobs.genpt.com/,2026-09-19
GPGI,https://www.gpgi.com,sec filing,,2026-09-19
GPI,http://www.group1auto.com,wikidata,,2026-09-19
GPI.MI,,,,
GPK,http://www.graphicpkg.com,wikidata,https://www.graphicpkg.com/careers/,2026-09-19
GPN,https://www.globalpaymentsinc.com,wikidata,,2026-09-19
GPOR,https://www.gulfportenergy.com,sec filing,https://www.gulfportenergy.com/careers,2026-09-19
GPOX,,,,
GPRE,http://www.gpreinc.com,wikidata,https://careers.gpreinc.com/,2026-09-19
GPRO,http://www.gopro.com,wikidata,,2026-09-19
GPUS,https://www.hyperscaledata.com,sec filing,,2026-09-19
GRAL,https://grail.com,wikidata,https://grail.com/careers/,2026-09-19
GRBK,https://www.greenbrickpartners.com,sec filing,https://greenbrickpartners.com/careers/,2026-09-19
GRC,http://www.gormanrupp.com,wikidata,https://www.gormanrupp.com/en/companies#element5ID,2026-09-19
GRDN,https://www.guardianpharmacy.com,sec filing,,2026-09-19
GRDX,https://www.grid-ai.com,sec filing,,2026-09-19
GRE.MC,https://grenergy.eu,wikidata,https://grenergy.eu/company/careers/,2026-09-19
GRF.MC,https://www.grifols.com,wikidata,https://www.grifols.com/en/careers,2026-09-19
GRG.L,https://www.greggs.com,wikidata,https://careers.greggs.co.uk/,2026-09-19
GRI.L,,,,
GRND,https://www.grindr.com,wikidata,https://www.grindr.com/careers,2026-09-19
GRNT,https://www.graniteridge.com,sec filing,https://www.graniteridge.com/careers,2026-09-19
GROV,https://www.grove.co,sec filing,https://job-boards.greenhouse.io/grovecollaborative,2026-09-19
GROW,,,,
GROY,https://www.goldroyalty.com,sec filing,,2026-09-19
GRPN,http://www.groupon.com,wikidata,,2026-09-19
GRR.KA,http://www.arifhabibdolmenreit.com,exchange profile,https://www.arifhabibdolmenreit.com/careers/,2026-09-19
GRUSF,https://www.grownrogue.com,sec filing,,2026-09-19
GRWG,https://www.growgeneration.com,sec filing,https://www.growgeneration.com/careers/,2026-09-19
GS,https://www.goldmansachs.com,wikidata,,2026-09-19
GSAT,https://www.globalstar.com,sec filing,https://www.globalstar.com/corporate/careers,2026-09-19
GSBC,https://www.greatsouthernbank.com,sec filing,https://www.greatsouthernbank.com/about/careers,2026-09-19
GSG,https://www.ishares.com,sec filing,,2026-09-19
GSHD,https://www.gooseheadinsurance.com,sec filing,,2026-09-19
GSIT,https://gsitechnology.com,wikidata,,2026-09-19
GSJ.MC,https://www.gruposanjose.biz,wikidata,,2026-09-19
GSK.L,https://www.gsk.com,wikidata,https://www.gsk.com/en-gb/careers/,2026-09-19
GSP.MI,,,,
GT,https://www.goodyear.com,wikidata,,2026-09-19
GTBIF,,,,
GTE,https://www.grantierra.com,wikidata,https://www.grantierra.com/contact-us/careers/,2026-09-19
GTES,https://www.gates.com,wikidata,,2026-09-19
GTIM,,,,
GTLB,https://about.gitlab.com,wikidata,https://about.gitlab.com/jobs/,2026-09-19
GTM,https://www.zoominfo.com,wikidata,https://www.zoominfo.com/careers,2026-09-19
GTN,http://gray.tv,wikidata,https://graymedia.com/careers/,2026-09-19
GTT.PA,,,,
GTY,https://www.gettyrealty.com,sec filing,,2026-09-19
GTYR.KA,http://www.gtr.com.pk,exchange profile,https://www.gtr.com.pk/careers/,2026-09-19
GUER,https://www.guerrilla-rf.com,sec filing,,2026-09-19
GUI.PA,http://www.guillemot.com,wikidata,,2026-09-19
GUTS,http://www.fractyl.com,wikidata,https://www.fractyl.com/our-company/careers/,2026-09-19
GV,,,,
GVA,http://www.graniteconstruction.com,wikidata,https://granite.wd1.myworkdayjobs.com/careers,2026-09-19
GVGL.KA,http://www.ghanivalueglass.com,exchange profile,https://ghanivalueglass.com/careers/,2026-09-19
GVH,https://www.globavend.com,sec filing,,2026-09-19
GVS.MI,,,,
GWAV,https://www.gwav.com,sec filing,,2026-09-19
GWH,,,,
GWLC.KA,http://www.gharibwalcement.com,exchange profile,http://www.gharibwalcement.com/Career.html,2026-09-19
GWRE,http://www.guidewire.com,wikidata,https://www.guidewire.com/about/careers,2026-09-19
GWRS,,,,
GWW,https://www.grainger.com,wikidata,,2026-09-19
GXAI,https://www.gaxos.ai,sec filing,,2026-09-19
GXO,https://gxo.com,wikidata,https://gxo.com/careers/,2026-09-19
GYGY,,,,
GYM.L,https://www.thegymgroup.com,wikidata,https://www.thegymgroup.com/careers/,2026-09-19
GYRE,https://www.gyretx.com,sec filing,,2026-09-19
H,https://www.hyatt.com,wikidata,,2026-09-19
HABSM.KA,http://www.habibsugar.com,exchange profile,,2026-09-19
HAE,http://www.haemonetics.com,wikidata,https://www.haemonetics.com/careers,2026-09-19
HAFC,https://www.hanmi.com,wikidata,https://www.hanmi.com/careers/,2026-09-19
HAIN,http://www.hain-celestial.com,wikidata,https://www.hain.com/careers/,2026-09-19
HAL,http://www.halliburton.com,wikidata,https://careers.halliburton.com/,2026-09-19
HALEON.KA,http://www.haleon.pk,exchange profile,http://www.haleon.pk/careers/,2026-09-19
HALO,http://www.halozyme.com,wikidata,https://halozyme.com/careers/,2026-09-19
HAPN,http://www.lendingclub.com,wikidata,https://www.happen.com/company/careers,2026-09-19
HAS,https://shop.hasbro.com,wikidata,,2026-09-19
HAS.L,https://www.hays.com,wikidata,https://www.hays.com/jobs/job-alerts,2026-09-19
HASCOL.KA,http://www.hascol.com,exchange profile,https://www.hascol.com/careers/,2026-09-19
HASI,https://www.hasi.com,sec filing,https://www.hasi.com/careers,2026-09-19
HATM.KA,http://www.hamid-textile.com,exchange profile,http://hamid-textile.com/careers/,2026-09-19
HAWK,,,,
HAYW,https://www.hayward.com,wikidata,https://www.hayward.com/company/careers,2026-09-19
HBAN,https://www.huntington.com,wikidata,,2026-09-19
HBB,https://www.hamiltonbeach.com,wikidata,https://hamiltonbeach.com/careers,2026-09-19
HBCP,https://www.home24bank.com,sec filing,https://workforcenow.adp.com/mascsr/default/mdf/recruitment/recruitment.html?cid=a4e7ddce-438b-4768-961c-c0d3e13e4f8c&ccId=19000101_000001&lang=en_US,2026-09-19
HBIO,http://www.harvardbioscience.com,wikidata,https://www.harvardbioscience.com/about-us/careers,2026-09-19
HBM,http://www.hudbayminerals.com,wikidata,,2026-09-19
HBNC,https://www.horizonbank.com,sec filing,,2026-09-19
HBR.L,,,,
HBT,https://www.hbtfinancial.com,sec filing,,2026-09-19
HCA,https://hcahealthcare.com,wikidata,https://careers.hcahealthcare.com/?bid=6936,2026-09-19
HCAR.KA,http://www.honda.com.pk,exchange profile,,2026-09-19
HCAT,https://www.healthcatalyst.com,sec filing,https://www.healthcatalyst.com/job-openings,2026-09-19
HCC,http://www.tmhcc.com,wikidata,https://www.tmhcc.com/en-us/careers/early-careers,2026-09-19
HCI,https://www.hcigroup.com,sec filing,https://www.paycomonline.net/v4/ats/web.php/jobs?clientkey=61B70B9FE47BCF949E6FC86060687973,2026-09-19
HCKT,,,,
HCO.PA,http://www.highco.com,wikidata,,2026-09-19
HCSG,https://www.hcsgcorp.com,sec filing,https://hcsgcareers.com/,2026-09-19
HCTI,https://www.healthcaretriangle.com,sec filing,https://www.healthcaretriangle.com/careers/,2026-09-19
HCWB,https://www.hcwbiologics.com,sec filing,https://hcwbiologics.com/careers/,2026-09-19
HCWC,https://www.hcwc.com,sec filing,,2026-09-19
HD,https://www.homedepot.com,wikidata,https://careers.homedepot.com/job-search-results/,2026-09-19
HDRN,,,,
HDSN,https://www.hudsontech.com,sec filing,https://www.hudsontech.com/about-us/careers/,2026-09-19
HE,https://www.hawaiianelectric.com,wikidata,https://www.hawaiianelectric.com/careers,2026-09-19
HEAD.L,,,,
HEI,https://heico.com,wikidata,,2026-09-19
HEIA.AS,https://www.theheinekencompany.com,wikidata,https://careers.theheinekencompany.com/,2026-09-19
HEIJM.AS,http://www.heijmans.nl,wikidata,,2026-09-19
HEIO.AS,https://www.heinekenholding.com,wikidata,,2026-09-19
HEMO.L,,,,
HER.MI,https://www.gruppohera.it,wikidata,,2026-09-19
HESM,https://www.hessmidstream.com,sec filing,,2026-09-19
HFBL,https://www.hfbla.com,sec filing,,2026-09-19
HFD.L,,,,
HFFG,https://www.hffoodsgroup.com,sec filing,https://hffoodsgroup.com/careers,2026-09-19
HFG.L,http://www.hiltonfoodgroupplc.com,wikidata,https://www.hiltonfoods.com/join-us/why-hilton-foods/early-careers/,2026-09-19
HFUS,,,,
HFWA,https://www.hf-wa.com,sec filing,,2026-09-19
HGBL,,,,
HGIT,https://www.hinesglobalincometrust.com,sec filing,,2026-09-19
HGTY,http://www.hagerty.com,wikidata,https://www.hagerty.com/about-us/careers,2026-09-19
HGV,https://www.hiltongrandvacations.com,wikidata,,2026-09-19
HHH,https://www.howardhughes.com,wikidata,,2026-09-19
HHS,https://www.hartehanks.com,wikidata,https://www.hartehanks.com/careers/,2026-09-19
HIG,https://www.thehartford.com,wikidata,,2026-09-19
HII,https://hii.com,wikidata,https://www.hii.com/careers,2026-09-19
HIK.L,http://www.hikma.com,wikidata,https://www.hikma.com/careers/,2026-09-19
HILS.L,,,,
HIMS,https://www.forhims.com,wikidata,,2026-09-19
HIND,https://www.vyometx.com,sec filing,,2026-09-19
HINO.KA,http://www.hinopak.com,exchange profile,https://hinopak.com/jobs-career-opportunities/,2026-09-19
HINOON.KA,http://www.highnoon-labs.com,exchange profile,,2026-09-19
HIPO,https://www.hippo.com,sec filing,https://www.hippo.com/careers,2026-09-19
HIT,https://www.healthintech.com,sec filing,https://healthintech.com/careers/,2026-09-19
HITI,https://www.hightideinc.com,sec filing,,2026-09-19
HIVE,http://www.aerohive.com,wikidata,,2026-09-19
HIW,https://www.highwoods.com,sec filing,https://www.highwoods.com/careers,2026-09-19
HKHC,https://www.horizonkinetics.com,sec filing,,2026-09-19
HL,https://www.hecla.com,wikidata,,2026-09-19
HLCL.L,,,,
HLI,https://www.hl.com,wikidata,,2026-09-19
HLIO,https://www.heliostechnologies.com,sec filing,https://www.heliostechnologies.com/careers,2026-09-19
HLIT,https://www.harmonicinc.com,wikidata,https://careers.harmonicinc.com/,2026-09-19
HLLY,https://www.holley.com,sec filing,,2026-09-19
HLMA.L,http://www.halma.com,wikidata,https://www.halma.com/careers,2026-09-19
HLMN,https://www.hillmangroup.com,sec filing,https://www.hillmangroup.com/pages/career,2026-09-19
HLN.L,https://www.haleon.com,wikidata,,2026-09-19
HLNE,http://hamiltonlane.com,wikidata,https://www.hamiltonlane.com/en-us/careers,2026-09-19
HLT,https://www.hilton.com,wikidata,,2026-09-19
HMH,,,,
HMN,https://www.horacemann.com,sec filing,https://www.horacemann.com/about-us/careers,2026-09-19
HNGE,https://www.hingehealth.com,sec filing,https://www.hingehealth.com/about/careers,2026-09-19
HNI,http://www.hnicorp.com,wikidata,,2026-09-19
HNNA,https://www.hennessyadvisors.com,sec filing,,2026-09-19
HNRG,https://www.halladorenergy.com,sec filing,,2026-09-19
HNST,https://www.honest.com,wikidata,https://honest.com/pages/welcome-to-the-honest-life,2026-09-19
HNVR,https://www.hanoverbank.com,sec filing,,2026-09-19
HO.PA,https://www.thalesgroup.com,wikidata,,2026-09-19
HOC.L,,,,
HODO,,,,
HOFT,https://www.hookerfurnishings.com,sec filing,https://hookerfurnishings.com/careers,2026-09-19
HOG,https://www.harley-davidson.com,wikidata,https://www.harley-davidson.com/us/en/about-us/careers.html,2026-09-19
HOLCO.AS,,,,
HOLO,http://www.mcholo.com,wikidata,,2026-09-19
HOMB,https://www.homebancshares.com,wikidata,,2026-09-19
HOME.L,,,,
HOME.MC,https://www.neinorhomes.com,wikidata,,2026-09-19
HON,https://www.honeywell.com,wikidata,https://www.honeywell.com/us/en/careers,2026-09-19
HONA,https://www.honeywellaerospace.com,wikidata,https://www.honeywellaerospace.com/us/en/company/careers,2026-09-19
HOOD,https://www.robinhood.com,wikidata,https://careers.robinhood.com/,2026-09-19
HOPE,,,,
HOS,http://www.helixesg.com,wikidata,,2026-09-19
HOUR,https://www.hourloop.com,sec filing,,2026-09-19
HOV,https://www.khov.com,wikidata,https://www.khov.com/careers/,2026-09-19
HP,http://www.hpinc.com,wikidata,https://www.hpinc.com/careers,2026-09-19
HPE,https://www.hpe.com,wikidata,,2026-09-19
HPK,https://www.highpeakenergy.com,sec filing,,2026-09-19
HPL.KA,http://www.hoechst.com.pk,exchange profile,,2026-09-19
HPP,http://hudsonpacificproperties.com,wikidata,https://hudsonpacificproperties.com/careers,2026-09-19
HPQ,https://www.hp.com,wikidata,https://jobs.hp.com/,2026-09-19
HQI,https://www.hirequest.com,sec filing,https://hirequest.com/job-openings/,2026-09-19
HQY,https://www.healthequity.com,sec filing,,2026-09-19
HR,https://www.healthcarerealty.com,sec filing,https://www.healthcarerealty.com/careers/,2026-09-19
HRB,https://www.hrblock.com,wikidata,,2026-09-19
HRI,https://www.hercrentals.com,wikidata,,2026-09-19
HRL,http://www.hormel.com,wikidata,,2026-09-19
HRMY,https://www.harmonybiosciences.com,sec filing,https://www.harmonybiosciences.com/careers/,2026-09-19
HRNNF,https://www.hydroone.com,sec filing,https://www.hydroone.com/careers,2026-09-19
HROW,http://www.harrow.com,wikidata,,2026-09-19
HRTG,https://www.heritagepci.com,sec filing,https://workforcenow.adp.com/mascsr/default/mdf/recruitment/recruitment.html?cid=7fc63b3d-bd90-4c6d-bca3-9a75e3ab7aa0&ccId=19000101_000001&lang=en_US,2026-09-19
HRTX,https://www.herontx.com,sec filing,https://www.herontx.com/careers/,2026-09-19
HSBA.L,https://hsbc.com,wikidata,,2026-09-19
HSCS,https://www.heartsciences.com,sec filing,,2026-09-19
HSDT,https://www.solanacompany.co,sec filing,,2026-09-19
HSIC,https://www.henryschein.com,wikidata,https://www.henryschein.com/us-en/Corporate/Career/Default.aspx?id=1,2026-09-19
HST,http://www.hosthotels.com,wikidata,https://www.hosthotels.com/Our-Company/Careers,2026-09-19
HSTM,https://www.healthstream.com,sec filing,https://www.healthstream.com/about/careers,2026-09-19
HSY,https://www.thehersheycompany.com,wikidata,https://careers.thehersheycompany.com/,2026-09-19
HTB,http://www.hometrustbanking.com,wikidata,https://htb.com/careers/,2026-09-19
HTFL,https://www.heartflow.com,sec filing,https://www.heartflow.com/about/careers/,2026-09-19
HTG.L,,,,
HTH,https://www.hilltop.com,sec filing,https://hilltop.com/careers/,2026-09-19
HTL.KA,http://www.hitechlubricants.com,exchange profile,,2026-09-19
HTLD,https://www.heartlandexpress.com,sec filing,https://driveheartland.com/jobs,2026-09-19
HTO,https://www.sjwgroup.com,wikidata,,2026-09-19
HTWS.L,,,,
HTZ,https://www.hertzcarsales.com,wikidata,,2026-09-19
HUBB,http://www.hubbell.com,wikidata,https://careers.hubbell.com/,2026-09-19
HUBC.KA,http://www.hubpower.com,exchange profile,https://hubpower.com/careers/,2026-09-19
HUBG,https://www.hubgroup.com,wikidata,https://www.hubgroup.com/careers/,2026-09-19
HUBS,http://www.hubspot.com,wikidata,https://www.hubspot.com/careers,2026-09-19
HUM,https://www.humana.com,wikidata,https://careers.humana.com/us/en,2026-09-19
HUMA,https://www.humacyte.com,sec filing,https://humacyte.com/careers/,2026-09-19
HUN,http://www.huntsman.com,wikidata,https://www.huntsman.com/careers,2026-09-19
HURA,https://www.tuhurabio.com,sec filing,,2026-09-19
HURC,https://www.hurco.com,sec filing,https://www.hurco.com/company/careers,2026-09-19
HURN,http://www.huronconsultinggroup.com,wikidata,https://www.huronconsultinggroup.com/en/careers,2026-09-19
HUT,https://www.hut8.com,wikidata,https://www.hut8.com/careers/open-positions,2026-09-19
HVT,https://www.havertys.com,wikidata,,2026-09-19
HWBK,https://www.hawthornbancshares.com,sec filing,,2026-09-19
HWC,https://www.hancockwhitney.com,wikidata,https://www.hancockwhitney.com/careers-home,2026-09-19
HWDN.L,,,,
HWG.L,,,,
HWH,https://www.hwhintl.com,sec filing,,2026-09-19
HWK.AS,,,,
HWKN,https://www.hawkinsinc.com,sec filing,https://www.hawkinsinc.com/careers/,2026-09-19
HWM,https://arconic.com,wikidata,https://arconic.com/joinus,2026-09-19
HWNI,https://www.highwirenetworks.com,sec filing,,2026-09-19
HXL,https://www.hexcel.com,sec filing,https://www.hexcel.com/careers/,2026-09-19
HY,http://www.hyster-yale.com,wikidata,,2026-09-19
HYDRA.AS,,,,
HYFM,https://www.hydrofarm.com,sec filing,https://www.hydrofarm.com/career,2026-09-19
HYLN,https://www.hyliion.com,sec filing,https://www.hyliion.com/careers/,2026-09-19
HYNE,https://www.hoyne.com,sec filing,https://www.hoyne.com/about-us/about-us/careers,2026-09-19
HYPD,https://www.hyperiondefi.com,sec filing,,2026-09-19
HYPR,https://www.hyperfine.io,sec filing,https://www.hyperfinemri.com/about/careers,2026-09-19
HZO,https://www.marinemax.com,sec filing,https://www.marinemax.com/pages/careers,2026-09-19
IA,https://www.innovative-ss.com,sec filing,https://iascorp.com/careers/,2026-09-19
IAG,http://www.iamgold.com,wikidata,,2026-09-19
IART,https://www.integralife.com,sec filing,https://www.integralife.com/careers,2026-09-19
IAUX,https://www.i80gold.com,sec filing,https://www.i80gold.com/careers/,2026-09-19
IBCP,http://www.independentbank.com,wikidata,https://www.independentbank.com/about/careers,2026-09-19
IBE.MC,https://www.iberdrola.com,wikidata,,2026-09-19
IBEX,https://www.ibex.co,sec filing,https://www.ibex.co/careers,2026-09-19
IBG.MC,http://www.iberpapel.es,wikidata,,2026-09-19
IBIO,https://www.ibioinc.com,sec filing,https://ibioinc.com/careers,2026-09-19
IBKR,https://www.interactivebrokers.com,wikidata,https://www.interactivebrokers.com/en/general/about/careers-splash.php,2026-09-19
IBLHL.KA,http://www.iblhc.com,exchange profile,https://www.iblhc.com/careers,2026-09-19
IBM,https://www.ibm.com,wikidata,https://www.ibm.com/careers,2026-09-19
IBO,https://www.impactbiomedinc.com,sec filing,,2026-09-19
IBOC,https://www.ibc.com,wikidata,https://www.ibc.com/careers,2026-09-19
IBP,https://www.installedbuildingproducts.com,sec filing,https://installedbuildingproducts.com/careers/,2026-09-19
IBRX,https://www.immunitybio.com,sec filing,https://immunitybio.com/careers/,2026-09-19
IBST.L,,,,
IBTA,https://www.ibotta.com,wikidata,https://ibotta.com/work-with-us/careers,2026-09-19
ICAD.PA,http://www.icade.fr,wikidata,,2026-09-19
ICCC,https://www.immucell.com,sec filing,https://immucell.com/careers/,2026-09-19
ICCI.KA,http://www.icctextiles.com,exchange profile,,2026-09-19
ICE,https://www.theice.com,wikidata,https://www.ice.com/careers,2026-09-19
ICFI,http://www.icfi.com,wikidata,https://careers.icf.com/,2026-09-19
ICG.L,,,,
ICHR,https://www.ichor.com,sec filing,,2026-09-19
ICL.KA,http://www.ittehadchemicals.com,exchange profile,https://www.ittehadchemicals.com/career/,2026-09-19
ICON.L,,,,
ICOS.MI,,,,
ICR-PA,,,,
ICU,https://www.seastarmedical.com,sec filing,,2026-09-19
ICUI,http://www.icumed.com,wikidata,https://www.icumed.com/about-us/careers/,2026-09-19
IDA,http://www.idacorpinc.com,wikidata,,2026-09-19
IDAI,,,,
IDCC,http://www.interdigital.com,wikidata,https://www.interdigital.com/company/careers,2026-09-19
IDIP.PA,https://www.idi.fr,wikidata,,2026-09-19
IDL.PA,,,,
IDN,https://www.intellicheck.com,sec filing,https://www.intellicheck.com/careers,2026-09-19
IDR,https://www.idahostrategic.com,sec filing,,2026-09-19
IDR.MC,https://www.indragroup.com,wikidata,,2026-09-19
IDT,https://idtenergy.com,wikidata,https://idtenergy.com/what-we-do/work-with-us/,2026-09-19
IDXG,https://www.interpace.com,sec filing,https://www.interpace.com/careers,2026-09-19
IDXX,http://www.idexx.com,wikidata,https://careers.idexx.com/,2026-09-19
IDYA,https://www.ideayabio.com,wikidata,https://www.ideayabio.com/careers,2026-09-19
IE,https://www.ivanhoeelectric.com,sec filing,https://www.ivanhoeelectric.com/careers/,2026-09-19
IEG.MI,,,,
IEHC,https://www.iehcorp.com,sec filing,https://www.iehcorp.com/index.php/en/contact/careers,2026-09-19
IEP,http://www.icahnenterprises.com,wikidata,,2026-09-19
IESC,https://www.ies-co.com,wikidata,https://www.ies-co.com/Careers.html,2026-09-19
IEX,https://www.idexcorp.com,wikidata,https://idexcorp.com/careers,2026-09-19
IFF,http://www.iff.com,wikidata,,2026-09-19
IGC,https://www.igcpharma.com,sec filing,,2026-09-19
IGD.MI,,,,
IGIHL.KA,http://https,exchange profile,,2026-09-19
IGV.MI,,,,
IHP.L,http://www.integrafin.co.uk,wikidata,https://www.integrafin.co.uk/careers/,2026-09-19
IHRT,https://iheartmedia.com,wikidata,https://www.iheartmedia.com/careers,2026-09-19
IHT,https://www.innsuitestrust.com,sec filing,,2026-09-19
III,,,,
III.L,https://www.3i.com,wikidata,https://www.3i.com/about-us/careers/,2026-09-19
IIIN,https://www.insteel.com,sec filing,,2026-09-19
IIIV,https://www.i3verticals.com,sec filing,https://www.i3verticals.com/careers/,2026-09-19
IIPR,https://www.innovativeindustrialproperties.com,sec filing,,2026-09-19
IKT,https://www.inhibikase.com,sec filing,https://www.inhibikase.com/careers,2026-09-19
ILLR,,,,
ILMN,https://www.illumina.com,wikidata,https://www.illumina.com/company/careers.html,2026-09-19
ILP.KA,http://www.interloop-pk.com,exchange profile,,2026-09-19
IMA,https://www.imagenebio.com,sec filing,,2026-09-19
IMAGE.KA,http://imagepakistan.net,exchange profile,,2026-09-19
IMAX,https://www.imax.com,wikidata,,2026-09-19
IMB.L,https://www.imperialbrandsplc.com,wikidata,,2026-09-19
IMC.MC,,,,
IMCD.AS,https://www.imcdgroup.com,wikidata,,2026-09-19
IMDX,https://www.imdxinc.com,sec filing,https://imdxinc.com/careers/,2026-09-19
IMI.L,,,,
IMKTA,https://www.ingles-markets.com,wikidata,http://www.inglescareers.com/,2026-09-19
IML.KA,http://www.imperiallimited.co,exchange profile,http://202.154.236.203/iljobportal/frmJobsDashBoard.aspx,2026-09-19
IMMP,http://www.immutep.com,wikidata,https://www.immutep.com/about-us/career/,2026-09-19
IMMR,http://immersion.com,wikidata,https://www.immersion.com/careers/,2026-09-19
IMNM,https://www.immunome.com,sec filing,,2026-09-19
IMO,https://www.imperialoil.ca,wikidata,https://www.imperialoil.ca/careers/careers,2026-09-19
IMS.KA,http://www.imsecurities.com.pk,exchange profile,,2026-09-19
IMS.MI,,,,
IMSR,https://www.terrestrialenergy.com,sec filing,https://www.terrestrialenergy.com/careers,2026-09-19
IMTE,https://www.imtechltd.com,sec filing,,2026-09-19
IMXI,,,,
INBK,http://www.firstinternetbancorp.com,wikidata,,2026-09-19
INBP,,,,
INBS,https://www.ibs.inc,sec filing,,2026-09-19
INBX,https://www.inhibrx.com,sec filing,https://inhibrx.com/careers/,2026-09-19
INCH.L,http://www.inchcape.com,wikidata,https://www.inchcape.com/en/careers,2026-09-19
INCY,http://www.incyte.com,wikidata,https://incyte.com/careers,2026-09-19
INDB,http://www.rocklandtrust.com,wikidata,https://careers.rocklandtrust.com/,2026-09-19
INDB.MI,,,,
INDI,https://www.indie.inc,sec filing,https://www.indie.inc/careers/,2026-09-19
INDU.KA,http://www.toyota-indus.com,exchange profile,https://toyota-indus.com/careers/,2026-09-19
INDV,https://www.indivior.com,sec filing,,2026-09-19
INF.L,http://www.informa.com,wikidata,https://careers.informa.com/,2026-09-19
INF.PA,,,,
INFQ,https://www.infleqtion.com,sec filing,https://infleqtion.com/careers/,2026-09-19
INFU,https://www.infusystem.com,sec filing,https://infusystem.com/careers,2026-09-19
INGA.AS,https://ing.com,wikidata,https://careers.ing.com/en/search-jobs,2026-09-19
INGM,http://www.ingrammicro.com,wikidata,,2026-09-19
INGN,https://www.inogen.com,sec filing,https://careers.inogen.com/,2026-09-19
INGR,http://www.ingredion.com,wikidata,,2026-09-19
INIL.KA,http://www.iil.com.pk,exchange profile,,2026-09-19
INIS,https://www.radnostix.com,sec filing,,2026-09-19
INLX,https://www.intellinetics.com,sec filing,https://intellinetics.com/company/careers,2026-09-19
INM,https://www.inmedpharma.com,sec filing,https://www.inmedpharma.com/corporate/careers/,2026-09-19
INMB,https://www.inmunebio.com,sec filing,,2026-09-19
INN,,,,
INNV,https://www.innovage.com,sec filing,https://www.innovage.com/Careers,2026-09-19
INO,http://www.inovio.com,wikidata,https://www.inovio.com/careers/,2026-09-19
INOD,https://innodata.com,wikidata,https://innodatacareers.com/,2026-09-19
INR,https://www.infinitynaturalresources.com,sec filing,https://infinitynaturalresources.com/careers/,2026-09-19
INRE,https://www.inland-investments.com,sec filing,https://inlandgroup.com/careers,2026-09-19
INSE,https://www.inseinc.com,sec filing,https://careers.inseinc.com/,2026-09-19
INSG,https://www.inseego.com,sec filing,https://inseego.com/company/careers/,2026-09-19
INSM,https://www.insmed.com,sec filing,https://careers.insmed.com/?utm_source=corporate_site&utm_medium=referral&utm_campaign=internal_navigation,2026-09-19
INSP,https://www.inspiresleep.com,wikidata,https://www.inspiresleep.com/en-us/careers/,2026-09-19
INSW,,,,
INTA,https://www.intapp.com,sec filing,https://www.intapp.com/working-at-intapp/,2026-09-19
INTC,https://www.intel.com,wikidata,https://www.intel.com/content/www/us/en/jobs/life-at-intel.html,2026-09-19
INTG,https://www.intgla.com,sec filing,,2026-09-19
INTT,https://www.intest.com,sec filing,,2026-09-19
INTU,https://www.intuit.com,wikidata,https://www.intuit.com/careers/,2026-09-19
INTZ,https://www.intrusion.com,sec filing,https://intrusion.com/company/careers/,2026-09-19
INUV,https://www.inuvo.com,sec filing,,2026-09-19
INV,https://www.innventure.com,sec filing,,2026-09-19
INVA,https://www.inva.com,sec filing,,2026-09-19
INVE,https://www.identiv.com,sec filing,https://identiv.com/careers/,2026-09-19
INVH,http://www.invitationhomes.com,wikidata,https://careers.invitationhomes.com/,2026-09-19
INVP.L,https://www.investec.com,wikidata,,2026-09-19
INVU,https://www.investview.com,sec filing,,2026-09-19
INVX,https://www.innovex-inc.com,sec filing,,2026-09-19
INW.MI,https://www.inwit.it,wikidata,https://www.inwit.it/en/careers/,2026-09-19
IOND,,,,
IONQ,https://ionq.co,wikidata,https://www.ionq.com/careers,2026-09-19
IONS,https://www.ionis.com,sec filing,,2026-09-19
IOSP,http://www.innospecinc.com,wikidata,,2026-09-19
IOT,http://samsara.com,wikidata,https://www.samsara.com/company/careers,2026-09-19
IOT.MI,,,,
IOVA,http://www.iovance.com,wikidata,https://www.iovance.com/current-opportunities/,2026-09-19
IP,https://www.internationalpaper.com,wikidata,https://www.internationalpaper.com/working-ip,2026-09-19
IP.MI,https://www.interpumpgroup.it,wikidata,,2026-09-19
IPAK.KA,http://www.ipak.com.pk,exchange profile,https://ipak.com.pk/careers/,2026-09-19
IPAR,https://www.interparfumsinc.com,sec filing,https://www.interparfumsinc.com/careers,2026-09-19
IPDN,https://www.ipdn.com,sec filing,,2026-09-19
IPGP,http://www.ntoire-polus.ru,wikidata,,2026-09-19
IPH.PA,http://innate-pharma.com,wikidata,,2026-09-19
IPI,http://www.intrepidpotash.com,wikidata,https://www.intrepidpotash.com/careers/,2026-09-19
IPM,https://www.ipm.com,sec filing,https://www.ipm.com/solutions/careers/,2026-09-19
IPN.PA,https://www.ipsen.com,wikidata,https://www.ipsen.com/careers/,2026-09-19
IPS.PA,https://www.ipsos.com,wikidata,https://www.ipsos.com/en/careers,2026-09-19
IPSC,https://www.centurytx.com,wikidata,https://www.centurytx.com/join-us/,2026-09-19
IPST,https://www.ipstrategy.co,sec filing,,2026-09-19
IPW,,,,
IPWR,https://www.idealpower.com,sec filing,https://idealpower.com/careers/,2026-09-19
IQST,https://www.iqstel.com,sec filing,,2026-09-19
IQV,https://www.iqvia.com,wikidata,https://jobs.iqvia.com/?utm_source=iqvia.com&utm_medium=referral,2026-09-19
IR,https://company.ingersollrand.com,wikidata,,2026-09-19
IRC.MI,,,,
IRD,https://www.opusgtx.com,sec filing,https://opusgtx.com/careers/,2026-09-19
IRDM,https://www.iridium.com,wikidata,,2026-09-19
IRE.MI,https://www.gruppoiren.it,wikidata,,2026-09-19
IREN,https://iren.com,wikidata,https://iren.com/careers,2026-09-19
IRIX,https://www.iridex.com,sec filing,https://j.brt.mv/ax.do?refresh=true&portalGK=42775,2026-09-19
IRM,http://www.ironmountain.com,wikidata,,2026-09-19
IRMD,https://www.iradimed.com,sec filing,,2026-09-19
IRT,https://www.irtliving.com,sec filing,https://www.irtliving.com/who-we-are/join-our-team,2026-09-19
IRTC,https://www.irhythmtech.com,sec filing,https://www.irhythmtech.com/us/en/who-we-are/careers,2026-09-19
IRWD,https://www.ironwoodpharma.com,wikidata,https://ironwoodpharma.com/careers/open-positions/,2026-09-19
ISBA,https://www.isabellabank.com,sec filing,https://www.isabellabank.com/about/careers,2026-09-19
ISCO,https://www.internationalstemcell.com,sec filing,,2026-09-19
ISIL.KA,http://www.ismailindustries.com.pk,exchange profile,https://ismailindustries.com.pk/careers,2026-09-19
ISL.KA,http://www.isl.com.pk,exchange profile,https://isl.com.pk/?page_id=199,2026-09-19
ISPC,https://www.ispecimen.com,sec filing,https://www.ispecimen.com/careers,2026-09-19
ISPR,https://www.ispiretechnology.com,sec filing,https://www.ispiretechnology.com/careers,2026-09-19
ISRG,https://www.intuitive.com,wikidata,,2026-09-19
ISTR,https://www.investarbank.com,sec filing,https://www.investarbank.com/about-us/careers,2026-09-19
ISUR.MC,https://grupoinsur.com,wikidata,,2026-09-19
IT,https://www.gartner.com,wikidata,,2026-09-19
ITG,http://www.itg.com,wikidata,https://www.virtu.com/careers/,2026-09-19
ITGR,https://www.integer.net,wikidata,,2026-09-19
ITH.L,,,,
ITHUF,https://www.ianthus.com,sec filing,,2026-09-19
ITIC,,,,
ITM.MI,,,,
ITMSF,https://www.intermap.com,sec filing,,2026-09-19
ITP.PA,https://www.interparfums.fr,wikidata,,2026-09-19
ITRG,https://www.integraresources.com,sec filing,https://integraresources.com/careers/,2026-09-19
ITRI,http://www.itron.com,wikidata,https://na.itron.com/careers,2026-09-19
ITRK.L,https://www.intertek.com,wikidata,https://www.intertek.com/careers/,2026-09-19
ITT,https://itt.com,wikidata,https://careerhub-itt-inc.icims.com/jobs/intro?hashed=-625974257&mobile=false&width=1377&height=500&bga=true&needsRedirect=false&jan1offset=-300&jun1offset=-240,2026-09-19
ITV.L,https://www.itvplc.com,wikidata,http://www.itvjobs.com/,2026-09-19
ITW,https://www.itw.com,wikidata,https://www.itw.com/careers/,2026-09-19
ITW.MI,,,,
ITX.MC,https://www.inditex.com,wikidata,https://www.inditexpeople.com/?utm_source=inditex.com&utm_medium=corporate&utm_campaign=brands-work-with-us,2026-09-19
ITXP,,,,
IVA.PA,,,,
IVDA,https://www.iveda.com,sec filing,,2026-09-19
IVF,https://www.invofertility.com,sec filing,,2026-09-19
IVFH,https://www.ivfh.com,sec filing,,2026-09-19
IVT,https://www.inventrustproperties.com,sec filing,https://www.inventrustproperties.com/careers/,2026-09-19
IVVD,https://www.invivyd.com,sec filing,https://www.invivyd.com/careers/,2026-09-19
IVZ,http://www.invesco.com,wikidata,,2026-09-19
IWB.MI,,,,
IZEA,https://www.izea.com,sec filing,,2026-09-19
J,http://www.jacobs.com,wikidata,https://careers.jacobs.com/en_US/careers,2026-09-19
JACK,https://www.jackinthebox.com,wikidata,,2026-09-19
JAGX,https://www.jaguar.health,sec filing,,2026-09-19
JAKK,https://www.jakks.com,wikidata,,2026-09-19
JAN,,,,
JANL,https://www.janelcorp.com,sec filing,,2026-09-19
JANX,https://www.januxrx.com,sec filing,https://www.januxrx.com/job-openings/,2026-09-19
JBGS,http://www.jbgsmith.com,wikidata,https://www.jbgsmith.com/careers,2026-09-19
JBHT,https://www.jbhunt.com,wikidata,https://careers.jbhunt.com/,2026-09-19
JBI,https://www.janusintl.com,sec filing,https://www.janusintl.com/about/careers,2026-09-19
JBL,http://www.jabil.com,wikidata,https://careers.jabil.com/,2026-09-19
JBLU,https://www.jetblue.com,wikidata,https://careers.jetblue.com/,2026-09-19
JBSS,https://www.jbssinc.com,sec filing,https://jbssinc.com/careers/,2026-09-19
JBTM,https://www.jbtmarel.com,sec filing,https://jbtm.wd108.myworkdayjobs.com/JBT_Marel_Career_Site,2026-09-19
JCAP,https://www.jcap.com,sec filing,https://www.jcap.com/our-company/careers,2026-09-19
JCQ.PA,,,,
JCTC,https://www.jewettcameron.com,sec filing,https://jewettcameron.com/pages/careers,2026-09-19
JD.L,,,,
JDEP.AS,https://www.jacobsdouweegberts.com,wikidata,https://careers.jdepeets.com/,2026-09-19
JDMT.KA,http://www.jdm.com.pk,exchange profile,,2026-09-19
JDW.L,,,,
JDWS.KA,http://www.jdw-group.com,exchange profile,,2026-09-19
JEF,http://www.jefferies.com,wikidata,https://www.jefferies.com/careers/,2026-09-19
JELD,http://www.jeld-wen.com,wikidata,,2026-09-19
JETMF,https://www.globalxair.com,sec filing,https://globalxair.com/careers/,2026-09-19
JFB,,,,
JGICL.KA,http://www.jubileegeneral.com.pk,exchange profile,https://jubileegeneral.com.pk/career/,2026-09-19
JILL,https://www.jjill.com,wikidata,https://jobs.jjill.com/?utm_source=jjill.com&utm_medium=referral&utm_campaign=corpsite,2026-09-19
JJSF,http://jjsnack.com,wikidata,https://www.jjsnack.com/careers/,2026-09-19
JKHY,https://www.jackhenry.com,wikidata,https://careers.jackhenry.com/,2026-09-19
JKSM.KA,http://www.jkgroup.net,exchange profile,,2026-09-19
JLL,http://www.jll.de,wikidata,https://www.jll.com/en-us/careers,2026-09-19
JMAT.L,http://www.matthey.com,wikidata,https://matthey.com/careers,2026-09-19
JMSB,https://www.johnmarshallbank.com,sec filing,https://www.johnmarshallbank.com/about-us/careers/,2026-09-19
JNJ,https://www.jnj.com,wikidata,https://www.careers.jnj.com/,2026-09-19
JOB,https://www.geegroup.com,sec filing,https://www.geegroup.com/careers,2026-09-19
JOBY,http://www.jobyaviation.com,wikidata,https://www.jobyaviation.com/careers,2026-09-19
JOE,http://www.joe.com,wikidata,https://www.joe.com/careers,2026-09-19
JOUT,https://www.johnsonoutdoors.com,wikidata,,2026-09-19
JPM,https://www.jpmorganchase.com,wikidata,https://jpmc.fa.oraclecloud.com/hcmUI/CandidateExperience/en/sites/CX_1001/requisitions,2026-09-19
JRSH,https://www.jerashholdings.com,sec filing,,2026-09-19
JRVR,https://www.jrvrgroup.com,sec filing,https://jrvrgroup.com/careers,2026-09-19
JSBL.KA,http://www.jsbl.com,exchange profile,https://www.jsbl.com/careers/,2026-09-19
JSDA,https://www.jonessoda.com,sec filing,https://www.jonessoda.com/account/register,2026-09-19
JSG.L,,,,
JSGCL.KA,http://www.jsgcl.com,exchange profile,,2026-09-19
JSML.KA,http://www.jsml.com.pk,exchange profile,https://www.jsml.com.pk/index.php/careers/,2026-09-19
JTAI,,,,
JUBS.KA,http://www.jsw.com.pk,exchange profile,,2026-09-19
JUNS,https://www.jupiterneurosciences.com,sec filing,,2026-09-19
JUP.L,,,,
JUSH,https://www.jushico.com,sec filing,https://jushico.com/careers/,2026-09-19
JUVF,,,,
JVA,https://www.coffeeholding.com,sec filing,,2026-09-19
JVDC.KA,http://www.jcl.com.pk,exchange profile,,2026-09-19
JXN,https://www.jackson.com,sec filing,,2026-09-19
JYNT,,,,
KAI,https://www.kadant.com,sec filing,,2026-09-19
KALA,http://www.kalarx.com,wikidata,,2026-09-19
KALU,http://www.kaiseraluminum.com,wikidata,https://www.kaiseraluminum.com/careers/,2026-09-19
KAPCO.KA,http://www.kapco.com.pk,exchange profile,https://www.kapco.com.pk/?page_id=38,2026-09-19
KAV.L,,,,
KBH,http://www.kbhome.com,wikidata,https://www.kbhome.com/careers,2026-09-19
KBR,http://www.kbr.com,wikidata,https://careers.kbr.com/,2026-09-19
KBSR,https://www.kbsreitiii.com,sec filing,https://kbs-cmg.com/careers/,2026-09-19
KD,https://www.kyndryl.com,wikidata,https://www.kyndryl.com/us/en/careers,2026-09-19
KDK,https://www.kodiak.ai,sec filing,https://kodiak.ai/careers,2026-09-19
KDOZF,https://www.kidoz.net,sec filing,,2026-09-19
KDP,http://www.drpeppersnapplegroup.com,wikidata,,2026-09-19
KE,https://www.kimballelectronics.com,sec filing,https://www.kimballelectronics.com/career,2026-09-19
KEEL,https://www.keelinfra.com,sec filing,https://www.keelinfra.com/careers,2026-09-19
KELYA,http://www.kellyservices.com,wikidata,https://careers.kellyocg.com/,2026-09-19
KEQU,https://www.kewaunee.com,sec filing,https://kewaunee.com/about/career-opportunities/,2026-09-19
KEX,http://www.kirbycorp.com,wikidata,https://kirbycorp.com/careers/,2026-09-19
KEY,https://www.key.com,wikidata,,2026-09-19
KEYS,http://www.keysight.com,wikidata,,2026-09-19
KFFB,,,,
KFRC,https://www.kforce.com,wikidata,https://www.kforce.com/about/careers-at-kforce/,2026-09-19
KFY,https://www.kornferry.com,wikidata,https://www.kornferry.com/careers,2026-09-19
KGEI,https://www.kolibrienergy.com,sec filing,https://kolibrienergy.com/careers/,2026-09-19
KGF.L,https://www.kingfisher.com,wikidata,https://careers.kingfisher.com/,2026-09-19
KGS,https://www.kodiakgas.com,sec filing,https://careers.kodiakgas.com/,2026-09-19
KHC,http://www.kraftheinzcompany.com,wikidata,https://careers.kraftheinz.com/,2026-09-19
KIDS,https://www.orthopediatrics.com,sec filing,https://www.orthopediatrics.com/about-us/careers/,2026-09-19
KIDZ,,,,
KIE.L,http://www.kier.co.uk,wikidata,https://jobs.kier.co.uk/,2026-09-19
KIM,https://www.kimcorealty.com,wikidata,,2026-09-19
KINS,http://www.kingstonecompanies.com,wikidata,,2026-09-19
KIQSF,https://www.kelsotech.com,sec filing,,2026-09-19
KITT,https://www.nauticusrobotics.com,sec filing,https://nauticusrobotics.com/careers/,2026-09-19
KKR,https://www.kkr.com,wikidata,https://www.kkr.com/careers,2026-09-19
KLAC,https://www.kla.com,wikidata,https://www.kla.com/careers,2026-09-19
KLC,https://www.kindercare.com,sec filing,https://www.kindercare.com/about-us/connect-with-us/careers,2026-09-19
KLNG,https://www.koilenergy.com,sec filing,https://www.koilenergy.com/Careers/,2026-09-19
KLR.L,,,,
KLTR,http://www.kaltura.com,wikidata,https://corp.kaltura.com/company/careers/,2026-09-19
KLXE,,,,
KMB,http://www.kimberly-clark.com,wikidata,,2026-09-19
KME.MI,,,,
KMI,http://www.kindermorgan.com,wikidata,https://careers.kindermorgan.com/,2026-09-19
KML.KA,http://www.kohinoormills.com,exchange profile,https://kohinoormills.com/careers/,2026-09-19
KMPR,http://www.kemper.com,wikidata,https://careers.kemper.com/,2026-09-19
KMT,http://www.kennametal.com,wikidata,https://jobs.kennametal.com/,2026-09-19
KMTS,https://www.kestramedical.com,sec filing,https://job-boards.greenhouse.io/kestramedicaltechnologiesinc,2026-09-19
KMX,https://www.carmax.com,wikidata,,2026-09-19
KN,https://www.knowles.com,sec filing,,2026-09-19
KNF,https://www.kniferiver.com,sec filing,https://www.kniferiver.com/careers/,2026-09-19
KNOS.L,,,,
KNSL,https://www.kinsalecapitalgroup.com,sec filing,,2026-09-19
KNTK,https://www.kinetik.com,sec filing,,2026-09-19
KNX,http://knight-swift.com,wikidata,,2026-09-19
KO,https://www.coca-colacompany.com,wikidata,https://www.coca-colacompany.com/careers,2026-09-19
KODK,https://www.kodak.com,wikidata,https://careers.kodak.com/?utm_source=corpsite,2026-09-19
KOF.PA,http://www.ketb.com,wikidata,,2026-09-19
KOHC.KA,http://www.kohatcement.com,exchange profile,https://www.kohatcement.com/careers.aspx,2026-09-19
KOP,http://www.koppers.com,wikidata,https://www.koppers.com/careers,2026-09-19
KOPN,http://www.kopin.com,wikidata,https://www.kopin.com/about/careers/,2026-09-19
KOS,http://www.kosmosenergy.com,wikidata,https://www.kosmosenergy.com/join-the-team/,2026-09-19
KOSS,http://www.koss.com,wikidata,,2026-09-19
KPLT,https://www.katapultholdings.com,sec filing,,2026-09-19
KPN.AS,https://www.kpn.com,wikidata,,2026-09-19
KPRX,https://www.kiorapharma.com,sec filing,,2026-09-19
KPTI,https://www.karyopharm.com,sec filing,https://www.karyopharm.com/about/careers/,2026-09-19
KR,https://www.kroger.com,wikidata,,2026-09-19
KRC,https://www.kilroyrealty.com,sec filing,https://kilroyrealty.com/company/careers,2026-09-19
KRG,https://www.kiterealty.com,sec filing,,2026-09-19
KRMD,https://www.korumedical.com,sec filing,https://korumedical.com/careers/,2026-09-19
KRMN,https://www.karman-sd.com,sec filing,https://karman-sd.com/careers/,2026-09-19
KRNY,https://www.kearnybank.com,sec filing,https://www.kearnybank.com/about-us/careers,2026-09-19
KRO,https://www.kronosww.com,sec filing,https://www.kronosww.com/careers/,2026-09-19
KROS,https://www.kerostx.com,sec filing,https://kerostx.com/careers/,2026-09-19
KRP,https://www.kimbellrp.com,sec filing,,2026-09-19
KRRO,https://www.korrobio.com,sec filing,,2026-09-19
KRT,https://www.karatpackaging.com,sec filing,https://www.karatpackaging.com/careers,2026-09-19
KRUS,https://www.kurasushi.com,sec filing,,2026-09-19
KRYS,https://www.krystalbio.com,wikidata,https://krystalbiotech.applytojob.com/apply,2026-09-19
KSBP.KA,http://www.ksb.com,exchange profile,https://www.ksb.com/en-global/careers,2026-09-19
KSCP,https://www.knightscope.com,sec filing,https://knightscope.com/careers?hsLang=en,2026-09-19
KSS,http://www.kohls.com,wikidata,,2026-09-19
KTB,https://www.kontoorbrands.com,wikidata,https://www.kontoorbrands.com/careers,2026-09-19
KTCC,https://www.keytronic.com,wikidata,https://www.keytronic.com/join-us/,2026-09-19
KTEL,,,,
KTML.KA,http://www.kmlg.com,exchange profile,,2026-09-19
KTOS,http://sat.com,wikidata,https://www.kratosdefense.com/careers,2026-09-19
KULR,https://www.kulr.ai,sec filing,https://kulr.ai/company/#careers,2026-09-19
KURA,http://www.kuraoncology.com,wikidata,https://kuraoncology.com/careers,2026-09-19
KUST,https://www.kustoment.com,sec filing,,2026-09-19
KVHI,,,,
KVUE,https://www.kenvue.com,wikidata,https://www.kenvue.com/careers,2026-09-19
KVYO,https://www.klaviyo.com,wikidata,https://www.klaviyo.com/careers,2026-09-19
KWR,http://www.quakerchem.com,wikidata,https://careers.quakerhoughton.com/,2026-09-19
KWY,https://www.kingsway-financial.com,sec filing,,2026-09-19
KYMR,https://www.kymeratx.com,wikidata,https://www.kymeratx.com/careers-culture/working-at-kymera/#open-positions,2026-09-19
KYNB,https://www.kyntrabio.com,sec filing,https://www.kyntrabio.com/our-culture/,2026-09-19
KZIA,https://www.kaziatherapeutics.com,sec filing,,2026-09-19
L,http://www.loews.com,wikidata,,2026-09-19
LAB,https://www.standardbio.com,wikidata,https://standardbio.com/about/careers/,2026-09-19
LAD,http://www.lithia.com,wikidata,https://careers.lithiadriveway.com/,2026-09-19
LAKE,https://www.lakeland.com,sec filing,,2026-09-19
LAMR,https://lamar.com,wikidata,https://lamar.com/en/about/careers,2026-09-19
LAND,https://www.gladstoneland.com,sec filing,https://www.gladstonecompanies.com/contact-us/careers/,2026-09-19
LARK,https://www.landmarkbancorpinc.com,sec filing,,2026-09-19
LASE,https://www.laserphotonics.com,sec filing,https://laserphotonics.com/careers,2026-09-19
LASR,http://www.nlight.net,wikidata,https://www.nlight.net/careers,2026-09-19
LAT.PA,https://www.latecoere.aero,wikidata,,2026-09-19
LAUR,https://www.laureate.net,wikidata,,2026-09-19
LAW,https://www.csdisco.com,sec filing,https://csdisco.com/careers,2026-09-19
LAWIL,http://www.scientificgames.com,wikidata,https://www.scientificgames.com/careers/,2026-09-19
LAZ,https://lazard.com,wikidata,https://lazard.com/careers/,2026-09-19
LB,http://www.lb.com,wikidata,,2026-09-19
LBIRD.PA,,,,
LBRA,https://www.1847holdings.com,sec filing,,2026-09-19
LBRT,https://libertyenergy.com,wikidata,https://libertyenergy.com/about/working-at-liberty/,2026-09-19
LCFY,https://www.locafy.com,sec filing,https://www.locafy.com/careers,2026-09-19
LCI.KA,http://www.luckycore.com,exchange profile,https://www.luckycore.com/en/our-people/join-us,2026-09-19
LCID,https://lucidmotors.com,wikidata,https://lucidmotors.com/careers,2026-09-19
LCII,,,,
LCLN,,,,
LCNB,https://www.lcnbcorp.com,sec filing,,2026-09-19
LCTC,https://www.lifeloc.com,sec filing,https://lifeloc.com/jobs,2026-09-19
LCTX,http://www.biotimeinc.com,wikidata,,2026-09-19
LCUT,https://www.lifetimebrands.com,sec filing,https://lifetimebrands.com/pages/careers-page,2026-09-19
LDA.MC,,,,
LDI,http://www.loandepot.com,wikidata,https://jobs.jobvite.com/loandepot,2026-09-19
LDO.MI,https://www.leonardo.com,wikidata,https://www.leonardo.com/en/careers,2026-09-19
LDOS,http://www.leidos.com,wikidata,https://careers.leidos.com/,2026-09-19
LE,https://www.landsend.com,wikidata,https://www.landsend.com/jobs/,2026-09-19
LEA,https://www.lear.com,wikidata,https://www.lear.com/careers,2026-09-19
LECO,http://www.lincolnelectric.com,wikidata,,2026-09-19
LEE,https://lee.net,wikidata,https://www.lee.net/careers/,2026-09-19
LEGH,https://www.legacyhousing.com,sec filing,https://www.indeed.com/cmp/Legacy-Housing-Corporation,2026-09-19
LEGN,http://www.legendbiotech.cn,wikidata,,2026-09-19
LEN,http://www.lennar.com,wikidata,,2026-09-19
LENZ,https://www.lenz-tx.com,sec filing,https://lenz-tx.com/careers,2026-09-19
LESL,https://www.lesliespool.com,sec filing,https://lesliespool.com/jobs.html,2026-09-19
LEU,https://www.centrusenergy.com,sec filing,https://www.centrusenergy.com/careers/,2026-09-19
LEVI,https://www.levi.com,wikidata,,2026-09-19
LEXX,https://www.lexariabioscience.com,sec filing,,2026-09-19
LFCR,https://www.lifecore.com,sec filing,https://www.lifecore.com/careers/,2026-09-19
LFMD,https://www.lifemd.com,sec filing,https://www.lifemd.com/careers,2026-09-19
LFST,https://www.lifestance.com,sec filing,,2026-09-19
LFTO,,,,
LFUS,http://www.littelfuse.com,wikidata,,2026-09-19
LFVN,https://www.lifevantage.com,wikidata,,2026-09-19
LFWD,,,,
LGCY,https://www.legacyed.com,sec filing,https://legacyed.com/careers/,2026-09-19
LGEN.L,https://www.legalandgeneralgroup.com,wikidata,,2026-09-19
LGIH,https://www.lgihomes.com,wikidata,https://workforlgihomes.com/,2026-09-19
LGL,https://www.lglgroup.com,sec filing,,2026-09-19
LGMK,https://www.logicmark.com,sec filing,,2026-09-19
LGN,,,,
LGND,https://www.ligand.com,sec filing,https://www.ligand.com/careers/,2026-09-19
LGO,https://www.largoinc.com,sec filing,https://www.largoinc.com/careers/,2026-09-19
LGT.MC,,,,
LGVN,https://www.longeveron.com,sec filing,https://longeveron.com/careers/,2026-09-19
LH,https://www.labcorp.com,wikidata,https://careers.labcorp.com/global/en,2026-09-19
LHAI,https://www.linkhome.com,sec filing,,2026-09-19
LHX,https://www.l3harris.com,wikidata,,2026-09-19
LIB.MC,https://libertas7.es,wikidata,,2026-09-19
LIDR,https://www.aeye.ai,sec filing,https://www.aeye.ai/careers/,2026-09-19
LIF,https://www.life360.com,sec filing,,2026-09-19
LIFD,https://www.lftdpartners.com,sec filing,,2026-09-19
LIFE,http://www.lifetechnologies.com,wikidata,https://jobs.thermofisher.com/global/en,2026-09-19
LIGHT.AS,https://www.signify.com,wikidata,https://www.signify.com/en-us/careers,2026-09-19
LII,https://www.lennox.com,wikidata,https://www.lennox.com/careers/,2026-09-19
LILA,https://www.lla.com,sec filing,https://careers.lla.com/,2026-09-19
LIME,,,,
LIN.PA,https://www.linedata.com,wikidata,,2026-09-19
LINC,http://www.lincolnedu.com,wikidata,https://www.lincolntech.edu/about/careers-at-lincoln-tech,2026-09-19
LIND,,,,
LINE,https://www.lineage.com,sec filing,,2026-09-19
LINK,https://www.interlinkelectronics.com,sec filing,https://www.interlinkelectronics.com/careers,2026-09-19
LIO.L,,,,
LITE,https://www.lumentum.com,wikidata,https://www.lumentum.com/en/careers,2026-09-19
LITS,https://www.litestrategy.com,sec filing,,2026-09-19
LIVE,https://www.liveventures.com,sec filing,,2026-09-19
LIVE.L,,,,
LKFN,https://www.lakeland.com,sec filing,,2026-09-19
LKQ,https://www.lkqcorp.com,wikidata,https://lkqcorp.com/careers/,2026-09-19
LLOY.L,https://lloydsbankinggroup.com,wikidata,,2026-09-19
LLY,https://www.lilly.com,wikidata,,2026-09-19
LLYVA,https://www.libertyliveholdings.com,sec filing,,2026-09-19
LMAT,https://www.lemaitre.com,sec filing,https://www.lemaitre.com/careers,2026-09-19
LMB,https://www.limbachinc.com,wikidata,https://limb1.rec.pro.ukg.net/LIM1001LFSL/JobBoard/fa52cb8c-3f3f-4443-8047-536b603da5fd/?,2026-09-19
LMND,https://www.lemonade.com,wikidata,,2026-09-19
LMNR,https://www.limoneira.com,sec filing,,2026-09-19
LMRI,https://www.lumexaimaging.com,sec filing,https://www.lumexaimaging.com/careers/,2026-09-19
LMT,https://lockheedmartin.com,wikidata,https://lockheedmartin.com/en-us/careers/index.html,2026-09-19
LNA.PA,https://www.lna-sante.com,wikidata,,2026-09-19
LNAI,,,,
LNC,https://www.lincolnfinancial.com,wikidata,https://www.lincolnfinancial.com/public/aboutus/careers,2026-09-19
LNG,http://www.cheniere.com,wikidata,https://www.cheniere.com/careers,2026-09-19
LNN,http://www.lindsay.com,wikidata,https://www.lindsay.com/usca/en/about/careers,2026-09-19
LNSR,https://www.lensar.com,sec filing,https://lensar.com/careers/,2026-09-19
LNT,https://www.alliantenergy.com,wikidata,https://www.alliantenergy.com/careers,2026-09-19
LNTH,https://www.lantheus.com,sec filing,https://www.lantheus.com/careers/,2026-09-19
LNZA,https://www.lanzatech.com,sec filing,https://lanzatech.com/careers/,2026-09-19
LOADS.KA,http://www.loads-group.pk,exchange profile,,2026-09-19
LOAN,https://www.manhattanbridgecapital.com,sec filing,,2026-09-19
LOAR,https://www.loargroup.com,sec filing,,2026-09-19
LOB,https://www.liveoak.bank,sec filing,https://www.liveoak.bank/careers/,2026-09-19
LOCAL.PA,,,,
LOCL,https://www.localbounti.com,sec filing,https://j.brt.mv/ax.do?refresh=true&portalGK=40256,2026-09-19
LOCO,http://elpolloloco.com,wikidata,https://www.elpolloloco.com/careers/,2026-09-19
LODE,https://www.comstock.inc,sec filing,,2026-09-19
LOG.MC,http://www.grupologista.com,wikidata,https://www.logista.com/en/home/join-us.html,2026-09-19
LOGI,https://www.logitech.com,wikidata,https://www.logitech.com/en-us/careers,2026-09-19
LOOP,https://www.loopnet.com,wikidata,,2026-09-19
LOPE,https://www.gce.com,wikidata,https://www.gce.com/careers.html,2026-09-19
LOTCHEM.KA,http://www.lotte-ppta.com,exchange profile,,2026-09-19
LOVE,https://www.lovesac.com,wikidata,https://www.lovesac.com/lovesac-careers,2026-09-19
LOW,http://lowes.com,wikidata,,2026-09-19
LPE.PA,,,,
LPG,https://www.dorianlpg.com,sec filing,,2026-09-19
LPLA,https://www.lpl.com,wikidata,,2026-09-19
LPSN,http://www.liveperson.com,wikidata,https://www.liveperson.com/careers/,2026-09-19
LPTH,https://www.lightpath.com,sec filing,https://www.lightpath.com/careers,2026-09-19
LPX,http://lpcorp.com,wikidata,https://www.lpcorp.com/jobs,2026-09-19
LQDA,https://www.liquidia.com,wikidata,,2026-09-19
LQDT,https://www.liquidityservices.com,sec filing,https://liquidityservices.com/careers,2026-09-19
LR.PA,https://www.legrandgroup.com,wikidata,https://www.legrand.com/en/working-at-legrand,2026-09-19
LRCX,https://www.lamresearch.com,wikidata,https://careers.lamresearch.com/careers,2026-09-19
LRHC,https://larosaholdings.com,wikidata,,2026-09-19
LRN,http://www.k12.com,wikidata,https://stridelearning.com/careers/,2026-09-19
LSBK,,,,
LSCC,https://www.latticesemi.com,wikidata,https://careers-latticesemi.icims.com/jobs/intro?hashed=-625919477&mobile=false&width=1378&height=500&bga=true&needsRedirect=false&jan1offset=-480&jun1offset=-420,2026-09-19
LSEG.L,https://lseg.com,wikidata,https://www.lseg.com/en/careers,2026-09-19
LSF,https://www.lairdsuperfood.com,sec filing,,2026-09-19
LSL.L,,,,
LSPD,https://www.lightspeedhq.com,wikidata,https://www.lightspeedhq.com/careers/,2026-09-19
LSTA,http://www.caladrius.com,wikidata,,2026-09-19
LSTR,https://www.landstar.com,wikidata,https://www.landstar.com/corporate-information/careers/,2026-09-19
LTBR,https://www.ltbridge.com,sec filing,https://www.ltbridge.com/about/careers,2026-09-19
LTC,https://www.ltcreit.com,sec filing,,2026-09-19
LTCH,,,,
LTH,https://www.lifetime.life,wikidata,https://careers.lifetime.life/,2026-09-19
LTRX,https://www.lantronix.com,sec filing,https://www.lantronix.com/about-us/careers/,2026-09-19
LTSV,https://www.lightstonecapitalmarkets.com,sec filing,,2026-09-19
LUCD,https://www.luciddx.com,sec filing,https://www.luciddx.com/company/careers,2026-09-19
LUCE.L,,,,
LUCK,https://www.bowlero.com,wikidata,https://careers.luckystrikeent.com/,2026-09-19
LUCK.KA,http://www.lucky-cement.com,exchange profile,https://lucky-cement.com/en/careers,2026-09-19
LUCYW,,,,
LULU,https://shop.lululemon.com,wikidata,,2026-09-19
LUMN,https://www.lumen.com,wikidata,https://jobs.lumen.com/global/en/,2026-09-19
LUNG,https://www.pulmonx.com,sec filing,https://pulmonx.com/careers/,2026-09-19
LUNR,https://www.intuitivemachines.com,wikidata,,2026-09-19
LUV,https://www.southwest.com,wikidata,https://careers.southwestair.com/us/en/,2026-09-19
LUVE.MI,,,,
LUVU,https://www.luvubrands.com,sec filing,,2026-09-19
LVLU,https://www.lulus.com,sec filing,,2026-09-19
LVO,https://www.liveone.com,sec filing,https://www.liveone.com/careers,2026-09-19
LVRLF,,,,
LVS,http://www.lasvegassands.com,wikidata,,2026-09-19
LVWR,https://www.livewire.com,wikidata,https://workforcenow.adp.com/mascsr/default/mdf/recruitment/recruitment.html?cid=38c81de5-382a-459c-84b5-012cc108fdd5&ccId=19000101_000001&type=JS&lang=en_US,2026-09-19
LW,http://www.lambweston.com,wikidata,https://careers.lambweston.com/,2026-09-19
LWAY,http://www.lifewaykefir.com,wikidata,https://lifewaykefir.com/careers/,2026-09-19
LWLG,https://www.lightwavelogic.com,sec filing,https://www.lightwavelogic.com/careers,2026-09-19
LXP,https://www.lxp.com,sec filing,https://www.lxp.com/careers/,2026-09-19
LXRX,http://www.lexpharma.com,wikidata,https://www.lexpharma.com/careers,2026-09-19
LXU,https://www.lsbindustries.com,sec filing,https://lsbindustries.com/careers/,2026-09-19
LYB,https://www.lyondellbasell.com,wikidata,https://www.lyondellbasell.com/en/careers/,2026-09-19
LYEL,https://www.lyell.com,sec filing,https://www.lyell.com/careers/,2026-09-19
LYFT,https://www.lyft.com,wikidata,https://www.lyft.com/careers,2026-09-19
LYTS,,,,
LYV,https://www.livenationentertainment.com,wikidata,https://www.livenationentertainment.com/careers,2026-09-19
LZ,https://www.legalzoom.com,wikidata,https://www.legalzoom.com/careers,2026-09-19
LZB,https://www.la-z-boy.com,wikidata,,2026-09-19
M,https://macysinc.com,wikidata,,2026-09-19
MA,https://www.mastercard.com,wikidata,,2026-09-19
MAA,http://www.maac.com,wikidata,https://careers.maac.com/,2026-09-19
MAB.L,https://www.mbplc.com,wikidata,,2026-09-19
MAC,https://www.macerich.com,wikidata,https://www.macerich.com/careers,2026-09-19
MACF.L,,,,
MACFL.KA,http://www.macpacfilms.com,exchange profile,,2026-09-19
MAGN,https://www.glatfelter.com,wikidata,https://magnera.com/careers/,2026-09-19
MAIA,https://www.maiabiotech.com,sec filing,https://maiabiotech.com/about/careers/,2026-09-19
MAIR,,,,
MAIRE.MI,,,,
MAMA,https://www.mama.vote,sec filing,https://www.equitystock.com/careers,2026-09-19
MAMO,https://www.massimomotor.com,sec filing,https://massimomotor.com/pages/careers,2026-09-19
MAN,https://www.manpowergroup.com,wikidata,,2026-09-19
MANH,https://www.manh.com,wikidata,https://www.manh.com/about-us/careers,2026-09-19
MAPS,,,,
MAR,https://www.marriott.com,wikidata,,2026-09-19
MARA,https://www.mara.com,wikidata,,2026-09-19
MARI.KA,http://www.marienergies.com.pk,exchange profile,,2026-09-19
MARS.L,https://www.marstons.co.uk,wikidata,https://www.marstonscareers.co.uk/run-a-pub/,2026-09-19
MAS,http://www.masco.com,wikidata,https://jobs.masco.com/us/en,2026-09-19
MASS,https://908devices.com,wikidata,,2026-09-19
MAT,https://www.mattel.com,wikidata,,2026-09-19
MATV,https://www.mativ.com,sec filing,https://mativ.com/careers/,2026-09-19
MATW,https://www.matw.com,wikidata,https://www.matw.com/careers,2026-09-19
MATX,http://www.matson.com,wikidata,https://www.matson.com/corporate/careers.html,2026-09-19
MAX,https://www.mediaalpha.com,sec filing,https://mediaalpha.com/careers/,2026-09-19
MAYS,,,,
MAZE,https://www.mazetx.com,sec filing,https://mazetx.com/careers/,2026-09-19
MB.MI,https://www.mediobanca.com,wikidata,https://www.mediobanca.com/en/work-with-us.html,2026-09-19
MBBC,https://www.marathonbank.com,sec filing,https://www.marathonbank.com/careers/,2026-09-19
MBC,https://www.masterbrand.com,sec filing,,2026-09-19
MBGL,,,,
MBI,http://www.mbia.com,wikidata,,2026-09-19
MBIN,https://www.merchantsbankofindiana.com,sec filing,https://bankmerchants.com/careers/,2026-09-19
MBOT,https://www.microbotmedical.com,sec filing,https://www.microbotmedical.com/careers,2026-09-19
MBRX,https://www.moleculin.com,sec filing,,2026-09-19
MBUU,https://malibuboatsinc.com,wikidata,,2026-09-19
MBWM,,,,
MBWS.PA,http://www.belvedere.fr,wikidata,,2026-09-19
MCB,https://www.mcbankny.com,sec filing,,2026-09-19
MCB.KA,http://www.mcb.com.pk,exchange profile,https://www.mcb.com.pk/careers,2026-09-19
MCB.L,http://www.mcbride.co.uk,wikidata,https://www.mcbride.co.uk/job-applicant-privacy/,2026-09-19
MCD,https://www.mcdonalds.com,wikidata,,2026-09-19
MCFT,https://www.mastercraft.com,sec filing,,2026-09-19
MCG.L,https://www.mobicogroup.com,wikidata,,2026-09-19
MCHB,https://www.mechanicsbank.com,sec filing,https://www.mechanicsbank.com/about-us/careers/joining-mechanics-bank/,2026-09-19
MCHP,https://www.microchip.com,wikidata,,2026-09-19
MCHX,https://www.marchex.com,wikidata,https://www.marchex.com/careers/,2026-09-19
MCK,https://www.mckesson.com,wikidata,https://careers.mckesson.com/en,2026-09-19
MCM.MC,,,,
MCO,https://www.moodys.com,wikidata,https://careers.moodys.com/,2026-09-19
MCRB,https://www.serestherapeutics.com,sec filing,https://www.serestherapeutics.com/open-positions/,2026-09-19
MCRI,https://www.atlantiscasino.com,wikidata,https://jobs.atlantiscasino.com/,2026-09-19
MCS,http://www.marcuscorp.com,wikidata,,2026-09-19
MCUJF,https://www.medicure.com,sec filing,https://www.medicure.com/careers,2026-09-19
MCY,http://www.mercuryinsurance.com,wikidata,https://www.mercuryinsurance.com/about/careers-jobs/,2026-09-19
MD,https://www.pediatrix.com,wikidata,https://www.joinpediatrix.com/,2026-09-19
MDAI,https://www.spectral-ai.com,sec filing,https://www.spectral-ai.com/about/careers/,2026-09-19
MDB,https://www.mongodb.com,wikidata,https://www.mongodb.com/company/careers,2026-09-19
MDF.MC,https://www.durofelguera.com,wikidata,,2026-09-19
MDIA,https://www.mediacoholding.com,sec filing,,2026-09-19
MDLN,https://www.medline.com,sec filing,,2026-09-19
MDLZ,https://www.mondelezinternational.com,wikidata,https://www.mondelezinternational.com/careers/jobs/,2026-09-19
MDM.PA,https://www.maisonsdumonde.com,wikidata,,2026-09-19
MDRR,https://www.medalistdst.com,sec filing,,2026-09-19
MDU,https://www.mdu.com,wikidata,https://www.mdu.com/careers/,2026-09-19
MDXG,https://www.mimedx.com,sec filing,https://www.mimedx.com/careers/,2026-09-19
MEBL.KA,http://www.meezanbank.com,exchange profile,,2026-09-19
MEC,https://www.mecinc.com,sec filing,https://www.mecinc.com/our-company/careers/,2026-09-19
MED,https://www.medifast1.com,wikidata,,2026-09-19
MEDCL.PA,,,,
MEDP,http://www.medpace.com,wikidata,https://www.medpace.com/careers/,2026-09-19
MEDS,,,,
MEGP.L,,,,
MEHA,https://www.functionalbrandsinc.com,sec filing,,2026-09-19
MEHT.KA,http://www.mahmoodtextile.com,exchange profile,,2026-09-19
MEI,https://methode.com,wikidata,https://www.methode.com/careers/,2026-09-19
MER.L,https://www.mearsgroup.co.uk,wikidata,https://www.mearsgroup.co.uk/careers/,2026-09-19
MERC,https://www.mercer.com,wikidata,https://careers.marsh.com/global/en,2026-09-19
MERIT.KA,http://www.meritpack.com,exchange profile,,2026-09-19
MESO,http://www.mesoblast.com,wikidata,,2026-09-19
MET,https://www.metlife.com,wikidata,https://www.metlifecareers.com/en_US/ml,2026-09-19
MET.MI,,,,
META,https://www.meta.com,wikidata,,2026-09-19
METC,https://www.ramacoresources.com,sec filing,,2026-09-19
MF.PA,https://www.wendelgroup.com,wikidata,,2026-09-19
MFC,https://www.manulife.ca,wikidata,,2026-09-19
MFFL.KA,http://www.mitchells.com.pk,exchange profile,https://www.mitchells.com.pk/people/jobs,2026-09-19
MFIN,https://www.medallion.com,sec filing,,2026-09-19
MFL.KA,http://www.matcofoods.com,exchange profile,https://www.matcofoods.com/careers,2026-09-19
MFP,,,,
MG,https://www.magna.com,wikidata,https://www.magna.com/careers,2026-09-19
MGA,https://www.magna.com,wikidata,https://www.magna.com/careers,2026-09-19
MGAM.L,,,,
MGLD,,,,
MGM,http://www.mgmresorts.com,wikidata,,2026-09-19
MGNI,https://www.magnite.com,wikidata,https://www.magnite.com/careers/,2026-09-19
MGNS.L,,,,
MGNX,https://www.macrogenics.com,sec filing,https://www.macrogenics.com/careers-at-macrogenics/,2026-09-19
MGPI,https://www.mgpingredients.com,sec filing,https://www.mgpingredients.com/about-mgp/careers/job-faqs.html,2026-09-19
MGRC,https://www.mgrc.com,sec filing,https://www.mgrc.com/careers,2026-09-19
MGRX,https://www.mangoceuticals.com,sec filing,,2026-09-19
MGTE,https://www.marblegatecapitalcorp.com,sec filing,,2026-09-19
MGTX,https://www.meiragtx.com,sec filing,https://meiragtx.com/join-our-team/,2026-09-19
MGX,https://www.metagenomi.co,sec filing,,2026-09-19
MGY,https://www.magnoliaoilgas.com,sec filing,https://www.magnoliaoilgas.com/careers,2026-09-19
MGYR,,,,
MH,,,,
MHH,https://www.mastechdigital.com,sec filing,https://mastechdigital.com/life-at-mastech/,2026-09-19
MHK,https://www.mohawkind.com,wikidata,https://careers.mohawkind.com/,2026-09-19
MHO,http://www.mihomes.com,wikidata,,2026-09-19
MIAX,https://www.miaxglobal.com,sec filing,https://www.miaxglobal.com/company/about/careers,2026-09-19
MICC.AS,,,,
MIDD,http://www.middleby.com,wikidata,https://www.middleby.com/careers/,2026-09-19
MIND,https://www.mind-technology.com,sec filing,https://mind-technology.com/about/employment/,2026-09-19
MIR,https://www.mirion.com,wikidata,,2026-09-19
MIRM,https://mirumpharma.com,wikidata,https://mirumpharma.com/careers/,2026-09-19
MIST,https://www.milestonepharma.com,sec filing,https://milestonepharma.com/about-us/careers/,2026-09-19
MITK,https://www.miteksystems.com,sec filing,https://www.miteksystems.com/careers,2026-09-19
MITQ,https://www.movingimagetech.com,sec filing,,2026-09-19
MKC,http://www.mccormickcorporation.com,wikidata,https://careers.mccormick.com/,2026-09-19
MKL,http://www.markelcorp.com,wikidata,https://www.markel.com/about-us/careers,2026-09-19
MKS.L,https://marksandspencer.com,wikidata,https://careers.marksandspencer.com/,2026-09-19
MKSI,,,,
MKTW,https://www.marketwise.com,sec filing,https://marketwise.com/careers/,2026-09-19
MKTX,http://www.marketaxess.com,wikidata,,2026-09-19
MKZR,https://www.mackenzierealty.com,sec filing,,2026-09-19
ML.PA,https://www.michelin.com,wikidata,https://www.michelin.com/en/expertise/talents,2026-09-19
MLAB,https://www.mesalabs.com,sec filing,https://mesalabs.com/careers,2026-09-19
MLCF.KA,http://www.kmlg.com,exchange profile,,2026-09-19
MLCI,https://www.mountlogan.com,sec filing,,2026-09-19
MLGO,,,,
MLI,https://www.muellerindustries.com,wikidata,https://www.muellerindustries.com/careers,2026-09-19
MLKN,https://www.hermanmiller.com,wikidata,https://www.millerknoll.com/about/careers,2026-09-19
MLM,https://www.martinmarietta.com,wikidata,https://jobs.jobvite.com/martinmarietta,2026-09-19
MLP,https://www.mauiland.com,wikidata,https://www.mauiland.com/about-8,2026-09-19
MLR,https://www.millerind.com,wikidata,,2026-09-19
MLSS,https://www.milestonescientific.com,sec filing,,2026-09-19
MMA,https://www.mma.inc,sec filing,,2026-09-19
MMB.PA,https://www.lagardere.com,wikidata,,2026-09-19
MMED,https://www.minimed.com,sec filing,https://www.minimed.com/en-us/careers,2026-09-19
MMI,http://www.marcusmillichap.com,wikidata,https://www.marcusmillichap.com/careers,2026-09-19
MMLP,https://www.martinmidstream.com,sec filing,http://themartincompanies.com/careers/,2026-09-19
MMM,https://www.3m.com,wikidata,,2026-09-19
MMS,https://www.maximus.com,wikidata,https://maximus.avature.net/careers/USHome,2026-09-19
MMSI,https://www.merit.com,sec filing,https://merit.wd503.myworkdayjobs.com/Merit,2026-09-19
MMT.PA,https://www.groupem6.fr,wikidata,,2026-09-19
MN.MI,https://www.mondadori.it,wikidata,,2026-09-19
MNDI.L,http://www.mondigroup.com,wikidata,https://www.mondigroup.com/careers/,2026-09-19
MNG.L,http://www.mandg.co.uk,wikidata,https://www.mandg.com/careers,2026-09-19
MNKD,https://mannkindcorp.com,wikidata,https://mannkindcorp.com/careers/,2026-09-19
MNOV,https://www.medicinova.com,sec filing,,2026-09-19
MNPR,https://www.monopartx.com,wikidata,https://www.monopartx.com/careers,2026-09-19
MNR,,,,
MNRO,https://www.monro.com,wikidata,https://corporate.monro.com/careers/default.aspx,2026-09-19
MNSB,,,,
MNST,http://www.monsterbevcorp.com,wikidata,,2026-09-19
MNTK,https://www.montaukrenewables.com,sec filing,https://montaukrenewables.com/careers/,2026-09-19
MNTN,,,,
MNTS,https://momentus.space,wikidata,https://boards.greenhouse.io/momentus,2026-09-19
MO,http://www.altria.com,wikidata,https://www.altria.com/people-and-careers/careers?src=topnav,2026-09-19
MOB,https://www.mobilicom.com,sec filing,https://mobilicom.com/careers/,2026-09-19
MOBI,,,,
MOBX,https://www.mobixlabs.com,sec filing,https://www.mobixlabs.com/resources/careers-opportunities,2026-09-19
MOD,https://www.modine.com,sec filing,https://careers.modine.com/,2026-09-19
MODE.L,,,,
MOG-A,https://www.moog.com,wikidata,https://www.moog.com/careers.html,2026-09-19
MOH,http://molinahealthcare.com,wikidata,,2026-09-19
MOL.MI,,,,
MON.MI,http://www.monrifgroup.net,wikidata,,2026-09-19
MONC.MI,https://www.moncler.com,wikidata,,2026-09-19
MONY.L,https://www.moneysupermarket.com,wikidata,,2026-09-19
MOON.L,,,,
MORN,https://www.morningstar.com,wikidata,,2026-09-19
MOS,http://www.mosaicco.com,wikidata,https://mosaicco.com/Careers,2026-09-19
MOTR.L,https://www.motorpoint.co.uk,wikidata,https://careers.motorpoint.co.uk/,2026-09-19
MOV,https://www.movado.com,wikidata,https://movadogroup.wd1.myworkdayjobs.com/Careers,2026-09-19
MOVE,https://www.corvex.ai,sec filing,,2026-09-19
MP,http://mpmaterials.com,wikidata,https://mpmaterials.com/careers/,2026-09-19
MPAA,https://www.motorcarparts.com,sec filing,https://motorcarparts.com/careers-2/,2026-09-19
MPB,,,,
MPC,https://www.marathonpetroleum.com,wikidata,,2026-09-19
MPD.MC,,,,
MPLX,https://www.mplx.com,sec filing,,2026-09-19
MPT,https://www.mpt.com,sec filing,https://www.mpt.com/careers,2026-09-19
MPTI,https://www.mtron.com,sec filing,https://mtron.com/career/,2026-09-19
MPWR,http://www.monolithicpower.com,wikidata,,2026-09-19
MQ,https://www.marqeta.com,wikidata,https://www.marqeta.com/company/careers,2026-09-19
MQTM.KA,http://www.maqboolgroup.com,exchange profile,,2026-09-19
MRAI,https://www.marpaihealth.com,sec filing,https://www.marpaihealth.com/careers/,2026-09-19
MRAM,http://www.everspin.com,wikidata,,2026-09-19
MRBK,https://www.meridianbanker.com,sec filing,https://careers.meridianbanker.com/,2026-09-19
MRCY,https://mrcy.com,wikidata,https://www.mrcy.com/careers,2026-09-19
MRDN,https://www.meridian-holdings.com,sec filing,,2026-09-19
MRK,https://www.msd.no,wikidata,https://jobs.msd.com/nordics,2026-09-19
MRKR,https://www.markertherapeutics.com,sec filing,https://markertherapeutics.com/our-company/careers/,2026-09-19
MRL.MC,http://www.merlinproperties.com,wikidata,,2026-09-19
MRLN,,,,
MRMD,https://www.marimedinc.com,sec filing,https://www.marimedinc.com/careers,2026-09-19
MRN.PA,http://www.mersen.com,wikidata,https://us.mersen.com/en/careers,2026-09-19
MRNA,https://www.modernatx.com,wikidata,https://www.modernatx.com/careers/life-at-moderna#fraudulent-job-offer,2026-09-19
MRNS.KA,http://www.mehransugar.com,exchange profile,,2026-09-19
MRO.L,http://www.melroseplc.net,wikidata,,2026-09-19
MRP,https://www.millroseproperties.com,sec filing,,2026-09-19
MRSH,http://www.mmc.com,wikidata,https://careers.marsh.com/,2026-09-19
MRTN,https://www.marten.com,wikidata,https://www.marten.com/careers/,2026-09-19
MRVI,https://www.maravai.com,wikidata,https://www.maravai.com/careers/,2026-09-19
MRVL,https://www.marvell.com,wikidata,,2026-09-19
MS,https://morganstanley.com,wikidata,,2026-09-19
MSA,http://www.msasafety.com,wikidata,,2026-09-19
MSAI,https://www.multisensorai.com,sec filing,https://www.multisensorai.com/about/careers,2026-09-19
MSB,https://www.mesabi-trust.com,sec filing,,2026-09-19
MSBB,https://www.mercersavings.com,sec filing,,2026-09-19
MSCI,https://www.msci.com,wikidata,https://www.msci.com/careers-at-msci,2026-09-19
MSEX,http://www.middlesexwater.com,wikidata,https://www.middlesexwater.com/careers/,2026-09-19
MSFT,https://www.microsoft.com,wikidata,https://careers.microsoft.com/,2026-09-19
MSGE,https://www.msgentertainment.com,sec filing,https://www.msgentertainment.com/careers/,2026-09-19
MSGM,,,,
MSGS,https://www.msgsports.com,sec filing,https://www.msgsports.com/careers/,2026-09-19
MSI,http://www.motorola.com,wikidata,,2026-09-19
MSLH.L,http://www.marshalls.co.uk,wikidata,https://www.marshalls.co.uk/careers,2026-09-19
MSM,https://www.mscdirect.com,wikidata,,2026-09-19
MSN,https://www.emersonradio.com,sec filing,,2026-09-19
MSS,https://www.maisonsolutionsinc.com,sec filing,,2026-09-19
MSTR,https://www.microstrategy.com,wikidata,,2026-09-19
MTA,https://www.metallaroyalty.com,sec filing,,2026-09-19
MTB,https://www3.mtb.com,wikidata,https://www.mtb.com/careers,2026-09-19
MTB.MC,,,,
MTCH,http://mtch.com,wikidata,https://mtch.com/careers/,2026-09-19
MTD,http://www.mt.com,wikidata,,2026-09-19
MTDR,https://www.matadorresources.com,sec filing,,2026-09-19
MTEX,https://www.mannatech.com,wikidata,,2026-09-19
MTG,http://www.mgic.com,wikidata,https://www.mgic.com/careers,2026-09-19
MTLN.L,,,,
MTN,http://www.vailresorts.com,wikidata,https://jobs.vailresortscareers.com/,2026-09-19
MTO.L,,,,
MTRN,https://materion.com,wikidata,https://www.materion.com/en/careers,2026-09-19
MTRO.L,,,,
MTRX,https://www.matrixservicecompany.com,sec filing,,2026-09-19
MTSI,https://www.macom.com,wikidata,https://www.macom.com/about-macom/careers,2026-09-19
MTU.PA,https://www.manitou-group.com,wikidata,,2026-09-19
MTUS,https://www.metallus.com,sec filing,https://metallus.com/careers/,2026-09-19
MTV.MI,,,,
MTVW.L,,,,
MTW,http://www.manitowoc.com,wikidata,https://www.manitowoc.com/careers,2026-09-19
MTX,https://www.mineralstech.com,sec filing,,2026-09-19
MTZ,http://www.mastec.com,wikidata,https://www.mastec.com/careers.html,2026-09-19
MU,https://micron.cn,wikidata,,2026-09-19
MUGHAL.KA,http://www.mughalsteel.com,exchange profile,,2026-09-19
MUR,http://www.murphyoilcorp.com,wikidata,https://career8.successfactors.com/career?company=MurphyOil,2026-09-19
MUSA,https://www.murphyusa.com,wikidata,https://jobs.murphyusa.com/,2026-09-19
MVBF,,,,
MVC.MC,https://www.metrovacesa.com,wikidata,,2026-09-19
MVIS,http://www.microvision.com,wikidata,https://microvision.com/about/careers,2026-09-19
MVST,https://www.microvast.com,sec filing,,2026-09-19
MWA,http://www.muellerwaterproducts.com,wikidata,https://www.muellerwaterproducts.com/careers,2026-09-19
MWH,https://www.solvenergy.com,sec filing,https://www.solvenergy.com/careers,2026-09-19
MWYN,https://www.marwynnholdings.com,sec filing,,2026-09-19
MXC,https://www.mexcoenergy.com,sec filing,,2026-09-19
MXCT,https://maxcyte.com,wikidata,https://maxcyte.com/careers/,2026-09-19
MXL,http://www.maxlinear.com,wikidata,https://careersus-maxlinear.icims.com/jobs/search?ss=1,2026-09-19
MYE,https://www.myersindustries.com,sec filing,https://myersindcareers.com/,2026-09-19
MYFW,https://www.myfw.com,sec filing,https://myfw.com/careers/,2026-09-19
MYGN,https://myriad.com,wikidata,https://myriad.com/careers/,2026-09-19
MYND,http://www.rybbaby.com,wikidata,,2026-09-19
MYO,https://www.myomo.com,sec filing,https://careers.myomo.com/,2026-09-19
MYPS,https://www.playstudios.com,sec filing,https://www.playstudios.com/careers/,2026-09-19
MYRG,https://www.myrgroup.com,sec filing,https://careers.myrgroup.com/,2026-09-19
MYSE,https://www.myseum.com,sec filing,,2026-09-19
MZTI,http://www.marzetti.com,wikidata,https://careers.marzetticompany.com/,2026-09-19
N91.L,https://ninetyone.com,wikidata,,2026-09-19
NABL,https://www.n-able.com,sec filing,,2026-09-19
NACON.PA,https://bigben-group.com,wikidata,https://bigben-group.com/jobs-and-internships/,2026-09-19
NAGC.KA,http://www.nagina.com,exchange profile,https://nagina.com/career/,2026-09-19
NAGE,https://www.niagenbioscience.com,sec filing,https://jobs.lever.co/niagenbioscience,2026-09-19
NAII,https://www.nai-online.com,wikidata,,2026-09-19
NAKA,https://www.nakamoto.com,sec filing,,2026-09-19
NANO.PA,http://nanobiotix.com,wikidata,https://nanobiotix.com/careers/,2026-09-19
NATF.KA,http://www.nfoods.com,exchange profile,,2026-09-19
NATH,http://www.nathansfamous.com,wikidata,,2026-09-19
NATL,https://www.ncratleos.com,sec filing,https://www.ncratleos.com/careers,2026-09-19
NATR,https://www.naturessunshine.com,wikidata,https://www.naturessunshine.com/careers,2026-09-19
NAUT,https://www.nautilus.bio,sec filing,https://www.nautilus.bio/careers/,2026-09-19
NAVI,https://www.navient.com,wikidata,https://www.navient.com/careers,2026-09-19
NAVN,https://navan.com,wikidata,https://navan.com/careers,2026-09-19
NBBK,https://www.nbbancorp.com,sec filing,,2026-09-19
NBHC,https://www.nationalbankholdings.com,sec filing,,2026-09-19
NBIX,http://www.neurocrine.com,wikidata,https://www.neurocrine.com/work-with-us/,2026-09-19
NBTB,http://www.nbtbank.com,wikidata,,2026-09-19
NC,http://www.nacco.com,wikidata,https://nacco.com/careers,2026-09-19
NCC.L,https://www.nccgroup.trust,wikidata,,2026-09-19
NCL,https://www.northann.com,sec filing,https://www.northann.com/jobs,2026-09-19
NCL.KA,http://www.nishat.net,exchange profile,https://careers.nishat.net/,2026-09-19
NCLH,https://www.nclhltd.com,sec filing,,2026-09-19
NCMI,http://www.nationalcinemedia.com,wikidata,https://www.ncm.com/about-ncm,2026-09-19
NCNO,https://www.ncino.com,sec filing,,2026-09-19
NCPL,https://www.netcapitalinc.com,sec filing,,2026-09-19
NCPL.KA,http://www.ncpower.com.pk,exchange profile,,2026-09-19
NCRA,https://www.nocera.company,sec filing,,2026-09-19
NDAQ,http://business.nasdaq.com,wikidata,,2026-09-19
NDLS,https://www.noodles.com,wikidata,https://www.noodles.com/careers,2026-09-19
NDSN,http://www.nordson.com,wikidata,,2026-09-19
NDT.MI,,,,
NE,http://www.noblecorp.com,wikidata,https://noblecorp.com/our-people/careers/,2026-09-19
NEA.MC,https://www.nicolascorrea.com,wikidata,https://www.nicolascorrea.com/en/work-with-us,2026-09-19
NECB,https://www.necb.com,sec filing,,2026-09-19
NEDAP.AS,http://www.nedap.com,wikidata,https://www.nedap.com/en/careers,2026-09-19
NEE,http://www.nexteraenergy.com,wikidata,https://www.nexteraenergy.com/careers/join-our-team.html,2026-09-19
NEGG,https://www.newegg.com,wikidata,https://newegg.com/careers,2026-09-19
NEM,http://www.newmont.com,wikidata,,2026-09-19
NEN,,,,
NEO,http://neogenomics.com,wikidata,https://jobs.jobvite.com/neogenomics,2026-09-19
NEOG,http://www.neogen.com,wikidata,,2026-09-19
NEOV,https://www.neovolta.com,sec filing,,2026-09-19
NEPH,https://www.nephros.com,sec filing,https://www.nephros.com/about/careers/,2026-09-19
NERV,http://www.minervaneurosciences.com,wikidata,,2026-09-19
NESR,https://www.nesr.com,sec filing,https://www.nesr.com/careers.html,2026-09-19
NESTLE.KA,http://www.nestle.pk,exchange profile,,2026-09-19
NET,https://www.cloudflare.com,wikidata,https://www.cloudflare.com/careers/,2026-09-19
NEU,http://www.newmarket.com,wikidata,https://www.newmarket.com/careers/,2026-09-19
NEUP,https://www.neuphoriatx.com,sec filing,,2026-09-19
NEX.PA,https://www.nexans.com,wikidata,https://www.nexans.com/careers/,2026-09-19
NEXI.MI,,,,
NEXT,https://www.next-decade.com,sec filing,https://www.next-decade.com/careers/,2026-09-19
NEXT.KA,http://www.nextcapital.com.pk,exchange profile,https://www.nextcapital.com.pk/careers,2026-09-19
NFE,https://www.newfortressenergy.com,wikidata,https://www.newfortressenergy.com/careers,2026-09-19
NFG,http://www.nationalfuelgas.com,wikidata,https://www.nationalfuel.com/corporate/careers/,2026-09-19
NFGC,https://www.newfoundgold.ca,sec filing,https://newfoundgold.ca/contact/careers-opportunities/,2026-09-19
NFLX,https://www.netflix.net,wikidata,,2026-09-19
NG,http://novagold.com,wikidata,,2026-09-19
NG.L,,,,
NGL,https://www.nglenergypartners.com,sec filing,https://www.nglenergypartners.com/careers-2/,2026-09-19
NGNE,https://www.neurogene.com,sec filing,https://www.neurogene.com/careers/,2026-09-19
NGS,https://www.ngsgi.com,sec filing,https://ngsgi.com/careers.php,2026-09-19
NGVC,https://www.naturalgrocers.com,wikidata,https://www.naturalgrocers.com/our-careers,2026-09-19
NGVT,https://www.ingevity.com,sec filing,,2026-09-19
NHC,https://www.nhccare.com,sec filing,https://nhccare.com/careers/,2026-09-19
NHI,https://www.nhireit.com,sec filing,,2026-09-19
NHP,https://www.nhpreit.com,sec filing,https://nhpreit.com/about/careers/,2026-09-19
NHTC,https://www.naturalhealthtrendscorp.com,sec filing,,2026-09-19
NI,http://www.nisource.com,wikidata,https://www.nisource.com/careers,2026-09-19
NIC,https://www.nicoletbank.com,wikidata,https://www.nicoletbank.com/careers,2026-09-19
NICE,https://www.nice.com,wikidata,https://www.nice.com/careers,2026-09-19
NINE,https://www.nineenergyservice.com,sec filing,https://www.nineenergyservice.com/careers,2026-09-19
NIQ,,,,
NIXX,https://www.nixxy.com,sec filing,,2026-09-19
NJR,http://www.njresources.com,wikidata,https://www.njresources.com/about/careers/index.aspx,2026-09-19
NK.PA,http://www.imerys.com,wikidata,,2026-09-19
NKE,https://www.nike.com,wikidata,https://jobs.nike.com/,2026-09-19
NKSH,https://www.nationalbankshares.com,sec filing,,2026-09-19
NKTR,http://www.nektar.com,wikidata,https://www.nektar.com/careers/,2026-09-19
NKTX,https://www.nkartatx.com,wikidata,https://www.nkartatx.com/careers/,2026-09-19
NL,http://www.nl-ind.com,wikidata,,2026-09-19
NLCP,https://www.newlake.com,sec filing,,2026-09-19
NLOP,https://www.nloproperties.com,sec filing,,2026-09-19
NLST,http://www.netlist.com,wikidata,,2026-09-19
NMAX,http://newsmax.com,wikidata,,2026-09-19
NMIH,,,,
NML.KA,http://www.nishatmillsltd.com,exchange profile,http://careers.nishatmillsltd.com:85/job_Application/,2026-09-19
NMRK,https://www.nmrk.com,wikidata,,2026-09-19
NMTC,https://www.nmtc1.com,sec filing,https://nmtc1.com/careers,2026-09-19
NN,https://www.nextnav.com,sec filing,https://nextnav.com/careers/,2026-09-19
NN.AS,https://www.nn-group.com,wikidata,https://www.nn-group.com/careers,2026-09-19
NNBR,https://www.nninc.com,sec filing,https://www.nninc.com/about/careers/,2026-09-19
NNDM,http://www.nano-di.com,wikidata,https://www.nano-di.com/careers,2026-09-19
NNE,https://www.nanonuclearenergy.com,sec filing,https://nanonuclearenergy.com/careers/,2026-09-19
NNN,http://www.nnnreit.com,wikidata,https://www.nnnreit.com/careers/,2026-09-19
NNVC,https://www.nanoviricides.com,sec filing,,2026-09-19
NOBH,https://www.nobilityhomes.com,sec filing,https://nobilityhomes.com/careers/,2026-09-19
NOC,https://www.northropgrumman.com,wikidata,https://www.northropgrumman.com/careers,2026-09-19
NODK,https://www.niholdingsinc.com,sec filing,,2026-09-19
NOG,https://www.noginc.com,sec filing,,2026-09-19
NOG.L,,,,
NOMA,https://www.nomadar.com,sec filing,,2026-09-19
NOTE,https://www.fiscalnote.com,sec filing,,2026-09-19
NOV,http://www.nov.com,wikidata,https://www.nov.com/careers,2026-09-19
NOVT,https://www.novanta.com,sec filing,https://novanta.com/careers-culture/,2026-09-19
NOW,https://www.servicenow.com,wikidata,,2026-09-19
NP,https://www.neenah.com,wikidata,https://www.neenah.com/careers/,2026-09-19
NPCE,https://www.neuropace.com,wikidata,https://www.neuropace.com/about-neuropace/neuropace-careers/,2026-09-19
NPK,http://www.gopresto.com,wikidata,https://recruiting.paylocity.com/recruiting/jobs/All/7005f470-37bb-4adb-aa28-e2ca06060e6f/National-Presto-Industries,2026-09-19
NPKI,http://www.newpark.com,wikidata,https://newpark.com/about/careers/,2026-09-19
NPL.KA,http://www.nishatpower.com,exchange profile,http://nishatpower.com/career-2-1/,2026-09-19
NPO,http://www.enproindustries.com,wikidata,,2026-09-19
NPWR,https://www.netpower.com,sec filing,https://netpower.com/careers,2026-09-19
NRC,http://nrchealth.com,wikidata,https://nrchealth.com/careers/,2026-09-19
NRDS,https://www.nerdwallet.com,sec filing,https://www.nerdwallet.com/careers,2026-09-19
NRDY,https://www.nerdy.com,wikidata,https://careers.nerdy.com/,2026-09-19
NRG,https://www.nrg.com,wikidata,https://www.nrg.com/about/careers.html,2026-09-19
NRGV,https://www.energyvault.com,wikidata,https://www.energyvault.com/careers,2026-09-19
NRIM,https://www.northrim.com,sec filing,,2026-09-19
NRIX,https://www.nurixtx.com,wikidata,https://www.nurixtx.com/explore-jobs/,2026-09-19
NRL.KA,http://www.nrlpak.com,exchange profile,,2026-09-19
NRO.PA,,,,
NROM,https://www.nobleromans.com,sec filing,,2026-09-19
NRP,https://www.nrplp.com,sec filing,,2026-09-19
NRP.AS,,,,
NRR.L,http://www.nrr.co.uk,wikidata,,2026-09-19
NRT,https://www.neort.com,sec filing,,2026-09-19
NRXP,https://www.nrxpharma.com,sec filing,https://www.nrxpharma.com/careers/,2026-09-19
NRXS,https://www.neuraxis.com,sec filing,,2026-09-19
NSC,http://www.nscorp.com,wikidata,https://www.norfolksouthern.com/en/careers/find-your-future,2026-09-19
NSIT,http://www.insight.com,wikidata,https://www.insight.com/en_US/careers.html,2026-09-19
NSP,http://www.insperity.com,wikidata,,2026-09-19
NSPR,https://www.inspiremd.com,sec filing,,2026-09-19
NSSC,https://www.napcosecurity.com,sec filing,https://napcosecurity.com/careers/,2026-09-19
NSTS,,,,
NSYS,https://www.nortechsys.com,sec filing,https://www.nortechsys.com/careers/,2026-09-19
NTAP,https://www.netapp.com,wikidata,,2026-09-19
NTCT,http://www.netscout.com,wikidata,https://www.netscout.com/company/be-a-guardian,2026-09-19
NTGR,https://www.netgear.com,wikidata,https://www.netgear.com/about/careers/sanjose-usa/,2026-09-19
NTGY.MC,https://www.naturgy.com,wikidata,,2026-09-19
NTH.MC,,,,
NTHI,https://www.neonc.com,sec filing,,2026-09-19
NTIC,https://www.ntic.com,sec filing,https://www.ntic.com/careers/,2026-09-19
NTIP,https://www.network-1.com,sec filing,,2026-09-19
NTLA,http://intelliatx.com,wikidata,https://www.intelliatx.com/careers/,2026-09-19
NTNX,http://www.nutanix.com,wikidata,https://www.nutanix.com/company/careers,2026-09-19
NTR,https://www.nutrien.com,wikidata,https://www.nutrien.com/careers,2026-09-19
NTRA,http://www.natera.com,wikidata,https://www.natera.com/company/careers/,2026-09-19
NTRB,https://www.nutriband.com,sec filing,https://www.nutriband.com/careers,2026-09-19
NTRS,http://www.northerntrust.com,wikidata,,2026-09-19
NTSK,https://www.netskope.com,sec filing,https://www.netskope.com/company/careers,2026-09-19
NTST,https://www.netstreit.com,sec filing,,2026-09-19
NTWK,https://www.netsoltech.com,sec filing,,2026-09-19
NUAI,,,,
NUE,http://www.nucor.com,wikidata,https://nucor.com/careers/,2026-09-19
NUS,http://www.nuskin.com,wikidata,,2026-09-19
NUTX,https://www.nutexhealth.com,sec filing,https://nutexhealth.com/careers/,2026-09-19
NUVB,https://www.nuvationbio.com,sec filing,https://nuvationbio.com/careers/,2026-09-19
NUVR,https://www.nuvera.net,sec filing,https://nuvera.net/careers/,2026-09-19
NUWE,https://www.nuwellis.com,sec filing,,2026-09-19
NVAX,https://es.novavax.com,wikidata,,2026-09-19
NVDA,https://www.nvidia.com,wikidata,https://www.nvidia.com/en-us/about-nvidia/careers/,2026-09-19
NVEC,,,,
NVR,http://www.nvrinc.com,wikidata,http://www.nvrcareers.com/,2026-09-19
NVRI,,,,
NVST,https://envistaco.com,wikidata,https://careers.envistaco.com/,2026-09-19
NVTS,https://navitassemi.com,wikidata,,2026-09-19
NWBI,https://www.northwest.bank,wikidata,https://www.northwest.bank/careers/,2026-09-19
NWE,https://www.northwesternenergy.com,sec filing,https://www.northwesternenergy.com/about-us/careers,2026-09-19
NWFL,,,,
NWG.L,https://www.natwestgroup.com,wikidata,https://www.natwestgroup.com/careers-at-natwest-group.html,2026-09-19
NWL,https://www.newellbrands.com,wikidata,https://careers.newellbrands.com/index,2026-09-19
NWL.MI,,,,
NWN,http://www.nwnatural.com,wikidata,https://www.nwnatural.com/about-us/the-company/careers,2026-09-19
NWPP,https://www.newpeoples.bank,sec filing,https://www.newpeoples.bank/about-us/discover-npb/careers,2026-09-19
NWPX,https://www.nwpx.com,sec filing,https://nwpx.com/careers/,2026-09-19
NWSA,https://newscorp.com,wikidata,https://careers.newscorp.com/,2026-09-19
NWTG,https://www.newtongolfir.com,sec filing,,2026-09-19
NX,https://www.quanex.com,sec filing,https://www.quanex.com/careers/,2026-09-19
NXB,,,,
NXDR,https://nextdoor.com,wikidata,,2026-09-19
NXDT,,,,
NXFIL.AS,https://nxfiltration.com,wikidata,,2026-09-19
NXGL,https://www.nexgel.com,sec filing,https://nexgel.com/careers/,2026-09-19
NXH,https://www.bedbathandbeyond.com,wikidata,https://www.beyond.com/corporate/careers,2026-09-19
NXI.PA,https://nex.eu.com,wikidata,,2026-09-19
NXL,https://www.nexalin.com,sec filing,,2026-09-19
NXPL,https://www.nextplat.com,sec filing,,2026-09-19
NXR.L,,,,
NXRT,https://www.nexpoint.com,sec filing,https://www.nexpoint.com/careers/,2026-09-19
NXST,https://www.nexstar.tv,wikidata,https://www.nexstar.tv/careers/,2026-09-19
NXT,https://www.nextpower.com,sec filing,,2026-09-19
NXT.L,https://www.next.co.uk,wikidata,,2026-09-19
NXT.MC,,,,
NXTS,https://www.nexentistech.com,sec filing,,2026-09-19
NXXT,https://www.nextnrg.com,sec filing,https://https-nextnrg-com.careerplug.com/,2026-09-19
NYC,https://www.americanstrategicinvestment.com,sec filing,,2026-09-19
NYE.MC,https://www.nyesa.com,wikidata,,2026-09-19
NYT,https://www.nytco.com,wikidata,https://www.nytco.com/careers/early-career-opportunities/,2026-09-19
O,http://www.realtyincome.com,wikidata,https://www.realtyincome.com/careers,2026-09-19
OABIW,https://www.omniab.com,sec filing,https://www.omniab.com/about-us/careers/,2026-09-19
OAK-PA,https://www.brookfieldoaktreeholdings.com,sec filing,,2026-09-19
OBAI,https://www.ourbond.com,sec filing,https://www.comeet.com/jobs/bond/D2.00B,2026-09-19
OBE,http://www.pennwest.com,wikidata,https://obsidianenergy.com/careers/,2026-09-19
OBIO,https://www.orchestrabiomed.com,sec filing,https://www.orchestrabiomed.com/careers,2026-09-19
OBK,https://www.origin.bank,sec filing,https://www.origin.bank/en/careers/,2026-09-19
OBT,https://www.orangebanktrust.com,sec filing,https://www.orangebanktrust.com/careers,2026-09-19
OBX,,,,
OC,https://www.owenscorning.com,wikidata,,2026-09-19
OCC,https://www.occfiber.com,wikidata,https://www.occfiber.com/careers/,2026-09-19
OCDO.L,https://www.ocado.com,wikidata,,2026-09-19
OCFC,https://oceanfirst.com,wikidata,https://oceanfirst.com/about/careers,2026-09-19
OCGN,http://ocugen.com,wikidata,https://www.paycomonline.net/v4/ats/web.php/jobs?clientkey=0F4DFE00490A02BE70F473796E2522DA&fromClientSide=true,2026-09-19
OCLN,https://www.originclear.com,sec filing,,2026-09-19
OCTV,,,,
OCUL,,,,
ODC,https://www.oildri.com,sec filing,http://www.oildri.com/careers/,2026-09-19
ODFL,http://www.odfl.com,wikidata,https://www.odfl.com/us/en/careers.html,2026-09-19
ODTX,,,,
ODYS,https://www.odysight.ai,sec filing,https://www.odysight.ai/careers/,2026-09-19
OEC,https://www.orioncarbons.com,sec filing,https://careers.orioncarbons.com/,2026-09-19
OESX,https://www.orionlighting.com,sec filing,https://www.orionlighting.com/about-us/careers,2026-09-19
OFG,http://www.ofgbancorp.com,wikidata,,2026-09-19
OFIX,https://www.orthofix.com,sec filing,https://orthofix.com/about/careers/,2026-09-19
OFLX,https://www.omegaflex.com,sec filing,,2026-09-19
OFRM,https://www.onceuponafarmorganics.com,sec filing,https://jobs.lever.co/onceuponafarm,2026-09-19
OGDC.KA,http://www.ogdcl.com,exchange profile,,2026-09-19
OGE,http://www.oge.com,wikidata,https://www.oge.com/web/portal/label_ord/who-we-are/careers,2026-09-19
OGG,https://www.osiskodev.com,sec filing,,2026-09-19
OGI,https://www.organigram.ca,sec filing,https://www.organigram.ca/careers,2026-09-19
OGN,https://www.organon.com,wikidata,https://www.organon.com/careers/,2026-09-19
OHI,https://www.omegahealthcare.com,sec filing,https://www.omegahealthcare.com/about-us/careers,2026-09-19
OHLA.MC,http://www.ohl.es,wikidata,,2026-09-19
OI,http://www.o-i.com,wikidata,https://www.o-i.com/about-o-i/careers/,2026-09-19
OII,https://www.oceaneering.com,wikidata,https://oceaneering.com/careers/,2026-09-19
OIS,http://www.oilstatesintl.com,wikidata,https://www.oilstatesintl.com/careers-1698.html,2026-09-19
OKE,http://www.oneok.com,wikidata,https://www.oneok.com/careers,2026-09-19
OKLO,https://oklo.com,wikidata,https://oklo.com/about/careers,2026-09-19
OKTA,https://www.okta.com,wikidata,https://www.okta.com/company/careers/,2026-09-19
OKUR,https://www.onkuretherapeutics.com,sec filing,https://onkuretherapeutics.com/careers/,2026-09-19
OLB,https://www.olb.com,sec filing,https://olb.com/job-openings,2026-09-19
OLE.MC,http://www.deoleo.com,wikidata,,2026-09-19
OLED,http://www.udcoled.com,wikidata,https://careers.oled.com/,2026-09-19
OLI.MI,,,,
OLLI,https://www.ollies.com,wikidata,https://www.ollies.com/pages/careers,2026-09-19
OLN,http://www.olin.com,wikidata,https://phe.tbe.taleo.net/phe02/ats/careers/v2/jobSearch?org=OLIN&cws=47,2026-09-19
OLOX,https://www.olenox.com,sec filing,,2026-09-19
OM,https://www.outsetmedical.com,sec filing,https://www.outsetmedical.com/opportunities/,2026-09-19
OMC,https://www.omnicomgroup.com,wikidata,,2026-09-19
OMCC,https://www.oldmarketcapital.com,sec filing,,2026-09-19
OMCL,https://www.omnicell.com,sec filing,https://careers.omnicell.com/,2026-09-19
OMDA,https://www.omadahealth.com,sec filing,https://www.omadahealth.com/careers,2026-09-19
OMER,https://www.omeros.com,sec filing,,2026-09-19
OMEX,http://www.shipwreck.net,wikidata,,2026-09-19
OMF,https://www.onemainfinancial.com,wikidata,https://jobs.onemainfinancial.com/,2026-09-19
OMQS,https://www.omniq.com,sec filing,https://omniq.com/careers/,2026-09-19
ON,https://www.onsemi.com,wikidata,https://www.onsemi.com/careers,2026-09-19
ONB,https://www.oldnational.com,wikidata,https://www.oldnational.com/about-us/careers/,2026-09-19
ONCO,https://www.onconetix.com,sec filing,,2026-09-19
ONDS,https://www.ondas.com,wikidata,https://ondas.breezy.hr/,2026-09-19
ONEW,https://www.onewatermarine.com,sec filing,https://workforcenow.adp.com/mascsr/default/mdf/recruitment/recruitment.html?cid=324912bf-a0e2-42b9-9476-f04fbe862ca1&ccId=19000101_000001&type=JS&lang=en_US,2026-09-19
ONFO,https://www.onfolio.com,sec filing,https://onfolio.com/careers/,2026-09-19
ONIT,https://www.onitygroup.com,sec filing,https://jobs.onitygroup.com/,2026-09-19
ONL,https://www.onlreit.com,wikidata,https://www.onlreit.com/careers,2026-09-19
ONT,,,,
ONT.L,,,,
ONTO,https://ontoinnovation.com,wikidata,https://ontoinnovation.com/careers/,2026-09-19
ONWD.AS,https://www.onwd.com,wikidata,https://onwardmedical.careers.hibob.com/,2026-09-19
OOMA,http://www.ooma.com,wikidata,https://www.ooma.com/careers/,2026-09-19
OPAD,https://www.offerpad.com,sec filing,https://www.offerpad.com/careers/,2026-09-19
OPAL,https://www.opalfuels.com,sec filing,https://opalfuels.com/careers/,2026-09-19
OPBK,,,,
OPCH,https://www.optioncarehealth.com,sec filing,https://optioncarehealth.com/careers,2026-09-19
OPEN,http://www.opendoor.com,wikidata,https://www.opendoor.com/careers,2026-09-19
OPFI,https://www.oppfi.com,wikidata,,2026-09-19
OPHC,https://www.optimumbankinvestors.com,sec filing,,2026-09-19
OPI,https://www.opireit.com,sec filing,,2026-09-19
OPK,http://www.opko.com,wikidata,https://www.opko.com/careers,2026-09-19
OPLN,,,,
OPRT,https://www.oportun.com,sec filing,https://oportun.com/careers/,2026-09-19
OPRX,https://www.optimizerx.com,sec filing,https://www.optimizerx.com/careers,2026-09-19
OPS.MI,,,,
OPTT,http://optaustralasia.com.au,wikidata,,2026-09-19
OPTU,https://www.alticeusa.com,wikidata,https://www.optimumcareers.com/,2026-09-19
OPTX,https://www.syntecoptics.com,sec filing,https://syntecoptics.com/careers/,2026-09-19
OPXS,https://www.optex.vote,sec filing,https://www.equitystock.com/careers,2026-09-19
OPY,https://www.oppenheimer.com,wikidata,https://www.oppenheimer.com/careers,2026-09-19
OR.PA,http://www.loreal.com,wikidata,https://www.loreal.com/en/careers/,2026-09-19
ORA,http://www.ormat.com,wikidata,https://www.ormat.com/en/company/careers/main/,2026-09-19
ORA.PA,https://www.orange.com,wikidata,,2026-09-19
ORBS,,,,
ORCL,https://www.oracle.com,wikidata,,2026-09-19
ORGO,https://www.organogenesis.com,sec filing,https://careers.organogenesis.com/,2026-09-19
ORI,http://www.oldrepublic.com,wikidata,https://oldrepublic.com/about/careers,2026-09-19
ORIO,https://www.orion-digital.com,sec filing,https://www.orion-digital.com/careers,2026-09-19
ORKA,https://www.orukatx.com,sec filing,https://orukatx.com/join-us/,2026-09-19
ORLY,http://www.oreillyauto.com,wikidata,,2026-09-19
ORMP,http://www.oramed.com,wikidata,,2026-09-19
ORN,https://www.oriongroupholdingsinc.com,sec filing,https://www.oriongroupholdingsinc.com/careers,2026-09-19
ORNT.L,,,,
ORRF,https://www.orrstown.com,sec filing,https://www.orrstown.com/careers,2026-09-19
ORS.MI,,,,
OSB.L,,,,
OSBC,https://www.oldsecond.com,sec filing,https://www.oldsecond.com/resources-services/careers/,2026-09-19
OSCR,https://www.hioscar.com,wikidata,https://oscarhealth.com/careers,2026-09-19
OSE.PA,http://ose-immuno.com,wikidata,,2026-09-19
OSG,https://www.octavegroup.com,sec filing,,2026-09-19
OSIS,http://www.osi-systems.com,wikidata,http://osi-systems.jobs/,2026-09-19
OSK,https://www.oshkoshcorp.com,wikidata,https://www.oshkoshcorp.com/careers,2026-09-19
OSPN,https://www.onespan.com,wikidata,https://www.onespan.com/about/careers,2026-09-19
OSRH,https://www.osr-holdings.com,sec filing,https://osr-health.com/careers,2026-09-19
OSS,https://onestopsystems.com,wikidata,,2026-09-19
OSUR,https://www.orasure.com,sec filing,https://orasure.com/careers.html,2026-09-19
OTB.L,,,,
OTEX,https://www.opentext.com,wikidata,https://careers.opentext.com/,2026-09-19
OTIS,https://www.otis.com,wikidata,https://www.otis.com/en/us/careers,2026-09-19
OTLK,https://www.outlooktherapeutics.com,sec filing,https://outlooktherapeutics.com/careers/,2026-09-19
OTTR,https://www.ottertail.com,wikidata,,2026-09-19
OUST,https://ouster.com,wikidata,https://ouster.com/company/careers,2026-09-19
OUT,https://www.outfrontmedia.com,wikidata,https://www.outfront.com/careers,2026-09-19
OVBC,https://www.ovbc.com,sec filing,https://www.ovbc.com/connect/careers,2026-09-19
OVH.PA,https://www.ovhcloud.com,wikidata,,2026-09-19
OVID,https://www.ovidrx.com,sec filing,https://ovidtherapeutics.applytojob.com/apply,2026-09-19
OVLY,,,,
OVS.MI,https://www.ovs.it,wikidata,https://careers-ovsgroup.ovs.it/jobs.php,2026-09-19
OVV,https://www.ovintiv.com,sec filing,https://www.ovintiv.com/careers/,2026-09-19
OWL,https://www.blueowlcapitalcorporation.com,wikidata,,2026-09-19
OWLT,https://www.owletcare.com,sec filing,https://owletcare.com/pages/careers,2026-09-19
OXB.L,,,,
OXIG.L,https://www.oxinst.com,wikidata,https://www.oxinst.com/careers,2026-09-19
OXM,http://www.oxfordinc.com,wikidata,https://www.oxfordinc.com/careers,2026-09-19
OXY,https://www.oxy.com,wikidata,https://www.oxy.com/careers/,2026-09-19
OZ,https://www.belpointeoz.com,sec filing,,2026-09-19
P,https://www.purestorage.com,wikidata,https://www.everpuredata.com/company/careers.html,2026-09-19
PAA,https://www.plains.com,sec filing,https://www.plains.com/careers,2026-09-19
PAAI,,,,
PAAS,https://panamericansilver.com,wikidata,https://panamericansilver.com/careers/,2026-09-19
PABC.KA,http://www.pkbevcan.com,exchange profile,https://www.pkbevcan.com/career/,2026-09-19
PACB,https://www.pacb.com,wikidata,https://www.pacb.com/careers/,2026-09-19
PACK,https://www.ranpak.com,wikidata,,2026-09-19
PACS,https://www.pacs.com,sec filing,https://pacs.com/jobs/,2026-09-19
PAG,http://www.penskeautomotive.com,wikidata,,2026-09-19
PAG.L,,,,
PAGE.L,https://www.page.com,wikidata,https://investors.michaelpage.com/about-us/services-and-locations,2026-09-19
PAGP,https://www.plainsallamerican.com,wikidata,https://www.plains.com/careers,2026-09-19
PAHC,https://www.pahc.com,sec filing,https://jobs.pahc.com/,2026-09-19
PAKD.KA,http://www.pakdatacom.com.pk,exchange profile,https://pakdatacom.com.pk/careers,2026-09-19
PAKRI.KA,http://www.pakre.org.pk,exchange profile,https://pakre.org.pk/ms/careers.html,2026-09-19
PAKT.KA,http://www.ptc.com.pk,exchange profile,https://www.ptc.com.pk/en/careers,2026-09-19
PAL,https://www.proficientautologistics.com,sec filing,https://proficientautologistics.com/careers/,2026-09-19
PALI,https://www.palisadebio.com,sec filing,,2026-09-19
PAMT,https://www.pamtransport.com,sec filing,,2026-09-19
PANL,https://www.pangaeals.com,sec filing,,2026-09-19
PANW,https://www.paloaltonetworks.com,wikidata,https://jobs.paloaltonetworks.com/en/,2026-09-19
PAPL,,,,
PAR,https://www.partech.com,sec filing,https://partech.com/careers/,2026-09-19
PARA,https://www.paramount.com,wikidata,https://www.paramount.com/careers,2026-09-19
PARK,https://www.parkdentalpartners.com,sec filing,,2026-09-19
PARP.PA,,,,
PARR,https://www.parpacific.com,sec filing,https://www.parpacific.com/careers,2026-09-19
PARRO.PA,http://www.parrot.com,wikidata,,2026-09-19
PATH,https://www.uipath.com,wikidata,https://www.uipath.com/careers,2026-09-19
PATK,https://www.patrickind.com,sec filing,https://patrickind.com/careers/,2026-09-19
PAVM,https://www.pavmed.com,sec filing,,2026-09-19
PAVS,https://www.pavs.ai,sec filing,,2026-09-19
PAY,http://www.verifone.com,wikidata,https://www.verifone.com/careers,2026-09-19
PAY.L,,,,
PAYC,https://www.paycom.com,wikidata,https://www.paycom.com/careers/,2026-09-19
PAYD,https://www.paid-corp.com,sec filing,,2026-09-19
PAYO,https://www.payoneer.com,wikidata,https://careers.payoneer.com/,2026-09-19
PAYS,https://www.paysign.com,sec filing,https://paysign.com/careers/,2026-09-19
PAYX,http://www.paychex.com,wikidata,https://careers.paychex.com/careers,2026-09-19
PB,https://www.prosperitybankusa.com,wikidata,https://www.prosperitybankusa.com/careers/,2026-09-19
PBA,http://www.pembina.com,wikidata,https://www.pembina.com/careers,2026-09-19
PBAM,,,,
PBEE.L,https://www.pensionbee.com,wikidata,,2026-09-19
PBF,http://www.pbfenergy.com,wikidata,https://www.pbfenergy.com/careers/,2026-09-19
PBFS,https://www.pioneerny.com,sec filing,https://www.pioneerny.com/careers,2026-09-19
PBH,http://www.prestigebrands.com,wikidata,https://www.prestigebrands.com/careers,2026-09-19
PBHC,https://www.pathfinderbank.com,sec filing,https://www.pathfinderbank.com/about-us/who-we-are/careers.html,2026-09-19
PBI,http://www.pitneybowes.com,wikidata,https://www.pitneybowes.com/us/careers.html,2026-09-19
PBLS,,,,
PBSV,https://www.pharmabioserv.com,sec filing,,2026-09-19
PBYI,http://www.pumabiotechnology.com,wikidata,,2026-09-19
PCAL.KA,http://www.pakistancables.com,exchange profile,https://www.pakistancables.com/life-pakistan-cable,2026-09-19
PCAR,http://www.paccar.com,wikidata,,2026-09-19
PCB,,,,
PCG,https://www.pge.com,wikidata,https://jobs.pge.com/,2026-09-19
PCOR,http://www.procore.com,wikidata,https://careers.procore.com/homepage,2026-09-19
PCRX,https://www.pacira.com,sec filing,https://www.pacira.com/careers/,2026-09-19
PCSV,,,,
PCT,https://www.purecycle.com,sec filing,https://www.purecycle.com/careers,2026-09-19
PCTY,https://www.paylocity.com,wikidata,,2026-09-19
PCYO,https://www.purecyclewater.com,sec filing,https://www.purecyclewater.com/careers,2026-09-19
PD,http://www.pagerduty.com,wikidata,https://careers.pagerduty.com/home,2026-09-19
PDEX,https://www.pro-dex.com,sec filing,https://www.pro-dex.com/careers,2026-09-19
PDFS,https://www.pdf.com,wikidata,https://www.pdf.com/company/careers/,2026-09-19
PDLB,https://www.poncebank.com,sec filing,https://www.poncebank.com/careers,2026-09-19
PDM,https://www.piedmontreit.com,sec filing,https://www.piedmontreit.com/careers,2026-09-19
PDS,http://www.precisiondrilling.com,wikidata,https://www.precisiondrilling.com/careers/,2026-09-19
PDYN,https://www.palladyneai.com,sec filing,https://www.palladyneai.com/careers/,2026-09-19
PEB,https://www.pebblebrookhotels.com,sec filing,https://pebblebrookhotels.com/careers/,2026-09-19
PEBK,https://www.peoplesbanknc.com,sec filing,,2026-09-19
PEBO,https://www.peoplesbancorp.com,sec filing,https://www.peoplesbancorp.com/about-us/careers/,2026-09-19
PECO,https://www.phillipsedison.com,sec filing,https://www.phillipsedison.com/careers,2026-09-19
PECO.KA,http://www.peco.com.pk,exchange profile,https://www.peco.com.pk/career/,2026-09-19
PED,https://www.pedevco.com,sec filing,,2026-09-19
PEG,http://www.pseg.com,wikidata,,2026-09-19
PEGA,https://www.pega.com,wikidata,https://www.pega.com/about/careers,2026-09-19
PEN,http://www.penumbrainc.com,wikidata,https://www.penumbrainc.com/about-us/careers/,2026-09-19
PENG,https://www.penguinsolutions.com,sec filing,https://www.penguinsolutions.com/en-us/company/careers,2026-09-19
PENN,http://www.pngaming.com,wikidata,,2026-09-19
PEP,https://www.pepsico.com,wikidata,https://www.pepsico.com/careers,2026-09-19
PESI,http://www.perma-fix.com,wikidata,https://www.perma-fix.com//employment.aspx,2026-09-19
PETS,http://www.1800petmeds.com,wikidata,https://www.1800petmeds.com/careers.html,2026-09-19
PETS.L,,,,
PEVM,https://www.phoenixev.ai,sec filing,,2026-09-19
PEW,https://www.grabagun.com,sec filing,,2026-09-19
PFAI,https://www.pinnaclefoodinc.com,sec filing,,2026-09-19
PFD.L,http://www.premierfoods.co.uk,wikidata,https://www.premierfoods.co.uk/careers/,2026-09-19
PFE,https://www.pfizer.com,wikidata,https://www.pfizer.com/about/careers,2026-09-19
PFG,https://www.principal.com,wikidata,https://www.principal.com/about-us/careers,2026-09-19
PFGC,https://www.pfgc.com,wikidata,https://www.pfgc.com/Careers,2026-09-19
PFHO,https://www.pacifichealthcareorganization.com,sec filing,,2026-09-19
PFIS,,,,
PFS,https://www.provident.bank,wikidata,,2026-09-19
PFSA,,,,
PFSB,,,,
PFSI,https://www.pennymac.com,sec filing,https://careers.pennymac.com/,2026-09-19
PG,http://www.pg.com,wikidata,https://www.pgcareers.com/,2026-09-19
PGC,https://www.peapackprivate.com,sec filing,https://www.peapackprivate.com/careers,2026-09-19
PGEN,https://precigen.com,wikidata,https://precigen.com/careers/,2026-09-19
PGH.L,,,,
PGNY,https://progyny.com,wikidata,https://progyny.com/careers/,2026-09-19
PGR,https://www.progressive.com,wikidata,https://careers.progressive.com/,2026-09-19
PGY,https://pagaya.com,wikidata,https://pagaya.com/careers,2026-09-19
PH,http://www.parker.com,wikidata,,2026-09-19
PHAR.L,http://www.socointernational.co.uk,wikidata,,2026-09-19
PHARM.AS,,,,
PHAT,https://www.phathompharma.com,sec filing,https://www.phathompharma.com/job-openings/,2026-09-19
PHGE,https://www.biomx.com,sec filing,,2026-09-19
PHIA.AS,https://philips.com,wikidata,,2026-09-19
PHIL.MI,,,,
PHIN,https://www.phinia.com,sec filing,https://www.phinia.com/careers,2026-09-19
PHLL.L,,,,
PHM,http://pulte.com,wikidata,https://pultegroup.wd1.myworkdayjobs.com/PGI,2026-09-19
PHM.MC,https://pharmamar.com,wikidata,,2026-09-19
PHN.MI,,,,
PHR,https://www.phreesia.com,wikidata,https://www.phreesia.com/careers/,2026-09-19
PHUN,https://www.phunware.com,wikidata,,2026-09-19
PHXE-P,https://www.phoenixenergy.com,sec filing,https://phoenixenergy.com/careers/,2026-09-19
PI,http://www.impinj.com,wikidata,https://www.impinj.com/about-us/careers,2026-09-19
PIA.MI,https://www.piaggiogroup.com,wikidata,https://www.piaggiogroup.com/en/work-us,2026-09-19
PIBTL.KA,http://www.pibt.com.pk,exchange profile,,2026-09-19
PII,https://www.polaris.com,wikidata,,2026-09-19
PIII,,,,
PINE,https://www.alpinereit.com,sec filing,,2026-09-19
PINE.L,,,,
PINF.MI,,,,
PINS,https://www.pinterest.de,wikidata,,2026-09-19
PIOC.KA,http://www.pioneercement.com,exchange profile,,2026-09-19
PIPR,https://www.pipersandler.com,wikidata,https://pipersandler.wd501.myworkdayjobs.com/Piper_Sandler_Careers,2026-09-19
PIRC.MI,https://www.pirelli.com,wikidata,https://corporate.pirelli.com/corporate/en-ww/careers/careers,2026-09-19
PJT,http://pjtpartners.com,wikidata,https://www.pjtpartners.com/careers,2026-09-19
PK,http://www.pkhotelsandresorts.com,wikidata,https://www.pkhotelsandresorts.com/careers,2026-09-19
PKBK,https://www.parkebank.com,sec filing,,2026-09-19
PKE,https://www.parkaerospace.com,sec filing,,2026-09-19
PKG,https://www.packagingcorp.com,wikidata,https://careers.packagingcorp.com/,2026-09-19
PKGP.KA,http://www.pakgenpower.com,exchange profile,http://www.pakgenpower.com/company/opportunities.php,2026-09-19
PKGS.KA,http://www.packages.com.pk,exchange profile,,2026-09-19
PKOH,https://www.pkoh.com,sec filing,https://pkoh.com/careers,2026-09-19
PL,https://www.planet.com,wikidata,https://www.planet.com/company/careers/,2026-09-19
PLAB,http://www.photronics.com,wikidata,https://www.photronics.com/career-center/,2026-09-19
PLAG,https://www.planetgreenholdings.com,sec filing,,2026-09-19
PLAY,http://www.daveandbusters.com,wikidata,https://www.daveandbusters.com/us/en/careers,2026-09-19
PLBC,https://www.plumasbank.com,sec filing,,2026-09-19
PLBY,https://www.playboy.com,sec filing,,2026-09-19
PLC.MI,https://www.plc-spa.com,wikidata,,2026-09-19
PLCE,https://www.childrensplace.com,wikidata,https://corporate.childrensplace.com/careers,2026-09-19
PLD,https://www.prologis.com,wikidata,,2026-09-19
PLMR,https://www.plmr.com,sec filing,https://plmr.com/careers/,2026-09-19
PLNH,https://www.planet13.com,sec filing,,2026-09-19
PLNT,https://www.planetfitness.com,wikidata,,2026-09-19
PLNW.PA,,,,
PLOW,https://www.douglasdynamics.com,sec filing,https://www.douglasdynamics.com/careers/,2026-09-19
PLPC,https://www.plp.com,sec filing,https://plp.com/careers,2026-09-19
PLRX,https://pliantrx.com,wikidata,https://pliantrx.com/careers/,2026-09-19
PLSE,https://www.pulsebiosciences.com,sec filing,https://job-boards.greenhouse.io/pulsebiosciences,2026-09-19
PLTR,https://www.palantir.com,wikidata,https://www.palantir.com/careers,2026-09-19
PLUG,https://www.plugpower.com,wikidata,https://www.plugpower.com/about-us/careers-at-plug/,2026-09-19
PLUS,http://www.eplus.com,wikidata,https://www.eplus.com/who-we-are/careers,2026-09-19
PLX,http://www.protalix.com,wikidata,https://protalix.com/contact/careers,2026-09-19
PLXS,http://www.plexus.com,wikidata,https://www.plexus.com/careers/,2026-09-19
PM,https://www.pmi.com,wikidata,https://www.pmi.com/careers,2026-09-19
PMCB,https://www.pharmacyte.com,sec filing,,2026-09-19
PMI,https://www.picardmedical.com,sec filing,https://www.syncardia.com/careers.html,2026-09-19
PMNT,https://www.perfectmoment.com,sec filing,,2026-09-19
PMPK.KA,http://www.philipmorrispakistan.com.pk,exchange profile,https://www.pmi.com/markets/pakistan/en/careers,2026-09-19
PMRS.KA,http://www.premiergrouppk.com,exchange profile,https://premiergrouppk.com/careers/,2026-09-19
PMT,https://www.pennymacmortgageinvestmenttrust.com,sec filing,,2026-09-19
PMTS,https://www.cpicardgroup.com,sec filing,https://careers-cpicardgroup.icims.com/jobs,2026-09-19
PNBK,https://www.pnbk.com,wikidata,,2026-09-19
PNC,https://www.pnc.com,wikidata,https://careers.pnc.com/global/en,2026-09-19
PNFP,https://www.pnfp.com,wikidata,,2026-09-19
PNL.AS,https://www.postnl.nl,wikidata,,2026-09-19
PNN.L,http://www.pennon-group.co.uk,wikidata,https://careers.pennon-group.co.uk/,2026-09-19
PNRG,https://www.primeenergy.com,sec filing,,2026-09-19
PNTG,https://www.pennantgroup.com,sec filing,,2026-09-19
PNW,http://www.pinnaclewest.com,wikidata,,2026-09-19
POCI,https://www.poci.com,sec filing,https://www.poci.com/careers/,2026-09-19
PODC,https://www.podcastone.com,sec filing,,2026-09-19
PODD,https://www.insulet.com,wikidata,https://insulet.wd5.myworkdayjobs.com/insuletcareers,2026-09-19
POET,http://www.poet-technologies.com,wikidata,https://www.poet-technologies.com/careers,2026-09-19
POL.KA,http://www.pakoil.com.pk,exchange profile,http://jobs.pakoil.com.pk/,2026-09-19
POLA,https://www.polarpower.com,sec filing,https://polarpower.com/careers/,2026-09-19
POLN.L,,,,
POMRY.PA,,,,
POOL,https://www.poolcorp.com,sec filing,,2026-09-19
POR,http://portlandgeneral.com,wikidata,https://portlandgeneral.com/about/careers,2026-09-19
PORF.AS,https://www.royaldelft.com,wikidata,,2026-09-19
POST,https://www.postholdings.com,wikidata,https://jobs.postholdings.com/careers-home,2026-09-19
POWI,https://www.power.com,sec filing,https://www.power.com/company/careers,2026-09-19
POWL,https://www.powellind.com,wikidata,https://www.powellind.com/careers,2026-09-19
POWW,https://www.outdoorholding.com,sec filing,,2026-09-19
POXEL.PA,,,,
PPC,http://www.pilgrimspride.com,wikidata,,2026-09-19
PPG,https://www.ppg.com,wikidata,https://www.ppg.com/en-US/about-ppg/careers-at-ppg,2026-09-19
PPHC,https://www.pphcompany.com,sec filing,https://pphcompany.com/careers/,2026-09-19
PPIH,https://www.permapipe.com,sec filing,https://www.permapipe.com/careers,2026-09-19
PPL,http://www.pplweb.com,wikidata,https://www.pplweb.com/careers/why-ppl/,2026-09-19
PPL.KA,http://www.ppl.com.pk,exchange profile,,2026-09-19
PPLI,https://www.people-incorporated.com,wikidata,,2026-09-19
PPP.L,,,,
PPSI,https://www.pioneerpowersolutions.com,sec filing,,2026-09-19
PQGTL.KA,http://www.pqgtl.com.pk,exchange profile,https://pqgtl.com.pk/careers/life-at-pak-qatar/,2026-09-19
PR,https://permianres.com,wikidata,https://permianres.wd12.myworkdayjobs.com/Permian_Resources_Careers,2026-09-19
PRAA,https://www.pragroup.com,sec filing,https://www.pragroup.com/careers/,2026-09-19
PRAX,https://www.praxismedicines.com,sec filing,https://praxismedicines.com/#careers,2026-09-19
PRCH,https://porch.com,wikidata,https://porchgroup.com/careers,2026-09-19
PRCT,https://www.procept-biorobotics.com,sec filing,https://www.procept-biorobotics.com/careers,2026-09-19
PRDO,http://www.careered.com,wikidata,,2026-09-19
PREM,https://www.premieraircharter.com,sec filing,https://premieraircharter.com/careers,2026-09-19
PREMA.KA,http://www.at-tahur.com,exchange profile,,2026-09-19
PRET.KA,http://www.premiumtextile.com,exchange profile,,2026-09-19
PRG,https://www.progholdings.com,sec filing,,2026-09-19
PRGS,https://www.progress.com,wikidata,https://www.progress.com/company/careers,2026-09-19
PRHI,,,,
PRI,http://primerica.com,wikidata,https://www.primerica.com/public/primerica-corporate-careers.html,2026-09-19
PRIM,http://www.prim.com,wikidata,https://www.prim.com/careers,2026-09-19
PRK,https://www.parknationalcorp.com,sec filing,,2026-09-19
PRKA,https://www.parksamerica.com,sec filing,,2026-09-19
PRKS,https://unitedparks.com,wikidata,https://careers.seaworldparks.com/Home/Sites/All,2026-09-19
PRL.KA,http://www.prl.com.pk,exchange profile,https://www.prl.com.pk/careers/,2026-09-19
PRLB,http://www.protolabs.com,wikidata,https://www.protolabs.com/about-us/careers/,2026-09-19
PRLD,https://www.preludetx.com,sec filing,https://recruiting.paylocity.com/recruiting/jobs/All/0d9cba63-2003-4b68-8929-01b5059b9f20/Prelude-Therapeutics,2026-09-19
PRM,https://www.perimeter-solutions.com,sec filing,https://www.perimeter-solutions.com/about-careers/,2026-09-19
PRM.MC,,,,
PRMB,https://www.primobrands.com,sec filing,https://www.primobrands.com/careers/,2026-09-19
PRME,https://www.primemedicine.com,sec filing,https://primemedicine.com/careers/,2026-09-19
PRN.L,,,,
PRO.MI,,,,
PROC.L,,,,
PROF,https://www.profoundmedical.com,sec filing,http://profoundmedical.com/company/#careers,2026-09-19
PROK,https://www.prokidney.com,sec filing,,2026-09-19
PROP,http://www.wizardworld.com,wikidata,https://fanexpohq.com/home/careers/,2026-09-19
PROV,,,,
PRPL,https://onpurple.com,wikidata,https://purple.com/careers,2026-09-19
PRPO,https://www.precipiodx.com,sec filing,https://www.precipiodx.com/about/careers/,2026-09-19
PRS.MC,https://www.prisa.com,wikidata,,2026-09-19
PRSI,,,,
PRSO,https://www.perasoinc.com,sec filing,https://perasoinc.com/careers/,2026-09-19
PRSU,https://www.pursuit.com,sec filing,https://www.pursuit.com/careers/,2026-09-19
PRT.MI,,,,
PRTH,https://www.prioritycommerce.com,sec filing,,2026-09-19
PRTS,https://www.carparts.com,wikidata,,2026-09-19
PRU,http://prudential.com,wikidata,https://jobs.prudential.com/,2026-09-19
PRU.L,https://www.prudentialplc.com,wikidata,https://www.prudentialplc.com/en/careers/overview/,2026-09-19
PRV.L,,,,
PRVA,https://www.priviahealth.com,sec filing,https://www.priviahealth.com/careers,2026-09-19
PRXA,,,,
PRY.MI,https://www.prysmian.com,wikidata,https://www.prysmian.com/en/people-and-careers,2026-09-19
PS,http://www.pluralsight.com,wikidata,https://www.pluralsight.com/careers,2026-09-19
PSA,https://www.publicstorage.com,wikidata,https://www.publicstoragejobs.com/,2026-09-19
PSG.MC,http://prosegur.de,wikidata,https://www.prosegur.de/jobs-&-karriere,2026-09-19
PSIX,,,,
PSKY,,,,
PSMT,https://shop.pricesmart.com,wikidata,,2026-09-19
PSN,https://www.parsons.com,wikidata,https://jobs.parsons.com/,2026-09-19
PSN.L,https://www.persimmonhomes.com,wikidata,https://www.persimmonhomes.com/corporate/careers,2026-09-19
PSNL,http://www.personalis.com,wikidata,https://www.personalis.com/careers/,2026-09-19
PSO.KA,http://www.psopk.com,exchange profile,https://psopk.com/en/career,2026-09-19
PSON.L,https://www.pearson.com,wikidata,https://www.pearson.com/en-us/career-ready.html,2026-09-19
PSQH,,,,
PSTL,https://www.postalrealtytrust.com,sec filing,https://postalrealtytrust.com/about/careers/,2026-09-19
PSX,https://www.phillips66.com,wikidata,https://www.phillips66.com/careers/,2026-09-19
PSYL.KA,http://www.pslpet.com,exchange profile,https://pslpet.com/careers/,2026-09-19
PTC,http://www.ptc.com,wikidata,,2026-09-19
PTC.KA,http://www.ptcl.com.pk,exchange profile,,2026-09-19
PTCT,http://www.ptcbio.com,wikidata,https://www.ptcbio.com/careers/,2026-09-19
PTEN,http://www.patenergy.com,wikidata,http://patenergy.com/careers,2026-09-19
PTGX,https://www.protagonist-inc.com,sec filing,https://www.protagonist-inc.com/careers,2026-09-19
PTHS,https://www.pelthos.com,sec filing,https://pelthos.com/careers/,2026-09-19
PTLO,https://www.portillos.com,wikidata,https://careers.portillos.com/,2026-09-19
PTN,https://www.palatin.com,sec filing,https://palatin.com/join-us/,2026-09-19
PTON,https://www.onepeloton.com,wikidata,,2026-09-19
PTPI,https://www.petrospharma.com,sec filing,,2026-09-19
PTRN,https://www.pattern.com,sec filing,https://www.pattern.com/careers,2026-09-19
PUB.PA,https://www.publicisgroupe.com,wikidata,,2026-09-19
PUBM,https://www.pubmatic.com,sec filing,,2026-09-19
PUIG.MC,,,,
PULM,https://www.pulmatrix.com,sec filing,https://www.pulmatrix.com/careers.html,2026-09-19
PUMP,https://www.propetroservices.com,sec filing,https://propetroservices.wd5.myworkdayjobs.com/PROPWR_Careers,2026-09-19
PURR,https://www.hypestrat.xyz,wikidata,,2026-09-19
PUSA,https://www.aureusgreenway.com,sec filing,,2026-09-19
PVH,https://www.pvh.com,wikidata,,2026-09-19
PVLA,https://www.palvellatx.com,sec filing,https://www.palvellatx.com/careers,2026-09-19
PW,,,,
PWCM,,,,
PWP,https://www.pwpartners.com,sec filing,https://pwpartners.com/careers/,2026-09-19
PWR,https://www.quantaservices.com,wikidata,https://www.quantaservices.com/careers,2026-09-19
PXED,https://www.phoenix.edu,wikidata,https://www.phoenix.edu/jobs.html,2026-09-19
PXLW,http://www.pixelworks.com,wikidata,,2026-09-19
PYPL,https://www.pypl.com,sec filing,,2026-09-19
PYXS,https://www.pyxisoncology.com,sec filing,https://pyxisoncology.com/careers/,2026-09-19
PYYX,http://www.aointl.com,wikidata,http://www.aointl.com/careers,2026-09-19
PZC.L,,,,
PZZA,https://www.papajohns.com,wikidata,https://jobs.papajohns.com/?utm_source=papajohns.com&utm_medium=organic&utm_campaign=web-footer&_ga=2.102133378.226409509.1708349508-145067125.1708118225,2026-09-19
Q,https://www.qnityelectronics.com,wikidata,https://careers.qnityelectronics.com/us/en,2026-09-19
QBTS,https://www.dwavequantum.com,sec filing,https://www.dwavequantum.com/company/careers/,2026-09-19
QCOM,https://consumerrights.wiki,wikidata,,2026-09-19
QCRH,https://www.qcrh.com,sec filing,,2026-09-19
QDE.L,,,,
QDEL,http://www.quidel.com,wikidata,https://www.quidelortho.com/global/en/careers/careers-home,2026-09-19
QDT.PA,https://www.quadient.com,wikidata,https://www.quadient.com/en-us/careers,2026-09-19
QETA,,,,
QIND,https://www.qualityindustrialcorp.com,sec filing,,2026-09-19
QLT.L,,,,
QLYS,https://www.qualys.com,wikidata,https://www.qualys.com/careers,2026-09-19
QMCI,https://www.quotemedia.com,sec filing,,2026-09-19
QMCO,https://www.quantum.com,wikidata,https://www.quantum.com/en/company/careers/,2026-09-19
QMLS,,,,
QNBC,https://www.qnbbank.com,sec filing,https://www.qnbbank.com/careers/,2026-09-19
QNME,,,,
QNST,http://quinstreet.com,wikidata,https://www.quinstreet.com/careers/,2026-09-19
QNT,,,,
QNTO,https://www.quaintoak.com,sec filing,https://www.quaintoak.com/about/careers/,2026-09-19
QQ.L,,,,
QRHC,https://www.qrhc.com,sec filing,,2026-09-19
QRVO,https://www.qorvo.com,wikidata,,2026-09-19
QSI,https://www.quantum-si.com,sec filing,https://www.quantum-si.com/about/careers/,2026-09-19
QSP,,,,
QSR,http://www.rbi.com,wikidata,,2026-09-19
QTI,https://www.qtimaging.com,sec filing,,2026-09-19
QTRX,http://www.quanterix.com,wikidata,,2026-09-19
QTTB,https://www.q32bio.com,sec filing,https://www.q32bio.com/careers/,2026-09-19
QTWO,,,,
QUAD,http://www.qg.com,wikidata,https://www.bequad.com/,2026-09-19
QUBT,https://www.quantumcomputinginc.com,sec filing,https://quantumcomputinginc.com/company/careers,2026-09-19
QUIK,https://www.quicklogic.com,sec filing,https://www.quicklogic.com/company/careers/,2026-09-19
QVCG,,,,
QXO,https://www.qxo.com,sec filing,https://jobs.qxo.com/,2026-09-19
R,https://ryder.com,wikidata,https://www.ryder.com/en-us/careers,2026-09-19
R4.MC,https://www.r4.com,wikidata,,2026-09-19
RADX,https://www.radiopharmtheranostics.com,sec filing,,2026-09-19
RAIL,http://www.freightcaramerica.com,wikidata,,2026-09-19
RAIN,https://www.rainenhancement.com,sec filing,,2026-09-19
RAL,https://www.ralliant.com,sec filing,https://careers.ralliant.com/,2026-09-19
RAMP,http://www.liveramp.com,wikidata,https://liveramp.com/careers,2026-09-19
RAND.AS,https://www.randstad.com,wikidata,https://www.randstad.ca/jobs/,2026-09-19
RANI,https://www.ranitherapeutics.com,sec filing,https://www.ranitherapeutics.com/careers/,2026-09-19
RAPP,https://www.rapportrx.com,sec filing,https://www.rapportrx.com/join-us/,2026-09-19
RARE,https://www.ultragenyx.com,sec filing,,2026-09-19
RAT.L,http://www.rathbones.com,wikidata,https://www.rathbones.com/en-gb/wealth-management/careers,2026-09-19
RAVE,http://www.pizzainn.com,wikidata,https://www.pizzainn.com/career/,2026-09-19
RBA,http://www.rbauction.com,wikidata,,2026-09-19
RBB,https://www.rbbusa.com,sec filing,,2026-09-19
RBBN,https://ribboncommunications.com,wikidata,https://ribboncommunications.com/company/careers,2026-09-19
RBC,https://www.rbcbearings.com,sec filing,https://www.rbcbearings.com/Career-Opportunities,2026-09-19
RBCAA,https://www.republicbank.com,wikidata,https://www.republicbank.com/careers,2026-09-19
RBKB,https://www.rhinebeckbank.com,sec filing,https://rhinebeckbank.com/careers,2026-09-19
RBLX,https://corp.roblox.com,wikidata,https://careers.roblox.com/,2026-09-19
RBO.PA,https://www.roche-bobois.com,wikidata,,2026-09-19
RBRK,https://www.rubrik.com,wikidata,,2026-09-19
RC,https://www.readycapital.com,sec filing,https://readycapital.com/about/careers/,2026-09-19
RCAT,https://www.redcat.vote,sec filing,https://www.equitystock.com/careers,2026-09-19
RCEL,http://www.avitamedical.com,wikidata,https://avitamedical.com/careers/,2026-09-19
RCGH.L,,,,
RCH.L,,,,
RCI,https://www.rogers.com,wikidata,,2026-09-19
RCKT,https://rocketpharma.com,wikidata,https://careers-rocketpharma.icims.com/jobs/search?hashed=-625915635&mobile=false&width=1273&height=500&bga=true&needsRedirect=false&jan1offset=-300&jun1offset=-240,2026-09-19
RCKY,http://www.rockybrands.com,wikidata,https://www.rockybrands.com/careers,2026-09-19
RCL,https://www.royalcaribbeangroup.com,wikidata,https://careers.royalcaribbeangroup.com/,2026-09-19
RCML.KA,http://www.sapphire.com.pk,exchange profile,,2026-09-19
RCMT,https://www.rcmt.com,sec filing,https://www.rcmt.com/careers/,2026-09-19
RCO.PA,https://www.remy-cointreau.com,wikidata,,2026-09-19
RCS.MI,,,,
RCUS,https://arcusbio.com,wikidata,https://arcusbio.com/careers/,2026-09-19
RDDT,https://www.redditinc.com,wikidata,https://redditinc.com/careers,2026-09-19
RDIB,https://www.readingrdi.com,sec filing,,2026-09-19
RDN,https://www.radian.com,sec filing,,2026-09-19
RDNT,https://www.radnet.com,sec filing,https://careers.radnet.com/careers-home,2026-09-19
RDNW,https://www.ridenow.com,sec filing,,2026-09-19
RDVT,https://www.redviolet.com,sec filing,https://www.redviolet.com/careers/,2026-09-19
RDW,https://rdw.com,wikidata,https://rdw.com/careers/,2026-09-19
RDZN,https://www.roadzen.ai,sec filing,,2026-09-19
RE.L,,,,
REAL,http://www.therealreal.com,wikidata,,2026-09-19
REBN,https://www.reborncoffee.net,sec filing,,2026-09-19
REC.L,,,,
REC.MI,https://recordati.com,wikidata,,2026-09-19
RED.MC,,,,
REDCO.KA,http://www.redcotextiles.com,exchange profile,,2026-09-19
REED,https://www.reedsinc.com,sec filing,,2026-09-19
REF,,,,
REFR,,,,
REG,http://www.regencycenters.com,wikidata,,2026-09-19
REGN,https://www.regeneron.com,wikidata,https://careers.regeneron.com/,2026-09-19
REI,https://www.ringenergy.com,sec filing,https://www.ringenergy.com/careers,2026-09-19
REKR,https://www.rekor.ai,sec filing,https://www.rekor.ai/careers,2026-09-19
REL.L,http://www.relx.com,wikidata,https://www.relx.com/careers,2026-09-19
RELL,http://www.rell.com,wikidata,https://www.rell.com/careers/,2026-09-19
RELY,https://www.remitly.com,sec filing,https://careers.remitly.com/,2026-09-19
REN.MC,http://www.relx.com,wikidata,https://www.relx.com/careers,2026-09-19
RENT,http://www.renttherunway.com,wikidata,https://www.renttherunway.com/about-us/careers?action_type=footer_link,2026-09-19
RENX,https://www.renxent.com,sec filing,,2026-09-19
REP.MC,https://www.repsol.com,wikidata,,2026-09-19
REPX,https://www.rileypermian.com,sec filing,,2026-09-19
RES,,,,
RESI.L,,,,
REVO.MI,,,,
REWM.KA,http://www.fatima-group.com,exchange profile,https://www.fatima-group.com/join-us/,2026-09-19
REX,https://www.rexamerican.com,sec filing,,2026-09-19
REXR,https://www.rexfordindustrial.com,wikidata,https://www.rexfordindustrial.com/careers/,2026-09-19
REY.MI,https://www.reply.com,wikidata,https://www.reply.com/en/about/careers/,2026-09-19
REYN,https://www.reynoldsconsumerproducts.com,wikidata,https://www.reynoldsconsumerproducts.com/careers,2026-09-19
REZI,https://www.resideo.com,wikidata,https://www.careers.resideo.com/,2026-09-19
RF,https://www.regions.com,wikidata,https://careers.regions.com/us/en,2026-09-19
RF.PA,http://www.eurazeo.com,wikidata,,2026-09-19
RFIL,https://www.rfindustries.com,sec filing,https://rfindustries.com/about-us/careers/,2026-09-19
RFL,https://www.rafaelholdings.com,sec filing,,2026-09-19
RGA,http://www.rgare.com,wikidata,https://www.rgarecareers.com/us/en/,2026-09-19
RGCO,http://www.rgcresources.com,wikidata,,2026-09-19
RGEN,http://www.repligen.com,wikidata,https://www.repligen.com/company/careers,2026-09-19
RGLD,http://www.royalgold.com,wikidata,,2026-09-19
RGNX,https://www.regenxbio.com,sec filing,https://www.regenxbio.com/culture-careers/,2026-09-19
RGP,https://www.rgp.com,sec filing,https://rgp.com/careers/,2026-09-19
RGR,https://www.ruger.com,wikidata,https://www.ruger.com/micros/careers,2026-09-19
RGS,https://www.regiscorp.com,wikidata,https://www.regiscorp.com/careers,2026-09-19
RGTI,http://rigetti.com,wikidata,https://www.rigetti.com/careers,2026-09-19
RH,https://rh.com,wikidata,,2026-09-19
RHEP,https://www.regionalhealthproperties.com,sec filing,,2026-09-19
RHI,https://www.roberthalf.com,wikidata,https://www.roberthalf.com/us/en/jobs,2026-09-19
RHLD,https://resoluteholdings.com,wikidata,,2026-09-19
RHP,https://www.rymanhp.com,wikidata,https://opryentertainmentgroup.com/careers/,2026-09-19
RI.PA,http://pernod-ricard.com,wikidata,https://www.pernod-ricard.com/en/careers,2026-09-19
RICK,http://www.rcihospitality.com,wikidata,,2026-09-19
RICL.KA,http://www.relianceins.com,exchange profile,,2026-09-19
RIGL,https://www.rigel.com,sec filing,https://www.rigel.com/join-our-team,2026-09-19
RILY,https://brcgh.com,wikidata,https://www.brcgh.com/careers,2026-09-19
RIME,,,,
RIO.L,https://www.riotinto.com,wikidata,https://www.riotinto.com/en/careers,2026-09-19
RIO.MC,,,,
RIOT,https://www.riotplatforms.com,wikidata,https://www.riotplatforms.com/careers/,2026-09-19
RITM,http://www.rithmcap.com,wikidata,,2026-09-19
RIVN,https://rivian.com,wikidata,,2026-09-19
RJET,http://www.mesa-air.com,wikidata,https://www.mesa-air.com/,2026-09-19
RJF,https://www.raymondjames.com,wikidata,,2026-09-19
RJF.MC,http://www.reigjofre.com,wikidata,,2026-09-19
RKDA,http://www.arcadiabio.com,wikidata,https://arcadiabio.com/about/careers/,2026-09-19
RKLB,https://www.rocketlabcorp.com,sec filing,,2026-09-19
RKT,https://rocket.com,wikidata,,2026-09-19
RKT.L,,,,
RKTO,,,,
RL,https://www.ralphlauren.com,wikidata,http://careers.ralphlauren.com/,2026-09-19
RLAY,https://relaytx.com,wikidata,https://relaytx.com/careers/,2026-09-19
RLBY,https://www.rlby.com,sec filing,,2026-09-19
RLGT,https://www.radiantdelivers.com,sec filing,https://radiantdelivers.com/join-us,2026-09-19
RLI,http://www.rlicorp.com,wikidata,https://careers.rlicorp.com/,2026-09-19
RLIA.MC,,,,
RLJ,https://www.rljlodgingtrust.com,sec filing,https://www.rljlodgingtrust.com/careers/,2026-09-19
RLYB,https://rallybio.com,wikidata,https://rallybio.com/careers/,2026-09-19
RM,https://www.regionalmanagement.com,sec filing,,2026-09-19
RM.L,,,,
RMBI,,,,
RMBS,https://www.rambus.com,wikidata,https://www.rambus.com/careers/,2026-09-19
RMCF,https://www.rmcf.com,wikidata,https://www.rmcf.com/pages/careers,2026-09-19
RMCO,https://www.royaltymgmtcorp.com,sec filing,,2026-09-19
RMD,http://www.resmed.com,wikidata,,2026-09-19
RMIX,,,,
RMNI,https://www.riministreet.com,sec filing,https://www.riministreet.com/company/careers/,2026-09-19
RMR,https://www.rmrgroup.com,wikidata,https://www.rmrgroup.com/careers/,2026-09-19
RMS.PA,https://www.hermes.com,wikidata,,2026-09-19
RMSG,,,,
RMTG,,,,
RMTI,http://www.rockwellmed.com,wikidata,https://www.rockwellmed.com/careers/,2026-09-19
RMV.L,https://www.rightmove.co.uk,wikidata,https://www.rightmove.co.uk/careers/,2026-09-19
RN.MI,,,,
RNA,http://www.prosensa.eu,wikidata,,2026-09-19
RNAC,http://www.selectabio.com,wikidata,,2026-09-19
RNG,https://www.ringcentral.com,wikidata,https://www.ringcentral.com/company/careers/overview.html,2026-09-19
RNGR,https://www.rangerenergy.com,sec filing,https://www.rangerenergy.com/careers/,2026-09-19
RNK.L,,,,
RNO.PA,https://www.renaultgroup.com,wikidata,,2026-09-19
RNST,https://www.renasantbank.com,wikidata,https://www.renasantbank.com/about/careers,2026-09-19
RNTX,https://www.reintx.com,sec filing,https://www.reintx.com/careers/,2026-09-19
RNXT,https://www.renovorx.com,sec filing,https://renovorx.com/careers/,2026-09-19
ROAD,http://calibersys.com,wikidata,,2026-09-19
ROC,https://www.roc.ai,sec filing,,2026-09-19
ROCK,https://www.gibraltar1.com,sec filing,https://www.gibraltar1.com/careers,2026-09-19
ROG,http://www.rogerscorp.com,wikidata,https://www.rogerscorp.com/careers,2026-09-19
ROK,http://www.rockwellautomation.com,wikidata,https://www.rockwellautomation.com/en-us/careers.html,2026-09-19
ROKU,https://www.roku.com,wikidata,https://www.weareroku.com/home,2026-09-19
ROL,http://www.rollins.com,wikidata,https://careers.rollins.com/rollins/,2026-09-19
ROLR,https://www.highroller.com,sec filing,,2026-09-19
ROOT,,,,
ROP,http://www.roperind.com,wikidata,,2026-09-19
ROR.L,,,,
ROST,https://www.rossstores.com,wikidata,https://jobs.rossstores.com/,2026-09-19
ROVI.MC,https://rovi.es,wikidata,,2026-09-19
RPAY,https://www.repay.com,sec filing,https://repay.com/company/careers/,2026-09-19
RPC,https://www.ridgepostcapital.com,sec filing,,2026-09-19
RPD,https://www.rapid7.com,wikidata,https://careers.rapid7.com/,2026-09-19
RPI.L,,,,
RPID,https://www.rapidmicrobio.com,sec filing,https://jobs.lever.co/rapidmicrobio,2026-09-19
RPM,https://www.rpminc.com,wikidata,https://hcwx.fa.us2.oraclecloud.com/hcmUI/CandidateExperience/en/sites/CX_8/jobs?mode=location,2026-09-19
RPRX,https://www.royaltypharma.com,sec filing,,2026-09-19
RPT,http://www.rptrealty.com,wikidata,,2026-09-19
RR,https://www.richtechrobotics.com,wikidata,,2026-09-19
RR.L,https://www.rolls-royce.com,wikidata,https://careers.rolls-royce.com/,2026-09-19
RRBI,,,,
RRC,http://www.rangeresources.com,wikidata,https://www.rangeresources.com/careers/,2026-09-19
RRGB,https://www.redrobin.com,wikidata,https://www.redrobin.com/jobs-and-careers,2026-09-19
RRR,https://www.redrockresorts.com,sec filing,,2026-09-19
RRX,http://www.regalrexnord.com,wikidata,,2026-09-19
RS,http://www.rsac.com,wikidata,https://careers.reliance.com/,2026-09-19
RS1.L,,,,
RSG,https://www.republicservices.com,wikidata,https://jobs.republicservices.com/us/en,2026-09-19
RSI,https://www.rushstreetinteractive.com,sec filing,https://www.rushstreetinteractive.com/careers,2026-09-19
RSKD,http://www.riskified.com,wikidata,,2026-09-19
RSKIA,,,,
RSRV,https://www.reserve-petro.com,sec filing,,2026-09-19
RSSS,https://www.researchsolutions.com,sec filing,https://researchsol.bamboohr.com/careers,2026-09-19
RSVR,https://www.reservoir-media.com,sec filing,https://reservoir-media.com/careers/,2026-09-19
RTB,,,,
RTO.L,http://rentokil-initial.com,wikidata,,2026-09-19
RTX,https://www.rtx.com,wikidata,https://careers.rtx.com/global/en,2026-09-19
RUI.PA,https://rubis.fr,wikidata,,2026-09-19
RUM,https://rumble.com,wikidata,,2026-09-19
RUN,https://www.sunrun.com,wikidata,https://careers.sunrun.com/us/en,2026-09-19
RUSHA,http://www.rushenterprises.com,wikidata,https://www.rushenterprises.com/careers,2026-09-19
RVLV,https://www.revolve.com,sec filing,,2026-09-19
RVMD,https://www.revmed.com,wikidata,https://www.revmed.com/careers/,2026-09-19
RVP,https://www.retractable.com,sec filing,,2026-09-19
RVRF,https://www.riverbankandtrust.com,sec filing,https://riverbankandtrust.com/about-us/careers/,2026-09-19
RVSB,https://www.riverviewbank.com,sec filing,https://www.riverviewbank.com/about/careers,2026-09-19
RVTY,http://revvity.com,wikidata,,2026-09-19
RWA.L,,,,
RWDMU,https://www.redwoodmortgageinvestors.com,sec filing,,2026-09-19
RWT,https://www.redwoodtrust.com,sec filing,https://www.redwoodtrust.com/careers,2026-09-19
RXO,https://www.rxo.com,sec filing,https://rxo.com/join-our-team/,2026-09-19
RXRX,https://www.recursion.com,wikidata,https://www.recursion.com/careers,2026-09-19
RXST,https://www.rxsight.com,sec filing,https://rxsight.com/careers/,2026-09-19
RXT,https://www.rackspace.com,wikidata,https://rackspace.jobs/,2026-09-19
RY,https://rbc.com,wikidata,https://jobs.rbc.com/ca/en/,2026-09-19
RYAM,http://rayonieram.com,wikidata,https://ryam.com/our-people/jobs/,2026-09-19
RYAN,https://www.ryanspecialty.com,sec filing,https://ryanspecialty.com/careers/,2026-09-19
RYM,https://www.rythminc.com,sec filing,,2026-09-19
RYN,http://rayonier.com,wikidata,https://www.rayonier.com/careers,2026-09-19
RYTM,http://www.rhythmtx.com,wikidata,https://rhythmtx.com/careers/,2026-09-19
RYZ,https://www.ryerson.com,sec filing,,2026-09-19
S,http://www.sentinelone.com,wikidata,https://www.sentinelone.com/careers/,2026-09-19
SAB.MC,https://www.bancsabadell.com,wikidata,,2026-09-19
SAB.MI,,,,
SABR,https://www.sabre.com,wikidata,https://www.sabre.com/careers/,2026-09-19
SABS,,,,
SACH,https://www.sachemcapitalcorp.com,sec filing,,2026-09-19
SAF.PA,https://www.safran-group.com,wikidata,,2026-09-19
SAFE,https://www.safeholdinc.com,sec filing,https://www.safeholdinc.com/about-us/our-careers/,2026-09-19
SAFT,https://www.safetyinsurance.com,sec filing,https://www.safetyinsurance.com/about/careers.html,2026-09-19
SAFX,,,,
SAGA.L,,,,
SAH,http://www.sonicautomotive.com,wikidata,https://jobs.sonicautomotive.com/,2026-09-19
SAIA,http://www.saia.com,wikidata,,2026-09-19
SAIC,http://www.saic.com,wikidata,https://jobs.saic.com/,2026-09-19
SAIF.KA,http://www.saiftextile.com,exchange profile,,2026-09-19
SAIH,https://www.saiheat.com,sec filing,,2026-09-19
SAIL,https://www.sailpoint.com,sec filing,https://www.sailpoint.com/company/careers,2026-09-19
SAM,http://www.bostonbeer.com,wikidata,https://www.bostonbeer.com/careers,2026-09-19
SAMG,https://www.silvercrestgroup.com,sec filing,https://www.silvercrestgroup.com/careers/,2026-09-19
SAMS.PA,,,,
SAN.PA,https://www.sanofi.com,wikidata,https://jobs.sanofi.com/,2026-09-19
SANG,https://www.sangoma.com,sec filing,https://sangoma.com/company/careers/,2026-09-19
SANM,http://www.sanmina.com,wikidata,https://www.sanmina.com/careers,2026-09-19
SANSM.KA,http://www.sangharsugarmills.com,exchange profile,,2026-09-19
SAPT.KA,http://www.sapphire.com.pk,exchange profile,,2026-09-19
SARC.KA,http://www.sardarchemicals.com,exchange profile,https://www.sardarchemicals.com/careers/,2026-09-19
SARO,https://www.standardaero.com,sec filing,https://cva.fa.us1.oraclecloud.com/hcmUI/CandidateExperience/en/sites/CX_3/pages/10003,2026-09-19
SATL,https://www.satellogic.com,sec filing,https://satellogic.com/company/careers/,2026-09-19
SAZEW.KA,http://www.sazgarautos.com,exchange profile,,2026-09-19
SBAC,http://www.sbasite.com,wikidata,https://www.sbasite.com/company/careers/,2026-09-19
SBC,https://www.sbc-holdings.com,sec filing,,2026-09-19
SBCF,https://www.seacoastbanking.com,sec filing,,2026-09-19
SBDS,https://www.solobrands.com,sec filing,https://solobrands.rec.pro.ukg.net/SOL1500SOBR/JobBoard/efe535b8-ae67-4c14-b9a1-049af6dc3cd8/?q=&o=postedDateDesc,2026-09-19
SBET,https://www.sharplink.com,sec filing,,2026-09-19
SBFM,https://www.sunshinebiopharma.com,sec filing,,2026-09-19
SBGI,https://www.sbgi.net,wikidata,https://edyy.fa.us2.oraclecloud.com/hcmUI/CandidateExperience/en/sites/CX_2002,2026-09-19
SBH,https://www.sallybeauty.com,wikidata,https://www.sallybeauty.com/careers/,2026-09-19
SBIG,https://www.springbig.com,sec filing,,2026-09-19
SBMO.AS,http://www.sbmoffshore.com,wikidata,https://www.sbmoffshore.com/careers/,2026-09-19
SBMW,https://www.securitybk.com,sec filing,https://recruiting.paylocity.com/recruiting/jobs/All/2f916231-abbe-45c7-8d16-5343eef3ec4c/Security-Bank-S-B,2026-09-19
SBRA,https://www.sabrahealth.com,sec filing,https://sabrahealth.com/about/careers/,2026-09-19
SBRE.L,,,,
SBRY.L,http://www.j-sainsbury.co.uk,wikidata,,2026-09-19
SBSI,https://www.southside.com,wikidata,https://www.southside.com/resources/careers/,2026-09-19
SBUX,https://www.starbucks.com,wikidata,https://careers.starbucks.com/,2026-09-19
SCCO,http://www.southerncoppercorp.com,wikidata,,2026-09-19
SCE-PG,https://www.sce.com,sec filing,https://www.edisoncareers.com/,2026-09-19
SCHL,https://www.scholastic.com,wikidata,https://www.scholastic.com/aboutscholastic/careers/,2026-09-19
SCHP.PA,,,,
SCHW,https://www.schwab.com,wikidata,,2026-09-19
SCI,https://www.sci-corp.com,wikidata,,2026-09-19
SCIA,https://www.sciengineeredmaterials-proxy.com,sec filing,,2026-09-19
SCKT,https://www.socketmobile.com,sec filing,,2026-09-19
SCL,https://www.stepan.com,wikidata,,2026-09-19
SCL.KA,http://www.shield.com.pk,exchange profile,,2026-09-19
SCLX,https://www.scilexholding.com,sec filing,https://www.scilexholding.com/join-our-team,2026-09-19
SCND,https://www.scientificindustries.com,sec filing,,2026-09-19
SCNX,https://www.scientureholdings.com,sec filing,https://www.scientureholdings.com/contact#careers,2026-09-19
SCOR,https://www.comscore.com,wikidata,https://www.comscore.com/About/Careers/Job-Opportunities,2026-09-19
SCR.PA,https://www.scor.com,wikidata,https://www.scor.com/en/careers,2026-09-19
SCSC,http://www.scansource.com,wikidata,https://www.scansource.com/about/careers,2026-09-19
SCT.L,http://www.softcat.com,wikidata,https://www.softcat.com/careers,2026-09-19
SCTH,https://www.securetechinnovations.com,sec filing,,2026-09-19
SCTX,,,,
SCWO,https://www.374water.com,sec filing,https://374water.com/careers/,2026-09-19
SCYR.MC,https://www.sacyr.com,wikidata,,2026-09-19
SCYX,https://www.scynexis.com,sec filing,https://www.scynexis.com/about/careers/,2026-09-19
SD,http://www.sandridgeenergy.com,wikidata,,2026-09-19
SDCH,https://www.sidechannel.com,sec filing,https://www.sidechannel.com/about/careers/,2026-09-19
SDEV,,,,
SDGR,http://www.schrodinger.com,wikidata,https://www.schrodinger.com/company/careers/,2026-09-19
SDHC,,,,
SDLF.L,,,,
SDOT,https://www.sadotgroupinc.com,sec filing,,2026-09-19
SDR.L,http://www.schroders.com,wikidata,https://www.schroders.com/en/global/individual/careers/,2026-09-19
SDSYA,,,,
SDY.L,,,,
SEARL.KA,http://www.searlecompany.com,exchange profile,https://www.searlecompany.com/careers/,2026-09-19
SEAT,https://www.vividseats.com,sec filing,https://corporate.vividseats.com/careers/,2026-09-19
SEB,https://www.seaboardcorp.com,sec filing,https://www.seaboardcorp.com/working-at-seaboard/,2026-09-19
SEER,https://seer.bio,wikidata,https://seer.bio/careers/,2026-09-19
SEG,https://www.seaportentertainmentgroupinc.com,sec filing,,2026-09-19
SEGG,https://www.sports.com,sec filing,,2026-09-19
SEI,https://www.solaris-energy.com,sec filing,https://www.solaris-energy.com/company/careers,2026-09-19
SEIC,http://www.seic.com,wikidata,https://www.seic.com/careers/home,2026-09-19
SELF,https://www.globalselfstorage.us,sec filing,https://www.globalselfstorage.us/careers,2026-09-19
SENEA,http://www.senecafoods.com,wikidata,https://careers.senecafoods.com/,2026-09-19
SENS,http://senseonics.com,wikidata,https://www.senseonics.com/careers/benefits,2026-09-19
SEPL.KA,http://www.security-papers.com,exchange profile,https://security-papers.com/career/,2026-09-19
SEPN,https://www.septerna.com,sec filing,https://www.septerna.com/careers/,2026-09-19
SER,https://www.serinatx.com,sec filing,https://www.serinatx.com/careers,2026-09-19
SERA,https://www.sera.com,sec filing,https://www.sera.com/about/prenatal-care-organizations-careers/,2026-09-19
SERI.MI,,,,
SERT.KA,http://www.sitl.com.pk,exchange profile,,2026-09-19
SERV,https://www.serverobotics.com,wikidata,https://www.serverobotics.com/careers,2026-09-19
SES,https://www.ses.ai,sec filing,https://www.ses.ai/careers,2026-09-19
SEVN,https://www.sevnreit.com,sec filing,https://www.rmrgroup.com/careers/,2026-09-19
SEZL,http://www.sezzle.com,wikidata,https://sezzle.com/careers,2026-09-19
SF,https://www.stifel.com,wikidata,https://www.stifel.com/careers,2026-09-19
SFBC,https://www.soundcb.com,sec filing,https://www.soundcb.com/about-us/career-opportunities.html,2026-09-19
SFBS,https://www.servisfirstbancshares.com,sec filing,,2026-09-19
SFD,https://www.smithfieldfoods.com,wikidata,https://www.smithfieldfoods.com/careers,2026-09-19
SFDL,https://www.securityfederalbank.com,sec filing,https://www.securityfederalbank.com/careers,2026-09-19
SFER.MI,,,,
SFIX,https://www.stitchfix.com,wikidata,https://www.stitchfix.com/careers,2026-09-19
SFL.KA,http://www.sapphire.com.pk,exchange profile,,2026-09-19
SFL.MI,https://www.safilogroup.com,wikidata,,2026-09-19
SFM,https://www.sprouts.com,wikidata,https://www.sprouts.com/careers/,2026-09-19
SFNC,https://simmonsbank.com,wikidata,https://www.simmonsbank.com/about/careers,2026-09-19
SFOR.L,,,,
SFR.L,,,,
SFST,https://www.southernfirst.com,sec filing,https://www.southernfirst.com/careers,2026-09-19
SFT.MI,,,,
SG,http://sweetgreen.com,wikidata,https://careers.sweetgreen.com/,2026-09-19
SGA,https://www.sagacom.com,sec filing,https://sagacom.com/careers/,2026-09-19
SGC,https://www.superiorgroupofcompanies.com,sec filing,,2026-09-19
SGE.L,https://www.sage.com,wikidata,,2026-09-19
SGF.KA,http://www.serviceglobalfootwear.com,exchange profile,,2026-09-19
SGF.MI,http://www.sogefigroup.com,wikidata,,2026-09-19
SGHT,https://www.sightsciences.com,sec filing,https://www.sightsciences.com/us/careers/,2026-09-19
SGI,http://www.tempursealy.com,wikidata,https://www.tempursealy.com/careers/,2026-09-19
SGLY,https://www.singularity.us,sec filing,,2026-09-19
SGMOQ,https://www.sangamo.com,sec filing,https://www.sangamo.com/careers/,2026-09-19
SGO.PA,https://www.saint-gobain.com,wikidata,,2026-09-19
SGRP,https://www.sparinc.com,sec filing,https://sparinc.com/spar-careers/,2026-09-19
SGRY,https://surgerypartners.com,wikidata,https://surgerypartners.com/careers,2026-09-19
SGST,https://www.strategicreit.com,sec filing,,2026-09-19
SGU,https://www.star-gas.com,sec filing,,2026-09-19
SHAK,http://shakeshack.com,wikidata,,2026-09-19
SHAZ,https://www.sharonai.com,sec filing,https://sharonai.com/careers/,2026-09-19
SHBI,https://www.shorebancshares.com,sec filing,,2026-09-19
SHC,https://www.soterahealth.com,sec filing,https://soterahealth.com/careers/,2026-09-19
SHCI.KA,http://www.scil.com.pk,exchange profile,,2026-09-19
SHDT.KA,http://www.shadabtextile.com,exchange profile,http://www.shadabtextile.com/career.html,2026-09-19
SHEL.L,https://www.shell.com,wikidata,https://www.shell.com/careers,2026-09-19
SHEN,https://www.shentel.com,sec filing,https://www.shentel.com/en/careers,2026-09-19
SHFA.KA,http://www.shifa.com.pk,exchange profile,https://careers.shifa.com.pk/,2026-09-19
SHFS,https://www.shfinancial.org,sec filing,https://shfinancial.org/about-us/careers,2026-09-19
SHI.L,http://www.sigplc.com,wikidata,https://www.sigplc.com/careers,2026-09-19
SHIM,https://www.shimmick.com,sec filing,https://careers-shimmick.icims.com/jobs/intro?hashed=-625972241&mobile=false&width=1100&height=500&bga=true&needsRedirect=false&jan1offset=-420&jun1offset=-360,2026-09-19
SHJS.KA,http://www.shahtajsugar.com,exchange profile,,2026-09-19
SHLS,https://www.shoals.com,sec filing,https://shoals.com/en/careers/,2026-09-19
SHNI.KA,http://www.shaheeninsurance.com,exchange profile,https://www.shaheeninsurance.com/careers/,2026-09-19
SHO,https://www.sunstonehotels.com,sec filing,,2026-09-19
SHOE,https://www.shoecarnival.com,wikidata,https://www.shoecarnival.com/careers,2026-09-19
SHOO,,,,
SHOP,https://www.shopify.com,wikidata,https://www.shopify.com/careers,2026-09-19
SHSML.KA,http://www.shahmuradsugar.co,exchange profile,,2026-09-19
SHW,https://www.sherwin-williams.com,wikidata,https://careers.sherwin-williams.com/home,2026-09-19
SI,https://www.siemens.com,wikidata,https://www.siemens.com/en-us/company/jobs/,2026-09-19
SIBN,https://si-bone.com,wikidata,,2026-09-19
SIDU,https://sidusspace.com,wikidata,https://workforcenow.adp.com/mascsr/default/mdf/recruitment/recruitment.html?cid=274f5796-403b-41e3-b324-309840b20c85&ccId=19000101_000001&lang=en_US,2026-09-19
SIEB,https://www.siebert.com,sec filing,,2026-09-19
SIEM.KA,http://www.siemens.com.pk,exchange profile,https://www.siemens.com/en-us/company/jobs/,2026-09-19
SIF,https://www.sifco.com,sec filing,https://sifco.com/careers/,2026-09-19
SIFG.AS,https://sif-group.com,wikidata,,2026-09-19
SIGA,https://www.siga.com,sec filing,https://www.siga.com/careers,2026-09-19
SIGHT.PA,,,,
SIGI,https://www.selective.com,sec filing,https://www.selective.com/careers,2026-09-19
SII,https://www.sprott.com,sec filing,https://sprott.com/about-us/careers/,2026-09-19
SILO,https://www.silopharma.com,sec filing,,2026-09-19
SIM,,,,
SINT,https://www.sintx.com,sec filing,https://sintx.com/about/join-our-team/,2026-09-19
SIRI,https://www.siriusxm.com,wikidata,https://careers.siriusxm.com/,2026-09-19
SIT.MI,,,,
SITC,http://www.ddr.com,wikidata,https://www.sitecenters.com/careers,2026-09-19
SITC.KA,http://www.sitara.com.pk,exchange profile,https://careers.sitara.com.pk/,2026-09-19
SITE,https://www.siteone.com,wikidata,,2026-09-19
SITM,http://www.sitime.com,wikidata,https://www.sitime.com/company/careers,2026-09-19
SJM,https://www.jmsmucker.com,wikidata,https://www.jmsmucker.com/careers,2026-09-19
SK.PA,https://www.groupeseb.com,wikidata,,2026-09-19
SKIL,http://www.skillsoft.com,wikidata,,2026-09-19
SKIN,,,,
SKT,https://www.tanger.com,wikidata,https://www.tanger.inc/join-us/working-at-tanger,2026-09-19
SKWD,https://www.skywardinsurance.com,sec filing,https://skywardinsurance.com/about/careers/,2026-09-19
SKY,https://www.championhomes.com,sec filing,https://www.championhomes.com/careers,2026-09-19
SKYA,https://www.skyai.co,sec filing,,2026-09-19
SKYH,https://www.skyharbour.group,sec filing,https://skyharbour.group/careers-at-sky-harbour/,2026-09-19
SKYW,https://inc.skywest.com,wikidata,https://inc.skywest.com/corporate-information/careers/,2026-09-19
SKYX,https://www.skyx.com,sec filing,,2026-09-19
SLAB,http://www.silabs.com,wikidata,https://www.silabs.com/about-us/careers,2026-09-19
SLAIY,https://www.solai.com,sec filing,,2026-09-19
SLB,https://www.slb.com,wikidata,https://careers.slb.com/,2026-09-19
SLBK,https://www.skylinenationalbank.bank,sec filing,https://www.skylinenationalbank.bank/careers/,2026-09-19
SLDE,https://www.slideinsurance.com,sec filing,https://www.slideinsurance.com/,2026-09-19
SLDP,http://www.solidpowerbattery.com,wikidata,,2026-09-19
SLE,https://www.superleague.com,sec filing,https://www.linkedin.com/company/superleagueenterprise/jobs/,2026-09-19
SLF,http://www.sunlife.com,wikidata,https://www.sunlife.com/en/careers/,2026-09-19
SLG,http://www.slgreen.com,wikidata,https://slgreen.com/careers/,2026-09-19
SLGN,http://www.silganholdings.com,wikidata,,2026-09-19
SLIGR.AS,,,,
SLM,https://www.salliemae.com,wikidata,https://www.salliemae.com/careers/,2026-09-19
SLM.KA,http://www.slmtires.com,exchange profile,https://slmtires.com/careers/,2026-09-19
SLND,https://www.southlandholdings.com,sec filing,https://www.southlandholdings.com/open-positions/,2026-09-19
SLNG,https://www.stabilis-solutions.com,sec filing,https://stabilis-solutions.com/careers/,2026-09-19
SLNH,https://www.solunacomputing.com,sec filing,https://www.solunacomputing.com/careers,2026-09-19
SLP,http://www.simulations-plus.com,wikidata,https://www.simulations-plus.com/career-center/,2026-09-19
SLQT,https://www.selectquote.com,sec filing,http://careers.selectquote.com/,2026-09-19
SLR.MC,,,,
SLSN,https://www.solesence.com,sec filing,https://solesence.com/careers/,2026-09-19
SLVM,https://www.sylvamo.com,sec filing,https://nymollabruk.teamtailor.com/,2026-09-19
SM,http://www.sm-energy.com,wikidata,https://www.sm-energy.com/careers,2026-09-19
SMA,https://www.smartstopselfstorage.com,sec filing,https://smartstopselfstorage.com/about-us/careers,2026-09-19
SMBC,,,,
SMC,https://www.summitmidstream.com,sec filing,https://www.summitmidstream.com/careers,2026-09-19
SMCI,https://www.supermicro.com,wikidata,https://www.supermicro.com/en/jobs,2026-09-19
SMCP.PA,http://www.smcp.com,wikidata,,2026-09-19
SMCPL.KA,http://www.safemixlimited.com,exchange profile,,2026-09-19
SMG,http://www.scotts.com,wikidata,https://scottsmiraclegro.com/en-us/corporate/careers.html,2026-09-19
SMHI,https://www.seacormarine.com,sec filing,https://seacormarine.com/careers/,2026-09-19
SMID,https://www.smithmidland.com,sec filing,http://smithmidland.com/careers/,2026-09-19
SMIN.L,http://smiths-group.com,wikidata,https://www.smiths.com/careers,2026-09-19
SMJ.L,,,,
SML.KA,http://www.shakarganj.pk,exchange profile,,2026-09-19
SMMT,https://www.summittxinc.com,wikidata,,2026-09-19
SMP,https://www.smpcorp.com,sec filing,https://careers.smpcorp.com/,2026-09-19
SMPL,https://www.thesimplygoodfoodscompany.com,wikidata,,2026-09-19
SMR,http://www.nuscalepower.com,wikidata,https://www.nuscalepower.com/about/careers,2026-09-19
SMRT,https://www.steinmart.com,wikidata,,2026-09-19
SMSI,http://www.smithmicro.com,wikidata,https://www.smithmicro.com/careers/,2026-09-19
SMTC,http://www.semtech.com,wikidata,https://www.semtech.com/careers,2026-09-19
SMTI,https://www.sanaramedtech.com,sec filing,,2026-09-19
SMTK,https://www.smartkem.com,sec filing,,2026-09-19
SMWH.L,https://www.whsmith.co.uk,wikidata,,2026-09-19
SMXT,https://www.solarmaxtech.com,sec filing,,2026-09-19
SN,https://www.sharkninja.com,sec filing,https://careers.sharkninja.com/,2026-09-19
SN.L,http://www.smith-nephew.com,wikidata,https://www.smith-nephew.com/en-US/careers,2026-09-19
SNA,http://www.snapon.com,wikidata,https://www.snapon.com/EN/Careers,2026-09-19
SNAL,https://www.snail.com,sec filing,https://snail.com/careers,2026-09-19
SNAP,https://snap.com,wikidata,https://careers.snap.com/?lang=en-US,2026-09-19
SNBL.KA,http://www.soneribank.com,exchange profile,,2026-09-19
SNBRQ,https://www.sleepnumber.com,sec filing,http://jobs.sleepnumber.com/,2026-09-19
SND,https://www.smartsand.com,sec filing,https://smartsand.com/careers/,2026-09-19
SNDA,https://www.sonidaseniorliving.com,wikidata,https://www.sonidaseniorliving.com/careers/,2026-09-19
SNDK,https://www.sandisk.com,wikidata,https://www.sandisk.com/careers/jobs-at-sandisk,2026-09-19
SNDR,http://www.schneider.com,wikidata,https://schneiderjobs.com/?utm_source=schneider.com&utm_medium=referral,2026-09-19
SNDX,https://www.syndax.com,sec filing,https://syndax.com/careers/,2026-09-19
SNES,https://www.senestech.com,sec filing,,2026-09-19
SNEX,https://www.stonex.com,wikidata,,2026-09-19
SNFCA,https://www.securitynational.com,sec filing,https://www.securitynational.com/open-positions/,2026-09-19
SNGP.KA,http://www.sngpl.com.pk,exchange profile,https://www.sngpl.com.pk/page.jsp?pgids=315&pgname=PAGES_NAME_a&secs=ss7xa852op845&cats=ct456712337&artcl=artuyh709123465,2026-09-19
SNGX,https://www.soligenix.com,sec filing,https://www.soligenix.com/about/careers/,2026-09-19
SNNF,https://www.senecasavings.com,sec filing,,2026-09-19
SNOA,https://www.sonomapharma.com,sec filing,,2026-09-19
SNOW,https://www.snowflake.com,wikidata,https://careers.snowflake.com/us/en,2026-09-19
SNPS,https://www.synopsys.com,wikidata,https://careers.synopsys.com/,2026-09-19
SNR.L,,,,
SNTI,https://www.sentibio.com,sec filing,https://careers.sentibio.com/,2026-09-19
SNUS-PH,https://www.santanderus.com,sec filing,https://www.santandercareers.com/,2026-09-19
SNWS.L,,,,
SNWV,https://www.sanuwave.com,sec filing,,2026-09-19
SNX,https://www.synnexcorp.com,wikidata,https://www.tdsynnex.com/us/en/about-us/careers.html,2026-09-19
SNYR,https://www.synergychc.com,sec filing,,2026-09-19
SO,http://www.southerncompany.com,wikidata,https://southerncompany.jobs/?vs=2925&utm_source=southerncompany.com-DE&utm_medium=Other&utm_campaign=southerncompany.com&_ga=2.18922104.1393374614.1612792799-630953019.1598387569,2026-09-19
SOAR,,,,
SOBO,https://www.southbow.com,sec filing,https://www.southbow.com/careers-at-south-bow/,2026-09-19
SOBR,https://www.sobrsafe.com,sec filing,,2026-09-19
SOC,https://www.sableoffshore.com,sec filing,,2026-09-19
SODI,https://www.solitrondevices.com,sec filing,https://solitrondevices.com/career-opportunities/,2026-09-19
SOFI,http://sofi.com,wikidata,https://www.sofi.com/careers/,2026-09-19
SOI.PA,https://www.soitec.com,wikidata,https://careers-fr-soitec.icims.com/jobs/intro,2026-09-19
SOL.MI,https://www.solgroup.com,wikidata,,2026-09-19
SOLS,https://www.solstice.com,sec filing,,2026-09-19
SOLV,https://www.solventum.com,wikidata,https://www.solventum.com/en-us/home/our-company/careers/,2026-09-19
SOM.MI,,,,
SON,http://www.sonoco.com,wikidata,https://www.sonoco.com/careers,2026-09-19
SONM,http://www.sonimtech.com,wikidata,,2026-09-19
SONO,https://www.sonos.com,wikidata,,2026-09-19
SOP.PA,http://www.soprasteria.com,wikidata,https://www.soprasteria.com/careers,2026-09-19
SOTK,https://www.sono-tek.com,sec filing,https://www.sono-tek.com/about-us/careers/,2026-09-19
SOUN,https://www.soundhound.com,wikidata,https://www.soundhound.com/careers,2026-09-19
SOWG,https://www.sowginc.com,sec filing,,2026-09-19
SPAI,https://www.spai.vote,sec filing,https://www.equitystock.com/careers,2026-09-19
SPB,http://www.hrggroup.com,wikidata,,2026-09-19
SPCE,https://www.virgingalactic.com,wikidata,https://vgcareers.virgingalactic.com/global/en/,2026-09-19
SPCX,https://spacex.com,wikidata,,2026-09-19
SPEL.KA,http://www.spelgroup.com,exchange profile,,2026-09-19
SPFI,https://www.spfi.bank,sec filing,,2026-09-19
SPFX,https://www.standardpremium.com,sec filing,,2026-09-19
SPG,https://www.simon.com,wikidata,,2026-09-19
SPGI,https://www.spglobal.com,wikidata,,2026-09-19
SPH,https://www.suburbanpropane.com,sec filing,https://jobs.suburbanpropane.com/,2026-09-19
SPHR,https://www.sphereentertainmentco.com,sec filing,https://www.sphereentertainmentco.com/careers/,2026-09-19
SPI.L,,,,
SPIE.PA,http://www.spie.com,wikidata,,2026-09-19
SPIR,http://spire.com,wikidata,https://spire.com/careers/,2026-09-19
SPOK,https://www.spok.com,sec filing,https://www.spok.com/careers/,2026-09-19
SPRB,https://www.sprucebio.com,sec filing,https://sprucebio.com/careers/,2026-09-19
SPRO,https://www.sperotherapeutics.com,sec filing,,2026-09-19
SPRS,https://www.surgecomponents.com,sec filing,,2026-09-19
SPRU,https://www.sprucepower.com,sec filing,,2026-09-19
SPRY,https://silverbacktx.com,wikidata,,2026-09-19
SPSC,http://www.spscommerce.com,wikidata,https://jobs.spscommerce.com/life-at-sps/,2026-09-19
SPT,https://www.sproutsocial.com,sec filing,https://sproutsocial.com/careers/,2026-09-19
SPWH,https://www.sportsmans.com,sec filing,https://careers.sportsmans.com/career/,2026-09-19
SPWL.KA,http://www.saifpower.com,exchange profile,,2026-09-19
SPWR,https://us.sunpower.com,wikidata,https://us.sunpower.com/careers,2026-09-19
SPX.L,https://www.spiraxgroup.com,wikidata,https://www.spiraxgroup.com/en/life-at-spirax/careers,2026-09-19
SPXC,http://www.spx.com,wikidata,https://careers.spx.com/,2026-09-19
SQFT,https://www.presidiopt.com,sec filing,,2026-09-19
SQRL.MC,https://www.squirrelmedia.es,wikidata,,2026-09-19
SR,https://www.spireenergy.com,wikidata,https://jobs.spireenergy.com/,2026-09-19
SRAD.L,,,,
SRBK,,,,
SRCE,https://www.1stsource.com,sec filing,https://www.1stsource.com/about/careers/,2026-09-19
SRE,http://www.sempra.com,wikidata,,2026-09-19
SRFM,https://www.surfair.com,sec filing,https://workforcenow.adp.com/mascsr/default/mdf/recruitment/recruitment.html?cid=fbb94cb3-cbb5-4d4b-8225-770829b92d51&ccId=19000101_000001&lang=en_US,2026-09-19
SRG,http://www.seritage.com,wikidata,,2026-09-19
SRG.MI,http://www.snam.it,wikidata,,2026-09-19
SRI,https://www.stoneridge.com,sec filing,https://stoneridge.wd5.myworkdayjobs.com/Careers,2026-09-19
SRP.L,,,,
SRP.PA,,,,
SRPT,http://www.sarepta.com,wikidata,https://www.sarepta.com/join-us,2026-09-19
SRRK,https://www.scholarrock.com,sec filing,https://scholarrock.com/our-company/careers/,2026-09-19
SRTA,https://www.stratacritical.com,sec filing,https://www.stratacritical.com/careers,2026-09-19
SRTS,https://www.sensushealthcare.com,sec filing,https://sensushealthcare.com/careers/,2026-09-19
SRVI.KA,http://www.servisgroup.com,exchange profile,https://servisgroup.com/careers/,2026-09-19
SRXH,https://www.srxhealth.com,sec filing,,2026-09-19
SRZN,https://www.surrozen.com,sec filing,https://surrozen.com/careers/,2026-09-19
SSB,https://www.southstatebank.com,wikidata,,2026-09-19
SSD,https://simpsonmfg.com,wikidata,,2026-09-19
SSE.L,https://www.sse.com,wikidata,https://www.sse.com/careers/,2026-09-19
SSGC.KA,http://www.ssgc.com.pk,exchange profile,https://www.ssgc.com.pk/careers,2026-09-19
SSL.MI,,,,
SSMR,,,,
SSNC,https://www.ssctech.com,wikidata,https://www.ssctech.com/careers/why-ssc,2026-09-19
SSP,http://www.scripps.com,wikidata,https://scripps.com/careers/find-a-job,2026-09-19
SSPG.L,,,,
SSRM,http://www.silverstandard.com,wikidata,,2026-09-19
SST,https://www.system1.com,sec filing,https://system1.com/job-openings,2026-09-19
SSTI,http://soundthinking.com,wikidata,https://www.soundthinking.com/careers,2026-09-19
SSTK,http://www.shutterstock.com,wikidata,,2026-09-19
SSYS,http://www.solid-scape.com,wikidata,,2026-09-19
STAA,https://www.staar.com,sec filing,https://phg.tbe.taleo.net/phg01/ats/careers/v2/jobSearch?act=redirectCwsV2&cws=38&org=STAAR,2026-09-19
STAG,https://www.stagindustrial.com,sec filing,https://workforcenow.adp.com/mascsr/default/mdf/recruitment/recruitment.html?cid=dbd717e8-5da3-499b-a396-c1f2e7cfcd67&ccId=19000101_000001&lang=en_US,2026-09-19
STAN.L,https://www.sc.com,wikidata,https://www.sc.com/en/global-careers/,2026-09-19
STB.L,http://www.securetrustbank.com,wikidata,https://www.securetrustbank.com/careers/,2026-09-19
STBA,https://www.stbancorp.com,sec filing,,2026-09-19
STC,http://www.stewart.com,wikidata,https://www.stewart.com/en/about-stewart/careers,2026-09-19
STCB,https://www.starcobrands.com,sec filing,,2026-09-19
STDN,,,,
STEM,https://www.stem.com,wikidata,https://www.stem.com/careers/,2026-09-19
STEM.L,http://www.sthree.com,wikidata,,2026-09-19
STEP,https://www.stepstonegroup.com,sec filing,,2026-09-19
STEX,https://www.streamex.com,sec filing,,2026-09-19
STGW,http://www.mdc-partners.com,wikidata,,2026-09-19
STHO,https://www.starholdingsco.com,sec filing,,2026-09-19
STI,https://www.suntrust.com,wikidata,https://careers.truist.com/,2026-09-19
STIM,http://www.neuronetics.com,wikidata,https://neurostar.com/neuronetics/careers-with-neuronetics/,2026-09-19
STJ.L,http://www1.sjp.co.uk,wikidata,https://careers.sjp.co.uk/,2026-09-19
STJT.KA,http://www.shahtaj.com,exchange profile,,2026-09-19
STKE,https://www.solstrategies.io,sec filing,,2026-09-19
STKS,https://www.stksteakhouse.com,sec filing,https://harri.com/stk-jobs,2026-09-19
STLD,http://www.steeldynamics.com,wikidata,,2026-09-19
STLE,,,,
STLN,,,,
STLY,https://www.hgholdingsinc.net,sec filing,,2026-09-19
STML.KA,http://www.shams.com.pk,exchange profile,https://shams.com.pk/career/,2026-09-19
STOK,https://www.stoketherapeutics.com,sec filing,https://www.stoketherapeutics.com/careers/,2026-09-19
STRA,https://www.strategiceducation.com,sec filing,https://sei.strategiceducation.com/about/careers/who-we-are/,2026-09-19
STRL,https://www.strlco.com,sec filing,https://www.strlco.com/join-us/,2026-09-19
STRO,http://www.sutrobio.com,wikidata,https://www.sutrobio.com/careers/join-our-team/,2026-09-19
STRR,https://www.starequity.com,sec filing,,2026-09-19
STRS,,,,
STRT,https://www.strattec.com,sec filing,https://www.strattec.com/careers,2026-09-19
STRW,https://www.strawberryfieldsreit.com,sec filing,,2026-09-19
STRZ,https://www.starz.com,sec filing,https://careers.starz.com/,2026-09-19
STSR,https://www.strategicreit.com,sec filing,,2026-09-19
STT,https://www.statestreet.com,wikidata,https://careers.statestreet.com/global/en,2026-09-19
STTK,https://www.shattucklabs.com,sec filing,https://www.shattucklabs.com/careers,2026-09-19
STUB,https://www.stubhub.com,sec filing,https://job-boards.greenhouse.io/stubhubinc,2026-09-19
STVG.L,http://www.stvplc.tv,wikidata,https://www.stvplc.tv/careers/,2026-09-19
STWD,https://www.starwoodpropertytrust.com,sec filing,,2026-09-19
STXS,https://www.stereotaxis.com,sec filing,https://stereotaxis.hua.hrsmart.com/hr/ats/JobSearch/viewAll,2026-09-19
STYLERS.KA,http://www.stylersintl.com,exchange profile,,2026-09-19
STZ,https://cbrands.mx,wikidata,,2026-09-19
SU,http://www.suncor.com,wikidata,,2026-09-19
SU.PA,https://www.se.com,wikidata,https://www.se.com/ww/en/about-us/careers/overview/,2026-09-19
SUI,https://www.suncommunities.com,wikidata,,2026-09-19
SUIG,https://www.suig.io,sec filing,,2026-09-19
SUJA,,,,
SUN,https://www.sunoco.com,wikidata,,2026-09-19
SUNB,https://www.sunbeltrentals.com,wikidata,https://www.sunbeltrentals.com/careers/,2026-09-19
SUNC,,,,
SUNE,http://www.sunedison.com,wikidata,,2026-09-19
SUNS,https://www.sunriserealtytrust.com,sec filing,,2026-09-19
SUPN,https://www.supernus.com,sec filing,https://gusea1p01.rec.pro.ukg.net/SUP1013SUPR,2026-09-19
SURC.KA,http://www.suraj.com,exchange profile,https://www.suraj.com/career/,2026-09-19
SURG,https://www.surgepays.com,sec filing,,2026-09-19
SUS.L,https://www.suplc.co.uk,wikidata,https://www.suplc.co.uk/careers.html,2026-09-19
SUTM.KA,http://www.indus-group.com,exchange profile,https://indus-group.com/careers/,2026-09-19
SVC,https://www.svcreit.com,sec filing,,2026-09-19
SVCO,https://www.silvaco.com,sec filing,https://careers.smartrecruiters.com/Silvaco1,2026-09-19
SVM,http://www.silvercorpmetals.com,wikidata,https://silvercorpmetals.com/careers/,2026-09-19
SVNS.L,,,,
SVS.L,https://www.savills.com,wikidata,https://www.savills.com/why-savills/careers.aspx,2026-09-19
SVT.L,https://www.stwater.co.uk,wikidata,https://www.severntrent.com/careers/overview/,2026-09-19
SVV,https://www.savers.com,sec filing,,2026-09-19
SW.PA,https://www.sodexo.com,wikidata,https://www.sodexo.com/working-at-sodexo/find-a-job,2026-09-19
SWAG,https://www.stran.com,sec filing,https://www.stran.com/about-stran#careers,2026-09-19
SWBI,https://www.smith-wesson.com,sec filing,https://www.smith-wesson.com/careers,2026-09-19
SWDR,https://www.starwoodnav.reit,sec filing,,2026-09-19
SWIM,https://www.lathampool.com,sec filing,https://www.lathampool.com/about-us/careers/,2026-09-19
SWK,http://www.stanleyblackanddecker.com,wikidata,https://www.stanleyblackanddecker.com/careers,2026-09-19
SWKH,,,,
SWKS,https://www.skyworksinc.com,wikidata,https://careers.skyworksinc.com/,2026-09-19
SWMR,,,,
SWRD,https://stewards.com,wikidata,,2026-09-19
SWX,https://www.swgas.com,wikidata,https://www.swgas.com/en/employment,2026-09-19
SXC,https://www.suncoke.com,sec filing,https://recruiting.ultipro.com/SUN1006SUNCO,2026-09-19
SXI,http://www.standex.com,wikidata,https://standex.com/careers/,2026-09-19
SXT,http://www.sensient.com,wikidata,https://careers.sensient.com/,2026-09-19
SXTP,https://www.60degreespharma.com,sec filing,,2026-09-19
SYBT,https://www.syb.com,sec filing,,2026-09-19
SYK,https://stryker.com,wikidata,,2026-09-19
SYM,https://symbotic.com,wikidata,https://www.symbotic.com/careers/,2026-09-19
SYM.KA,http://www.symmetrygroup.biz,exchange profile,https://symmetrygroup.biz/careers,2026-09-19
SYME.L,,,,
SYNA,https://www.synaptics.com,wikidata,https://www.synaptics.com/careers,2026-09-19
SYNT.L,http://www.synthomer.com,wikidata,https://www.synthomer.com/careers/,2026-09-19
SYPR,https://www.sypris.com,sec filing,https://www.sypris.com/careers/,2026-09-19
SYRA,https://www.syrahealth.com,sec filing,https://www.syrahealth.com/careers,2026-09-19
SYRE,http://aegleabio.com,wikidata,,2026-09-19
SYS.KA,http://www.systemsltd.com,exchange profile,https://www.systemsltd.com/careers,2026-09-19
SYY,https://www.sysco.com,wikidata,,2026-09-19
T,https://www.att.com,wikidata,,2026-09-19
TAC,http://www.transalta.com,wikidata,https://transalta.com/careers,2026-09-19
TACT,https://www.transactsupplies.com,sec filing,,2026-09-19
TALO,https://www.talosenergy.com,wikidata,,2026-09-19
TAOX,https://www.taosynergies.com,sec filing,,2026-09-19
TAP-A,http://www.molsoncoors.com,wikidata,https://www.molsoncoors.com/careers,2026-09-19
TARS,https://www.tarsusrx.com,sec filing,https://tarsusrx.com/careers/,2026-09-19
TASK,https://www.taskus.com,sec filing,https://www.taskus.com/careers/,2026-09-19
TATE.L,,,,
TATM.KA,http://www.tatapakistan.com,exchange profile,https://tatapakistan.com/career/,2026-09-19
TAYD,https://www.taylordevices.com,sec filing,https://www.taylordevices.com/about-us/careers/,2026-09-19
TBBK,,,,
TBCG.L,,,,
TBCH,https://www.turtlebeach.com,sec filing,,2026-09-19
TBI,https://www.trueblue.com,wikidata,https://www.trueblue.com/careers/,2026-09-19
TBLA,https://www.taboola.com,wikidata,https://www.taboola.com/careers,2026-09-19
TBN,https://www.tamboran.com,sec filing,,2026-09-19
TBTC,,,,
TBTG.L,,,,
TCBI,https://www.texascapitalbank.com,wikidata,https://texascapitalbank.com/who-we-are/careers,2026-09-19
TCBK,https://www.tcbk.com,wikidata,https://www.tcbk.com/about/careers,2026-09-19
TCBS,,,,
TCI,,,,
TCMD,https://www.tactilemedical.com,sec filing,https://tactilemedical.com/about-us/careers/,2026-09-19
TCORP.KA,http://www.tariqcorp.com,exchange profile,https://tariqcorp.com/careers/,2026-09-19
TCRT,https://alaunos.com,wikidata,,2026-09-19
TCRX,https://www.tscan.com,sec filing,,2026-09-19
TCX,http://www.tucows.com,wikidata,https://www.tucows.com/careers/overview,2026-09-19
TD,http://www.td.com,wikidata,https://careers.td.com/,2026-09-19
TDAY,https://www.usatodayco.com,wikidata,https://www.usatodayco.com/careers/,2026-09-19
TDC,https://www.teradata.com,wikidata,https://www.teradata.com/about-us/careers,2026-09-19
TDG,http://www.transdigm.com,wikidata,,2026-09-19
TDOC,http://www.teladoc.com,wikidata,https://teladoc.wd503.myworkdayjobs.com/en-US/teladochealth_is_hiring?q=Clinician%20at%20Teladoc%20Health&locationCountry=bc33aa3152ec42d4995f4791a106ed09,2026-09-19
TDS,http://www.tdsinc.com,wikidata,,2026-09-19
TDUP,http://www.thredup.com,wikidata,,2026-09-19
TDW,https://www.tdw.com,wikidata,https://www.tdw.com/careers/offshore-careers/,2026-09-19
TDY,http://www.teledyne.com,wikidata,https://www.teledyne.com/careers,2026-09-19
TE,https://www.tecoenergy.com,wikidata,,2026-09-19
TEAD,http://www.outbrain.com,wikidata,https://www.teads.com/teads-careers/,2026-09-19
TEAM,https://www.atlassian.com,wikidata,https://www.atlassian.com/company/careers,2026-09-19
TECH,https://www.bio-techne.com,wikidata,,2026-09-19
TECK,http://www.teck.com,wikidata,https://www.teck.com/careers/,2026-09-19
TEF.MC,https://www.telefonica.com,wikidata,,2026-09-19
TELA,https://www.telabio.com,sec filing,,2026-09-19
TEM,https://www.tempus.com,wikidata,,2026-09-19
TENB,https://www.tenable.com,wikidata,https://www.tenable.com/careers,2026-09-19
TENX,https://www.tenaxthera.com,sec filing,https://tenaxthera.com/careers/,2026-09-19
TEP.L,https://telecomplus.co.uk,wikidata,https://uw.co.uk/about-us/careers,2026-09-19
TEP.PA,http://www.teleperformance.com,wikidata,https://www.tp.com/en-us/careers/job-opportunities/,2026-09-19
TER,https://www.teradyne.com,wikidata,https://jobs.teradyne.com/,2026-09-19
TES.MI,,,,
TEX,http://www.terex.com,wikidata,https://www.terex.com/en/careers,2026-09-19
TFC,https://www.truist.com,wikidata,https://careers.truist.com/,2026-09-19
TFI.PA,https://www.groupe-tf1.fr,wikidata,,2026-09-19
TFII,https://tfiintl.com,wikidata,,2026-09-19
TFIN,https://www.triumph.io,sec filing,https://triumph.io/about-us/careers/,2026-09-19
TFPM,https://www.tripleflagpm.com,sec filing,,2026-09-19
TFSL,,,,
TFX,http://www.teleflex.com,wikidata,,2026-09-19
TGB,,,,
TGEN,https://www.tecogen.com,sec filing,https://www.tecogen.com/about/careers,2026-09-19
TGL,https://www.treasureglobal.co,sec filing,,2026-09-19
TGL.KA,http://www.tariqglass.com,exchange profile,,2026-09-19
TGLS,https://www.tecnoglass.com,sec filing,https://empleos.tecnoglass.net/,2026-09-19
TGR.L,,,,
TGT,https://www.target.com,wikidata,https://corporate.target.com/careers?fbclid=IwcGRvZgVmZGlkFlDrnINqWKTf3oFExckSUpRuZgfKPl9leHRuA2FlbQIxMQBzcnRjBmFwcF9pZAo2NjI4NTY4Mzc5AAEeEzPrX_wCL9GG9cdIhatq--EO05ZHaEjwiQLCKFT7O-4BvSt1dxt0GYbrU7w_aem_YpSxebcKT8nS6tX_Z9TLeg,2026-09-19
TGTX,http://tgtherapeutics.com,wikidata,https://www.tgtherapeutics.com/about-us/join-us/,2026-09-19
TH,https://www.targethospitality.com,sec filing,https://www.targethospitality.com/about-us/careers/,2026-09-19
THALL.KA,http://www.thallimited.com,exchange profile,https://thallimited.com/careers,2026-09-19
THC,https://tenethealth.com,wikidata,,2026-09-19
THCH,,,,
THEP.PA,,,,
THFF,https://www.first-online.bank,wikidata,https://www.first-online.bank/Company/careers,2026-09-19
THG,http://www.hanover.com,wikidata,https://www.hanover.com/im-looking/im-job-seeker/careers,2026-09-19
THG.L,http://www.thehutgroup.com,wikidata,https://www.thg.com/careers,2026-09-19
THM,,,,
THO,https://www.thorindustries.com,wikidata,https://www.thorindustries.com/careers,2026-09-19
THRM,https://www.gentherm.com,wikidata,https://gentherm.com/careers/,2026-09-19
THRY,https://www.thryv.com,wikidata,,2026-09-19
TIC,https://www.ticsolutions.com,sec filing,,2026-09-19
TII,https://www.titanminingcorp.com,sec filing,https://www.titanminingcorp.com/contact/careers/,2026-09-19
TILE,http://www.interfaceinc.com,wikidata,https://www.interface.com/US/en-US/more-from-interface/careers.html,2026-09-19
TIP.MI,,,,
TIPT,https://www.tiptreeinc.com,sec filing,,2026-09-19
TISI,https://www.teaminc.com,sec filing,https://www.teaminc.com/careers/,2026-09-19
TIT.MI,https://www.gruppotim.it,wikidata,,2026-09-19
TITN,https://titanmachinery.at,wikidata,,2026-09-19
TJX,http://www.tjx.com,wikidata,https://www.tjx.com/careers,2026-09-19
TKNO,,,,
TKO,https://tkogrp.com,wikidata,https://wwecorp.wd5.myworkdayjobs.com/TKO,2026-09-19
TKR,http://www.timken.com,wikidata,https://timken.com/careers/,2026-09-19
TLF,http://www.tandyleatherfactory.com,wikidata,,2026-09-19
TLGO.MC,https://www.talgo.com,wikidata,,2026-09-19
TLN,http://www.talenenergy.com,wikidata,https://www.talenenergy.com/our-people/,2026-09-19
TLPH,http://www.acelrx.com,wikidata,https://talphera.com/#careers,2026-09-19
TLRY,https://www.tilray.com,wikidata,,2026-09-19
TLS,http://www.telos.com,wikidata,https://www.telos.com/careers/,2026-09-19
TLSI,https://www.trisaluslifesci.com,sec filing,https://trisaluslifesci.com/careers/,2026-09-19
TLW.L,http://www.tullowoil.com,wikidata,https://www.tullowoil.com/careers/,2026-09-19
TLX,https://www.telixpharma.com,sec filing,https://telixpharma.com/careers/,2026-09-19
TLYS,http://www.tillys.com,wikidata,,2026-09-19
TMC,https://www.tmc.com,sec filing,,2026-09-19
TMCI,https://www.treace.com,sec filing,https://www.treace.com/about-us/careers/,2026-09-19
TMDX,https://www.transmedics.com,sec filing,,2026-09-19
TMO,https://www.thermofisher.com,wikidata,https://jobs.thermofisher.com/,2026-09-19
TMP,https://www.tompkinsfinancial.com,sec filing,https://careers.tompkinsfinancial.com/,2026-09-19
TMS,https://www.teamshares.com,wikidata,https://www.teamshares.com/careers,2026-09-19
TMUS,https://www.t-mobile.com,wikidata,,2026-09-19
TNC,http://www.tennantco.com,wikidata,https://jobs.tennantco.com/?utm_source=careersite&utm_campaign=careersite,2026-09-19
TNDM,http://www.tandemdiabetes.com,wikidata,https://www.tandemdiabetes.com/about-us/careers,2026-09-19
TNET,http://www.trinet.com,wikidata,https://www.trinet.com/about-us/careers,2026-09-19
TNG.PA,http://www.transgene.fr,wikidata,https://www.transgene.com/career,2026-09-19
TNGX,https://www.tangotx.com,wikidata,https://www.tangotx.com/join-us/,2026-09-19
TNL,https://www.travelandleisureco.com,sec filing,https://www.travelandleisureco.com/content/corporate/tnlco/us/en/careers,2026-09-19
TNON,https://www.tenonmed.com,sec filing,,2026-09-19
TNXP,http://www.tonixpharma.com,wikidata,https://www.tonixpharma.com/careers/,2026-09-19
TNYA,https://www.tenayatherapeutics.com,sec filing,https://www.tenayatherapeutics.com/careers/,2026-09-19
TOFB,https://www.tofutti.com,sec filing,,2026-09-19
TOGI,https://www.turnongreen.com,sec filing,https://turnongreen.com/careers/,2026-09-19
TOL,http://www.tollbrothers.com,wikidata,https://www.tollcareercenter.com/,2026-09-19
TOM2.AS,https://www.tomtom.com,wikidata,https://www.tomtom.com/careers/joboverview/,2026-09-19
TOMZ,http://www.rpsgroup.com,wikidata,https://www.rpsgroup.com/careers/,2026-09-19
TONX,https://www.tonstrat.com,sec filing,https://www.tonstrat.com/careers,2026-09-19
TOON,https://www.kartoonstudios.com,sec filing,,2026-09-19
TOP,,,,
TOPP,https://www.toppointtrucking.com,sec filing,https://toppointtrucking.com/join-us/,2026-09-19
TOST,https://pos.toasttab.com,wikidata,,2026-09-19
TOVX,https://www.therivabio.com,sec filing,https://therivabio.com/careers/,2026-09-19
TOWN.L,,,,
TPB,https://www.turningpointbrands.com,wikidata,,2026-09-19
TPC,http://www.tutorperini.com,wikidata,https://tutorperini.wd12.myworkdayjobs.com/external,2026-09-19
TPCS,https://www.techprecision.com,sec filing,,2026-09-19
TPET,https://www.trio-petroleum.com,sec filing,,2026-09-19
TPG,https://www.tpg.com,wikidata,https://www.tpg.com/careers,2026-09-19
TPK.L,,,,
TPL,https://www.texaspacific.com,wikidata,,2026-09-19
TPLT.KA,http://www.tpltrakker.com,exchange profile,,2026-09-19
TPR,https://www.coach.com,wikidata,,2026-09-19
TPRO.MI,,,,
TPT.L,https://www.toppstiles.co.uk,wikidata,,2026-09-19
TPTS,https://www.terrapropertytrust.com,sec filing,,2026-09-19
TR,http://www.tootsie.com,wikidata,https://tootsie.com/careers/,2026-09-19
TRAK,https://www.repositrak.com,sec filing,,2026-09-19
TRAW,https://www.trawspharma.com,sec filing,,2026-09-19
TRC,http://www.tejonranch.com,wikidata,,2026-09-19
TRCK,https://www.trackgrp.com,sec filing,https://trackgrp.com/careers/,2026-09-19
TRD.L,,,,
TRDA,https://www.entradatx.com,sec filing,https://www.entradatx.com/careers,2026-09-19
TRE.MC,http://www.tecnicasreunidas.es,wikidata,https://www.tecnicasreunidas.es/careers,2026-09-19
TREE,https://www.lendingtree.com,wikidata,https://www.lendingtree.com/careers/,2026-09-19
TREET.KA,http://www.treetcorp.com,exchange profile,,2026-09-19
TREX,http://trex.com,wikidata,https://careers.trex.com/,2026-09-19
TRG.MC,,,,
TRGP,https://www.targaresources.com,wikidata,,2026-09-19
TRI,https://thomsonreuters.com,wikidata,https://www.thomsonreuters.com/en/careers,2026-09-19
TRI.L,,,,
TRIO.AS,https://www.triodos.com,wikidata,https://www.triodos.com/en/careers,2026-09-19
TRIP,https://www.tripadvisor.com,wikidata,https://careers.tripadvisor.com/,2026-09-19
TRIPF.KA,http://www.tripack.com.pk,exchange profile,,2026-09-19
TRLV,https://www.trulieve.com,sec filing,,2026-09-19
TRMB,http://www.trimble.com,wikidata,https://www.trimble.com/en/careers,2026-09-19
TRMK,https://www.trustmark.com,sec filing,https://www.trustmark.com/careers/Trustmark,2026-09-19
TRN,http://www.trin.net,wikidata,,2026-09-19
TRN.L,,,,
TRN.MI,http://www.terna.it,wikidata,,2026-09-19
TRNO,https://www.terreno.com,sec filing,,2026-09-19
TRNR,https://www.interactivestrength.com,sec filing,,2026-09-19
TRNS,https://www.transcat.com,sec filing,https://www.transcat.com/about-us/employment,2026-09-19
TRON,,,,
TROW,http://www.troweprice.com,wikidata,https://www.troweprice.com/en/us/careers,2026-09-19
TROX,https://www.tronox.com,wikidata,https://www.tronox.com/career/,2026-09-19
TRP,https://www.tcenergy.com,wikidata,https://www.tcenergy.com/about/careers/,2026-09-19
TRS,https://www.trimas.com,sec filing,https://www.trimas.com/about-trimas/careers/,2026-09-19
TRST,http://www.trustcobank.com,wikidata,https://www.trustcobank.com/employment-opportunities/,2026-09-19
TRST.L,,,,
TRT,https://www.triotech.com,sec filing,https://www.triotech.com/careers/,2026-09-19
TRU,https://www.transunion.com,wikidata,,2026-09-19
TRUG,https://www.trugolf.com,sec filing,,2026-09-19
TRUP,http://trupanion.com,wikidata,,2026-09-19
TRV,http://www.travelers.com,wikidata,https://careers.travelers.com/,2026-09-19
TRX,https://www.trxgold.com,sec filing,,2026-09-19
TSAT,https://www.telesat.com,sec filing,https://www.telesat.com/careers/,2026-09-19
TSBK,https://www.timberlandbank.com,sec filing,https://www.timberlandbank.com/about/careers,2026-09-19
TSCO,http://www.tractorsupply.com,wikidata,,2026-09-19
TSCO.L,https://www.tescoplc.com,wikidata,https://www.tescoplc.com/careers,2026-09-19
TSEOQ,https://www.trinseo.com,sec filing,https://www.trinseo.com/careers,2026-09-19
TSHA,https://www.tayshagtx.com,sec filing,https://tayshagtx.com/careers/,2026-09-19
TSLA,https://www.tesla.com,wikidata,,2026-09-19
TSN,http://www.tyson.com,wikidata,,2026-09-19
TSNDF,https://www.terrascend.com,sec filing,https://careers.terrascend.com/,2026-09-19
TSQ,http://www.townsquaremedia.com,wikidata,https://townsquareignite.com/jobs/,2026-09-19
TSSI,https://www.tssiusa.com,sec filing,https://tssiusa.com/careers/,2026-09-19
TTAN,https://servicetitan.com,wikidata,https://www.servicetitan.com/careers,2026-09-19
TTC,http://www.toro.fr,wikidata,,2026-09-19
TTD,http://www.thetradedesk.com,wikidata,https://careers.thetradedesk.com/,2026-09-19
TTE.PA,https://www.totalenergies.com,wikidata,https://totalenergies.com/careers,2026-09-19
TTEC,https://www.ttec.com,wikidata,,2026-09-19
TTEK,http://www.tetratech.com,wikidata,https://www.tetratech.com/careers/,2026-09-19
TTG.L,http://www.ttelectronics.com,wikidata,https://global-portal-ttelectronics.icims.com/jobs/search,2026-09-19
TTGT,https://www.techtarget.com,wikidata,,2026-09-19
TTI,,,,
TTMI,https://www.ttm.com,wikidata,https://ttmtech.wd5.myworkdayjobs.com/jobs,2026-09-19
TTSH,https://www.tileshop.com,sec filing,https://careers.smartrecruiters.com/TheTileShop1,2026-09-19
TTWO,http://www.take2games.com,wikidata,https://careers.take2games.com/,2026-09-19
TU,https://www.telus.com,wikidata,,2026-09-19
TUB.MC,https://www.tubacex.com,wikidata,https://www.tubacex.com/jobs/,2026-09-19
TULP,https://www.insigniasystems.com,wikidata,https://insignia.applytojob.com/apply,2026-09-19
TUSK,https://www.mammothenergy.com,sec filing,,2026-09-19
TVRD,https://www.tvarditherapeutics.com,sec filing,https://tvarditherapeutics.com/careers/,2026-09-19
TVTX,https://www.travere.com,sec filing,https://travere.com/careers/,2026-09-19
TW,https://www.tradeweb.com,wikidata,,2026-09-19
TW.L,,,,
TWAV,https://www.taoweave.ai,sec filing,,2026-09-19
TWEKA.AS,,,,
TWFG,https://www.twfg.com,sec filing,,2026-09-19
TWI,http://www.titan-intl.com,wikidata,https://www.titan-intl.com/employment,2026-09-19
TWIN,http://www.twindisc.com,wikidata,https://twindisc.com/careers/,2026-09-19
TWLO,http://www.authy.com,wikidata,https://jobs.twilio.com/,2026-09-19
TWNPQ,,,,
TWST,https://www.twistbioscience.com,wikidata,https://www.twistbioscience.com/company/careers,2026-09-19
TXG,https://www.10xgenomics.com,wikidata,,2026-09-19
TXMD,https://www.therapeuticsmd.com,sec filing,https://www.therapeuticsmd.com/careers,2026-09-19
TXN,http://ti.com,wikidata,https://careers.ti.com/,2026-09-19
TXNM,https://txnmenergy.com,wikidata,https://careers.txnmenergy.com/,2026-09-19
TXO,https://www.txopartners.com,sec filing,https://www.txopartners.com/careers,2026-09-19
TXRH,https://www.texasroadhousemenues.com,wikidata,https://duckduckgo.com/hiring,2026-09-19
TXT,https://www.textron.com,wikidata,https://careers.textron.com/,2026-09-19
TYA.MI,https://www.toscana-aeroporti.com,wikidata,,2026-09-19
TYFG,,,,
TYGO,https://www.tigoenergy.com,sec filing,https://www.tigoenergy.com/careers,2026-09-19
TYL,https://tylertech.com,wikidata,https://www.tylertech.com/careers,2026-09-19
TZOO,http://www.travelzoo.com,wikidata,,2026-09-19
U,https://unity.com,wikidata,https://unity.com/careers,2026-09-19
UAA,https://www.underarmour.com,wikidata,,2026-09-19
UAL,https://www.united.com,wikidata,,2026-09-19
UAMY,,,,
UAN,https://www.cvrpartners.com,sec filing,https://www.cvrpartners.com/Company/Careers,2026-09-19
UAVS,,,,
UBCP,https://www.unitedbancorp.com,sec filing,,2026-09-19
UBDL.KA,http://www.ubrands.biz,exchange profile,,2026-09-19
UBER,https://www.uber.com,wikidata,https://jobs.uber.com/en/,2026-09-19
UBI.PA,https://www.ubisoft.com,wikidata,,2026-09-19
UBL.KA,http://www.ubldigital.com,exchange profile,,2026-09-19
UBSI,https://www.bankwithunited.com,wikidata,https://www.bankwithunited.com/careers.html,2026-09-19
UCB,https://www.ucbi.com,sec filing,https://www.ucbi.com/careers,2026-09-19
UCFI,,,,
UCTT,,,,
UD.MI,https://www.unidata.it,wikidata,,2026-09-19
UDLI.KA,http://www.udl.com.pk,exchange profile,,2026-09-19
UDPL.KA,http://www.udpl.com.pk,exchange profile,https://udpl.com.pk/career/,2026-09-19
UDR,http://www.udr.com,wikidata,https://www.udr.com/careers/,2026-09-19
UE,,,,
UEC,https://www.uraniumenergy.com,sec filing,https://www.uraniumenergy.com/projects/wyoming/,2026-09-19
UEIC,,,,
UFCS,https://www.unitedfiregroup.com,sec filing,https://www.ufginsurance.com/careers,2026-09-19
UFI,https://www.unifi.com,sec filing,https://recruiting.ultipro.com/UNI1031UNIFI/JobBoard/5fe997b3-a53a-433d-ae18-278f4b6be462/?q=&o=postedDateDesc,2026-09-19
UFPI,https://www.ufpi.com,wikidata,https://ufpi.com/careers/,2026-09-19
UFPT,http://www.ufpt.com,wikidata,https://ufpt.com/careers/,2026-09-19
UG,https://www.u-g.com,sec filing,https://u-g.com/contact/jobs/,2026-09-19
UGA,,,,
UGI,https://www.ugicorp.com,wikidata,,2026-09-19
UHAL,https://www.amerco.com,wikidata,,2026-09-19
UHS,http://www.uhsinc.com,wikidata,,2026-09-19
UHT,https://www.uhrit.com,sec filing,,2026-09-19
UI,https://www.ui.com,wikidata,https://careers.ui.com/,2026-09-19
UIS,https://www.unisys.com,wikidata,https://www.unisys.com/careers/,2026-09-19
UKW.L,https://www.greencoat-ukwind.com,wikidata,,2026-09-19
ULBI,https://ultralifecorporation.com,wikidata,https://ecommerce.ultralifecorporation.com/careers,2026-09-19
ULCC,https://www.flyfrontier.com,wikidata,https://www.flyfrontier.com/careers/,2026-09-19
ULH,https://www.universallogistics.com,sec filing,https://www.universallogistics.com/en-US/careers,2026-09-19
ULS,,,,
ULTA,https://www.ulta.com,wikidata,https://careers.ulta.com/careers/,2026-09-19
ULTP.L,,,,
ULVR.L,https://unilever.com,wikidata,,2026-09-19
UMAC,https://www.unusualmachines.com,sec filing,https://www.unusualmachines.com/careers/,2026-09-19
UMBF,https://www.umb.com,wikidata,https://umb.wd1.myworkdayjobs.com/UMBExternal,2026-09-19
UMG.AS,http://www.universalmusic.fr,wikidata,,2026-09-19
UMH,https://www.umh.com,wikidata,https://umh.com/join-our-team,2026-09-19
UNB,,,,
UNBL.PA,,,,
UNF,http://www.unifirst.com,wikidata,https://jobs.unifirst.com/,2026-09-19
UNFI,https://www.unfi.com,wikidata,,2026-09-19
UNG,,,,
UNH,https://www.uhc.com,wikidata,,2026-09-19
UNI.MC,https://www.unipol.it,wikidata,,2026-09-19
UNI.MI,https://www.unipol.it,wikidata,,2026-09-19
UNIC.KA,http://www.theunitedinsurance.com,exchange profile,,2026-09-19
UNIT,https://uniti.com,wikidata,https://careers.uniti.com/,2026-09-19
UNITY.KA,http://www.unityfoods.pk,exchange profile,http://www.unityfoods.pk/careers.html,2026-09-19
UNL,,,,
UNM,http://www.unum.com,wikidata,https://careers.unum.com/global/en,2026-09-19
UNP,http://www.up.com,wikidata,https://up.jobs/,2026-09-19
UNTY,https://www.unitybank.com,sec filing,https://www.unitybank.com/careers,2026-09-19
UONE,https://urban1.com,wikidata,https://urban1.com/careers/,2026-09-19
UP,https://wheelsup.com,wikidata,,2026-09-19
UPB,https://www.upstreambio.com,sec filing,https://upstreambio.com/join-us/,2026-09-19
UPBD,https://www.rentacenter.com,wikidata,https://raccareers.com/,2026-09-19
UPFL.KA,http://www.unilever.pk,exchange profile,,2026-09-19
UPLD,https://www.uplandsoftware.com,sec filing,https://uplandsoftware.com/careers/,2026-09-19
UPS,https://www.ups.com,wikidata,,2026-09-19
UPST,http://www.upstart.com,wikidata,https://www.upstart.com/careers,2026-09-19
UPWK,http://upwork.com,wikidata,,2026-09-19
UPXI,https://www.upexi.com,sec filing,,2026-09-19
URB.P.MC,,,,
URBN,http://www.urbanoutfitters.com,wikidata,,2026-09-19
URG,https://www.ur-energy.com,sec filing,https://www.ur-energy.com/careers,2026-09-19
URI,https://www.unitedrentals.com,wikidata,,2026-09-19
UROY,https://www.uraniumroyalty.com,sec filing,,2026-09-19
USAC,,,,
USAR,https://www.usare.com,wikidata,https://careers.usare.com/,2026-09-19
USAS,https://www.americas-gold.com,sec filing,https://americas-gold.com/careers/,2026-09-19
USB,https://www.usbank.com,wikidata,https://careers.usbank.com/,2026-09-19
USCB,http://www.uscentury.com,wikidata,https://www.uscentury.com/about-us/careers,2026-09-19
USDE,,,,
USFD,https://www.usfoods.com,wikidata,https://careers.usfoods.com/us/en,2026-09-19
USIO,https://www.usio.com,sec filing,https://usio.com/usio-careers,2026-09-19
USL,,,,
USLM,https://www.uslm.com,sec filing,,2026-09-19
USNA,https://www.usana.com,wikidata,,2026-09-19
USO,,,,
USPH,https://www.usph.com,sec filing,https://careers.usph.com/,2026-09-19
UTGN,https://www.utgins.com,sec filing,,2026-09-19
UTHR,,,,
UTI,https://www.uti.edu,wikidata,https://www.uti.edu/careers,2026-09-19
UTL,http://www.unitil.com,wikidata,https://unitil.com/our-company/careers,2026-09-19
UTMD,https://www.utahmed.com,sec filing,https://www.utahmed.com/careers.html,2026-09-19
UTZ,http://www.utzsnacks.com,wikidata,https://www.utzsnacks.com/pages/careers,2026-09-19
UU.L,,,,
UUU,https://www.universalsafetyprod.com,sec filing,,2026-09-19
UUUU,https://www.energyfuels.com,sec filing,https://energyfuels.com/careers/,2026-09-19
UVE,https://www.universalinsuranceholdings.com,sec filing,https://universalinsuranceholdings.com/careers/,2026-09-19
UVSP,https://www.univest.net,sec filing,,2026-09-19
UVV,http://www.universalcorp.com,wikidata,https://www.universalcorp.com/careers/,2026-09-19
UWHR,https://www.uwharrie.com,sec filing,https://www.uwharrie.com/about-us/careers,2026-09-19
UWMC,https://www.uwm.com,wikidata,https://www.uwmcareers.com/,2026-09-19
V,https://www.visa.com,wikidata,https://corporate.visa.com/en/careers.html,2026-09-19
VABK,https://www.vnb.com,sec filing,https://www.vnb.com/about-us/careers,2026-09-19
VAC,http://www.marriottvacationsworldwide.com,wikidata,https://www.marriottvacationsworldwide.com/careers/,2026-09-19
VAC.PA,https://www.pierreetvacances.com,wikidata,,2026-09-19
VAI,https://www.senmiaotech.com,sec filing,,2026-09-19
VALU,http://www.valueline.com,wikidata,,2026-09-19
VANI,https://www.vivani.com,sec filing,https://vivani.com/careers/,2026-09-19
VANQ.L,https://www.vanquis.com,wikidata,https://www.vanquis.com/careers/,2026-09-19
VANTI.PA,https://www.vantiva.com,wikidata,https://www.vantiva.com/jobs/,2026-09-19
VASO,https://www.vasocorporation.com,sec filing,,2026-09-19
VATE,http://www.primustel.com,wikidata,,2026-09-19
VBIO,https://www.valionbio.com,sec filing,https://valionbio.com/careers/,2026-09-19
VBNK,https://www.versabank.com,sec filing,https://www.versabank.com/about/careers-2/,2026-09-19
VC,http://www.visteon.com,wikidata,,2026-09-19
VCEL,https://www.vcel.com,wikidata,https://www.vcel.com/careers/,2026-09-19
VCT.L,,,,
VCT.PA,http://www.nationalcement.com,wikidata,,2026-09-19
VCTR,,,,
VCYT,https://www.veracyte.com,sec filing,https://www.veracyte.com/company/careers/,2026-09-19
VECO,http://www.veeco.com,wikidata,https://careers.veeco.com/,2026-09-19
VEEA,https://www.veea.com,sec filing,,2026-09-19
VEEE,https://www.twinvee.com,sec filing,https://twinvee.com/careers/,2026-09-19
VEEV,https://www.veeva.com,wikidata,https://careers.veeva.com/,2026-09-19
VELO,https://www.velo3d.com,sec filing,https://www.velo3d.com/careers,2026-09-19
VENU,https://www.venu.live,sec filing,https://www.indeed.com/cmp/Notes-Live-Inc,2026-09-19
VERI,http://veritone.com,wikidata,,2026-09-19
VERU,https://www.verupharma.com,sec filing,https://sqps.onstreamsecure.com/origin/enliven/players/EnlivenPlayer.html?customerId=22&eventId=62837101&checkCompany=1&checkEmail=1&checkName=1,2026-09-19
VERX,https://www.vertexinc.com,sec filing,https://www.vertexinc.com/company/careers,2026-09-19
VET,https://www.vermilionenergy.fr,wikidata,https://www.vermilionenergy.com/careers/,2026-09-19
VETO.PA,,,,
VFC,https://vfc.com,wikidata,https://vfc.com/careers,2026-09-19
VFF,https://www.villagefarms.com,sec filing,https://villagefarms.com/careers,2026-09-19
VG,https://www.ventureglobal.com,sec filing,https://ventureglobal.com/careers/,2026-09-19
VGZ,https://www.vistagold.com,sec filing,,2026-09-19
VHC,https://www.virnetx.com,wikidata,,2026-09-19
VHI,http://www.valhi.net,wikidata,,2026-09-19
VHUB,https://www.venhub.com,sec filing,https://www.venhub.com/careers,2026-09-19
VIA,http://www.ridewithvia.com,wikidata,https://ridewithvia.com/careers/jobs,2026-09-19
VIAV,http://www.viavisolutions.com,wikidata,https://www.viavisolutions.com/en-us/corporate/careers,2026-09-19
VICI,https://viciproperties.com,wikidata,https://viciproperties.com/careers/,2026-09-19
VICR,https://www.vicorpower.com,wikidata,https://careers.vicorpower.com/,2026-09-19
VID.L,http://www.vitecgroup.com,wikidata,https://videndum.com/careers/,2026-09-19
VID.MC,http://www.vidrala.com,wikidata,,2026-09-19
VIDA,,,,
VIE.PA,http://www.veolia.com,wikidata,,2026-09-19
VIK,https://www.viking.com,sec filing,,2026-09-19
VIP,https://www.veon.com,wikidata,https://www.veon.com/join-us,2026-09-19
VIP.L,,,,
VIR,https://www.vir.bio,wikidata,https://www.vir.bio/careers/,2026-09-19
VIRC,https://www.virco.com,sec filing,https://virco.com/careers/,2026-09-19
VIRI.PA,https://www.viridiengroup.com,wikidata,https://www.viridiengroup.com/company/careers,2026-09-19
VIRT,http://www.virtu.com,wikidata,https://www.virtu.com/careers/,2026-09-19
VIS.MC,http://www.viscofan.com,wikidata,https://viscofan.impl-wd103.myworkdayjobs.com/Careers,2026-09-19
VISN,https://www.vistancenetworks.com,sec filing,https://jobs.vistancenetworks.com/,2026-09-19
VITL,https://www.vitalfarms.com,sec filing,,2026-09-19
VIV.PA,https://www.vivendi.com,wikidata,,2026-09-19
VIVK,https://www.vivakor.com,sec filing,,2026-09-19
VIVS,https://www.vivosim.ai,sec filing,,2026-09-19
VK.PA,http://www.vallourec.com,wikidata,https://www.vallourec.com/talent-room/,2026-09-19
VKTX,http://www.vikingtherapeutics.com,wikidata,https://recruiting.paylocity.com/recruiting/jobs/All/a5482aa1-9082-41fd-9437-e958794a4393/VIKING-THERAPEUTICS-INC,2026-09-19
VLA.PA,http://www.valneva.com,wikidata,https://valneva.com/careers/,2026-09-19
VLGEA,http://www.shoprite.com,wikidata,,2026-09-19
VLK.AS,,,,
VLO,https://www.valero.com,wikidata,https://www.valero.com/careers,2026-09-19
VLS.MI,,,,
VLTO,https://www.veralto.com,wikidata,https://jobs.veralto.com/,2026-09-19
VLY,https://www.valley.com,sec filing,https://www.valley.com/about/careers,2026-09-19
VMAR,https://www.visionmarinetechnologies.com,sec filing,https://visionmarinetechnologies.com/careers/,2026-09-19
VMC,https://www.vulcanmaterials.com,wikidata,https://www.vulcanmaterials.com/careers,2026-09-19
VMD,https://www.viemed.com,sec filing,https://www.viemed.com/corporate-careers/,2026-09-19
VMI,http://www.valmont.com,wikidata,https://valmont.wd1.myworkdayjobs.com/ValmontCareers/jobs,2026-09-19
VMX.PA,http://www.verimatrix.com,wikidata,https://www.verimatrix.com/careers/,2026-09-19
VNCE,https://www.vince.com,sec filing,https://workforcenow.adp.com/mascsr/default/mdf/recruitment/recruitment.html?cid=1c20055c-01a7-49a4-b14d-00f51614e021&ccId=19000101_000001&type=MP&lang=en_US,2026-09-19
VNDA,https://www.vandapharma.com,sec filing,https://www.vandapharma.com/careers/,2026-09-19
VNO,http://www.vno.com,wikidata,https://www.vno.com/careers/overview,2026-09-19
VNOM,https://www.viperenergy.com,sec filing,,2026-09-19
VNRX,https://www.volition.com,sec filing,https://volition.com/careers/,2026-09-19
VNT,https://www.vontier.com,wikidata,https://careers.vontier.com/us/en,2026-09-19
VOC.MC,http://www.vocento.com,wikidata,,2026-09-19
VOD.L,https://www.vodafone.com,wikidata,https://careers.vodafone.com/,2026-09-19
VOXR,https://www.voxroyalty.com,sec filing,,2026-09-19
VOYA,https://www.voya.com,wikidata,https://www.voya.com/about-us/find-career-voya,2026-09-19
VOYG,https://www.voyagertechnologies.com,sec filing,https://voyagertechnologies.com/company/join-us/,2026-09-19
VPG,https://www.vpgsensors.com,sec filing,https://vpgsensors.com/about/careers,2026-09-19
VPK.AS,http://www.vopak.com,wikidata,https://www.careersatvopak.com/,2026-09-19
VRA,http://www.verabradley.com,wikidata,https://verabradley.com/pages/careers,2026-09-19
VRCA,https://www.verrica.com,sec filing,https://verrica.com/careers/,2026-09-19
VRDN,https://www.viridiantherapeutics.com,sec filing,https://www.viridiantherapeutics.com/careers/,2026-09-19
VREOF,,,,
VREX,https://www.vareximaging.com,sec filing,https://vareximaging.wd103.myworkdayjobs.com/External_Career_Site,2026-09-19
VRLA.PA,,,,
VRME,https://www.verifyme.com,sec filing,,2026-09-19
VRNO,https://www.verano.com,sec filing,https://verano.com/careers,2026-09-19
VRNS,https://www.varonis.com,wikidata,https://www.varonis.com/careers?hsLang=en,2026-09-19
VRRM,https://www.verramobility.com,sec filing,https://careers.verramobility.com/,2026-09-19
VRSK,http://www.verisk.com,wikidata,https://www.verisk.com/company/careers/,2026-09-19
VRSN,https://www.verisign.com,wikidata,https://www.verisign.com/careers/,2026-09-19
VRT,https://www.vertiv.com,wikidata,https://www.vertiv.com/en-us/about/career-center/,2026-09-19
VRTS,http://www.virtus.com,wikidata,https://corporate.virtus.com/careers-redirect,2026-09-19
VRTX,https://www.vrtx.com,wikidata,,2026-09-19
VSAT,http://viasat.com,wikidata,https://careers.viasat.com/,2026-09-19
VSEC,http://www.vsecorp.com,wikidata,https://vsecorp.com/careers/,2026-09-19
VSEE,https://www.vseehealth.com,sec filing,,2026-09-19
VSH,https://www.vishay.com,wikidata,https://jobs.vishay.com/career-areas/,2026-09-19
VSNT,https://www.versantmedia.com,wikidata,https://careers.versantmedia.com/,2026-09-19
VST,https://www.vistracorp.com,wikidata,https://vistracorp.com/careers/,2026-09-19
VSTD,,,,
VSTM,https://www.verastem.com,wikidata,https://www.verastem.com/careers/,2026-09-19
VSTS,https://www.vestis.com,wikidata,https://vestis.com/careers,2026-09-19
VSVS.L,,,,
VSXY,https://www.victoriassecret.com,wikidata,https://careers.victoriassecret.com/,2026-09-19
VTAK,https://www.catheterprecision.com,sec filing,https://www.catheterprecision.com/careers/,2026-09-19
VTGN,https://www.vistagen.com,sec filing,,2026-09-19
VTIX,https://www.virtuix.com,sec filing,https://virtuix.com/careers,2026-09-19
VTOL,http://www.bristowgroup.com,wikidata,https://www.bristowgroup.com/careers,2026-09-19
VTR,http://www.ventasreit.com,wikidata,https://www.ventasreit.com/careers,2026-09-19
VTRS,https://www.viatris.com,wikidata,https://www.viatris.com/en/careers,2026-09-19
VTS,https://www.vitesse-vts.com,sec filing,,2026-09-19
VTSI,https://www.virtra.com,sec filing,https://www.virtra.com/careers/,2026-09-19
VTVT,https://www.vtvtherapeutics.com,sec filing,https://www.vtvtherapeutics.com/careers/,2026-09-19
VTY.L,,,,
VU.PA,https://www.vusion.com,wikidata,https://www.vusion.com/careers,2026-09-19
VUZI,http://www.vuzix.com,wikidata,https://www.vuzix.com/pages/careers,2026-09-19
VVOS,https://www.vivos.com,sec filing,,2026-09-19
VVV,https://www.valvoline.com,wikidata,,2026-09-19
VVX,,,,
VWAV,https://www.vwav.inc,wikidata,,2026-09-19
VXRT,http://vaxart.com,wikidata,https://vaxart.com/careers,2026-09-19
VYGR,https://www.voyagertherapeutics.com,wikidata,https://boards.greenhouse.io/voyagertherapeutics/,2026-09-19
VYX,https://www.ncrvoyix.com,wikidata,https://www.ncrvoyix.com/about/careers,2026-09-19
VZ,https://www.verizon.com,wikidata,https://mycareer.verizon.com/,2026-09-19
W,https://www.wayfair.com,wikidata,,2026-09-19
WAB,https://www.wabteccorp.com,wikidata,https://careers.wabtec.com/,2026-09-19
WABC,https://www.westamerica.com,wikidata,,2026-09-19
WAFD,https://www.wafdbank.com,wikidata,https://www.wafdbank.com/about-us/banking-careers,2026-09-19
WAGA.PA,,,,
WAHN.KA,http://www.wahnobel.com,exchange profile,,2026-09-19
WAL,https://www.westernalliancebancorporation.com,wikidata,https://www.westernalliancebancorporation.com/about-us/careers,2026-09-19
WASH,https://www.washtrust.com,sec filing,https://www.washtrust.com/about/careers,2026-09-19
WAT,http://www.waters.com,wikidata,,2026-09-19
WATT,https://www.energous.com,sec filing,https://energous.com/company/careers/,2026-09-19
WAVE.PA,,,,
WAY,https://www.waystar.com,sec filing,https://careers.waystar.com/?vs=4980&utm_source=waystar.com-DE&utm_medium=Other&utm_campaign=waystar.com,2026-09-19
WBD,https://www.discovery.com,wikidata,,2026-09-19
WBDR.MI,https://www.webuildgroup.com,wikidata,,2026-09-19
WBHC,https://www.wilsonbank.com,sec filing,https://www.wilsonbank.com/about-us/a-career-at-wbt,2026-09-19
WBI,https://www.wbinfra.com,sec filing,,2026-09-19
WBTN,https://www.webtoon.com,sec filing,https://jobs.lever.co/wattpad,2026-09-19
WCC,http://www.wesco.com,wikidata,,2026-09-19
WCN,http://www.wasteconnections.com,wikidata,https://careers.wasteconnections.com/,2026-09-19
WD,https://www.walkerdunlop.com,wikidata,https://www.walkerdunlop.com/about/careers,2026-09-19
WDAY,https://www.workday.com,wikidata,https://www.workday.com/en-us/company/careers/overview.html,2026-09-19
WDC,https://www.westerndigital.com,wikidata,https://www.westerndigital.com/careers,2026-09-19
WDFC,https://wd40.com,wikidata,https://www.wd40company.com/careers/,2026-09-19
WDS,https://www.woodside.com,wikidata,,2026-09-19
WEAV,,,,
WEBNF,,,,
WEC,http://www.wisconsinenergy.com,wikidata,,2026-09-19
WEIR.L,,,,
WELL,http://www.welltower.com,wikidata,https://welltower.com/careers/,2026-09-19
WELPP,,,,
WEN,https://www.wendys.com,wikidata,https://wendys-careers.com/,2026-09-19
WERN,https://www.werner.com,wikidata,https://www.werner.com/careers,2026-09-19
WES,https://www.westernmidstream.com,sec filing,https://www.westernmidstream.com/careers/,2026-09-19
WEST,https://www.westrockcoffee.com,sec filing,,2026-09-19
WETO,https://www.wetourglobal.com,sec filing,,2026-09-19
WEX,http://www.wexinc.com,wikidata,https://careers.wexinc.com/,2026-09-19
WFC,https://www.wellsfargo.com,wikidata,https://www.wellsfargojobs.com/,2026-09-19
WFCF,https://www.wherefoodcomesfrom.com,sec filing,https://www.wherefoodcomesfrom.com/careers,2026-09-19
WFG,http://www.westfraser.com,wikidata,https://www.westfraser.com/careers,2026-09-19
WFRD,https://www.weatherford.com,sec filing,https://www.weatherford.com/careers/,2026-09-19
WGO,https://winnebagoind.com,wikidata,https://www.winnebagoind.com/careers,2026-09-19
WGS,https://www.genedx.com,sec filing,https://www.genedx.com/careers,2026-09-19
WH,https://www.wyndhamhotels.com,wikidata,http://careers.wyndhamhotels.com/,2026-09-19
WHA.AS,http://www.wereldhave.com,wikidata,https://www.wereldhave.com/careers,2026-09-19
WHD,https://cactuswhd.com,wikidata,https://cactuswhd.com/careers/,2026-09-19
WHG,http://westwoodgroup.com,wikidata,https://westwoodgroup.com/careers,2026-09-19
WHK,,,,
WHLR,https://www.whlr.us,sec filing,https://www.whlr.us/about-us/careers/,2026-09-19
WHR,https://www.whirlpoolcorp.com,wikidata,https://www.whirlpoolcareers.com/,2026-09-19
WHWK,https://www.whitehawktx.com,sec filing,,2026-09-19
WIIT.MI,,,,
WIL.L,,,,
WINA,https://winmarkcorporation.com,wikidata,https://winmarkcorporation.com/careers/,2026-09-19
WING,https://wingstop.com.mx,wikidata,,2026-09-19
WIX.L,,,,
WK,http://www.workiva.com,wikidata,,2026-09-19
WKC,https://www.wfscorp.com,wikidata,https://www.world-kinect.com/careers,2026-09-19
WKHS,https://workhorse.com,wikidata,https://workhorse.com/careers/,2026-09-19
WKL.AS,https://www.wolterskluwer.com,wikidata,,2026-09-19
WKSP,https://www.worksport.com,sec filing,,2026-09-19
WLDN,http://www.willdan.com,wikidata,https://www.willdan.com/join-us.aspx,2026-09-19
WLFC,https://www.wlfc.global,sec filing,https://www.wlfc.global/careers,2026-09-19
WLK,http://www.westlake.com,wikidata,https://www.westlaketalent.com/,2026-09-19
WLKP,https://www.wlkpartners.com,sec filing,,2026-09-19
WLN.PA,https://worldline.com,wikidata,https://jobs.worldline.com/,2026-09-19
WLTH,https://www.wealthfront.com,wikidata,https://www.wealthfront.com/careers,2026-09-19
WLY,https://www.wiley.com,wikidata,https://www.wiley.com/en-us/about-us/careers,2026-09-19
WM,https://www.wm.com,wikidata,,2026-09-19
WMB,http://www.williams.com,wikidata,https://williams.wd5.myworkdayjobs.com/External,2026-09-19
WMG,https://www.wmg.com,wikidata,https://www.wmg.com/careers,2026-09-19
WMK,https://www.weismarkets.com,wikidata,,2026-09-19
WMS,https://www.adspipe.com,wikidata,https://www.adspipe.com/careers,2026-09-19
WMT,https://www.walmart.com,wikidata,https://careers.walmart.com/,2026-09-19
WNC,http://www.wabashnational.com,wikidata,https://onewabash.com/work-with-wabash/careers,2026-09-19
WNEB,,,,
WOLF,https://www.wolfspeed.com,wikidata,https://www.wolfspeed.com/careers/,2026-09-19
WOOF,https://vcahospitals.com,wikidata,https://www.vcacareers.com/,2026-09-19
WOR,https://worthingtonindustries.com,wikidata,https://www.worthingtonenterprises.com/careers,2026-09-19
WOSG.L,https://www.thewosgroupplc.com,wikidata,,2026-09-19
WPC,https://www.wpcarey.com,wikidata,,2026-09-19
WPM,https://www.wheatonpm.com,sec filing,,2026-09-19
WPP.L,http://www.wpp.com,wikidata,https://www.wpp.com/en/careers/search-and-apply,2026-09-19
WPRT,https://www.wfsinc.com,wikidata,,2026-09-19
WRAP,https://wrap.com,wikidata,,2026-09-19
WRB,http://www.wrberkley.com,wikidata,https://www.berkley.com/about-us/careers,2026-09-19
WRBY,https://www.warbyparker.com,wikidata,,2026-09-19
WRLD,https://www.worldacceptance.com,sec filing,,2026-09-19
WS,https://www.worthingtonsteel.com,sec filing,https://www.worthingtonsteel.com/careers,2026-09-19
WSBC,https://www.wesbanco.com,wikidata,https://www.wesbanco.com/careers/,2026-09-19
WSBF,,,,
WSBK,https://www.winchestersavings.com,sec filing,https://www.winchestersavings.com/about-us/careers,2026-09-19
WSC,https://www.willscotmobilemini.com,wikidata,,2026-09-19
WSFS,https://www.wsfsbank.com,wikidata,https://www.wsfsbank.com/about/careers/,2026-09-19
WSM,http://www.williams-sonomainc.com,wikidata,http://www.williams-sonomainc.com/careers/jobs/,2026-09-19
WSO,https://www.watsco.com,wikidata,https://www.watsco.com/careers/,2026-09-19
WST,http://www.westpharma.com,wikidata,https://www.westpharma.com/careers,2026-09-19
WT,http://www.wisdomtree.com,wikidata,,2026-09-19
WTB.L,https://www.whitbread.co.uk,wikidata,https://www.whitbreadcareers.com/,2026-09-19
WTBA,https://www.westbankstrong.com,sec filing,https://www.westbankstrong.com/careers,2026-09-19
WTFC,http://www.wintrust.com,wikidata,https://www.wintrust.com/careers.html,2026-09-19
WTI,https://www.wtoffshore.com,sec filing,https://www.wtoffshore.com/careers,2026-09-19
WTL.KA,http://www.worldcall.com.pk,exchange profile,https://www.worldcall.com.pk/Careers,2026-09-19
WTM,http://www.whitemountains.com,wikidata,,2026-09-19
WTRG,http://www.essential.co,wikidata,,2026-09-19
WTS,https://www.wattswater.com,sec filing,,2026-09-19
WTTR,https://www.selectwater.com,sec filing,https://www.selectwater.com/careers/,2026-09-19
WU,https://www.westernunion.com,wikidata,https://careers.westernunion.com/,2026-09-19
WULF,https://www.terawulf.com,sec filing,https://www.terawulf.com/careers,2026-09-19
WVE,https://wavelifesciences.com,wikidata,https://wavelifesciences.com/careers/,2026-09-19
WVVI,http://www.willamettevalleyvineyards.com,wikidata,https://recruiting.paylocity.com/recruiting/jobs/All/d560201d-ba89-456c-a6dc-624c213342f2/WILLAMETTE-VALLEY-VINEYARDS-INC,2026-09-19
WW,https://www.weightwatchers.com,wikidata,https://www.ww.com/us/ww-corporate-careers,2026-09-19
WWD,https://www.woodward.com,wikidata,https://www.woodward.com/careers/,2026-09-19
WWW,http://www.wolverineworldwide.com,wikidata,https://wolverineworldwide.com/careers,2026-09-19
WY,http://www.weyerhaeuser.com,wikidata,https://www.weyerhaeuser.com/careers/,2026-09-19
WYFI,https://www.whitefiber.com,sec filing,,2026-09-19
WYNN,https://www.wynnresorts.com,wikidata,https://www.wynnresorts.com/careers,2026-09-19
WYY,https://www.widepoint.com,sec filing,https://www.widepoint.com/about/careers/,2026-09-19
XAIR,https://www.beyondair.net,sec filing,https://www.beyondair.net/careers,2026-09-19
XAR.L,http://www.xaar.com,wikidata,https://www.xaar.com/careers/,2026-09-19
XBIO,http://www.xeneticbio.com,wikidata,https://www.xeneticbio.com/about/careers,2026-09-19
XBP,https://www.xbpglobal.com,sec filing,https://xbpglobal.com/xbp-careers/,2026-09-19
XCUR,https://www.exicuretx.com,sec filing,,2026-09-19
XE,,,,
XELB,https://www.xcelbrands.com,sec filing,,2026-09-19
XERS,https://www.xerispharma.com,sec filing,,2026-09-19
XFOR,https://www.x4pharma.com,sec filing,https://www.x4pharma.com/careers/,2026-09-19
XGN,https://exagen.com,wikidata,https://exagen.com/careers/,2026-09-19
XHLD,https://www.tenholdingsinc.com,sec filing,,2026-09-19
XHR,http://xeniareit.com,wikidata,https://workforcenow.adp.com/mascsr/default/mdf/recruitment/recruitment.html?cid=1fa30acc-f267-49cc-8c1f-96a306216187&ccId=1319338613_3072&type=MP&lang=en_US,2026-09-19
XIFR,https://www.xplrinfrastructure.com,sec filing,,2026-09-19
XLO,https://www.xiliotx.com,sec filing,https://xiliotx.com/careers,2026-09-19
XMAX,https://www.xmax.com,sec filing,https://www.xmax.com/page/13.html,2026-09-19
XMTR,https://www.xometry.com,wikidata,https://www.xometry.com/careers/,2026-09-19
XNCR,https://www.xencor.com,sec filing,https://xencor.com/careers/,2026-09-19
XNDU,https://www.xanadu.ai,sec filing,https://www.xanadu.ai/careers,2026-09-19
XOM,https://www.exxonmobil.com,wikidata,https://jobs.exxonmobil.com/,2026-09-19
XOS,https://xostrucks.com,wikidata,https://boards.greenhouse.io/xosinc,2026-09-19
XPEL,https://www.xpel.com,sec filing,https://www.xpel.com/careers,2026-09-19
XPER,https://www.xperi.com,sec filing,https://xperi.com/careers/,2026-09-19
XPO,https://www.xpo.com,wikidata,,2026-09-19
XPOF,https://www.xponential.com,sec filing,https://www.xponential.com/careers,2026-09-19
XPON,https://www.expion360.com,sec filing,,2026-09-19
XPS.L,,,,
XRAY,http://www.dentsply.com,wikidata,,2026-09-19
XRN,https://www.chironre.com,sec filing,,2026-09-19
XRX,https://www.xerox.com,wikidata,https://www.xerox.com/en-us/jobs,2026-09-19
XTIA,https://www.xtiaerospace.com,sec filing,https://xtiaerospace.com/careers/,2026-09-19
XTLB,https://www.xtlbio.com,wikidata,,2026-09-19
XTNT,https://xtantmedical.com,wikidata,https://xtantmedical.com/careers/,2026-09-19
XWEL,http://vringoip.com,wikidata,,2026-09-19
XXII,https://www.xxiicentury.com,sec filing,https://workforcenow.adp.com/mascsr/default/mdf/recruitment/recruitment.html?cid=0988420e-58ac-4eed-94df-8d17498a40b0&ccId=19000101_000001&lang=en_US,2026-09-19
XYL,http://www.xylem.com,wikidata,https://www.xylem.com/en-us/careers/,2026-09-19
XYZ,https://block.xyz,wikidata,https://block.xyz/careers/jobs,2026-09-19
XZO,https://www.exzeo.com,sec filing,https://www.exzeo.com/careers,2026-09-19
YACHT.MI,,,,
YARW,,,,
YCBD,https://www.cbdmd.com,sec filing,,2026-09-19
YDES,https://www.ydesgroup.com,sec filing,,2026-09-19
YDKG,https://www.yuedaholding.com,sec filing,,2026-09-19
YELP,https://www.yelp.com,wikidata,,2026-09-19
YETI,https://www.yeti.com,wikidata,https://www.yeti.com/yeti-careers.html,2026-09-19
YEXT,http://yext.com,wikidata,https://www.yext.com/careers,2026-09-19
YHC,https://www.lqrhouse.com,sec filing,,2026-09-19
YHGJ,,,,
YNGN.L,https://www.youngs.co.uk,wikidata,https://www.youngs.co.uk/careers,2026-09-19
YORW,http://www.yorkwater.com,wikidata,https://www.yorkwater.com/contact-us/careers/,2026-09-19
YOU,https://www.clearme.com,wikidata,https://www.clearme.com/careers,2026-09-19
YSS,https://www.yorkspacesystems.com,sec filing,,2026-09-19
YSWY,,,,
YUM,https://yum.com,wikidata,,2026-09-19
YUMC,http://www.yumchina.com,wikidata,,2026-09-19
YYAI,,,,
ZAHID.KA,http://www.zahidjee.com.pk,exchange profile,,2026-09-19
ZARE,https://www.areswms.com,sec filing,https://www.ares.com/us/careers,2026-09-19
ZBH,http://www.zimmer.com,wikidata,https://careers.zimmerbiomet.com/us/en,2026-09-19
ZBIO,https://www.zenasbio.com,sec filing,https://zenasbio.com/zenas-experience/job-openings/,2026-09-19
ZBRA,https://www.zebra.com,wikidata,https://www.zebra.com/us/en/about-zebra/careers.html,2026-09-19
ZD,http://www.j2global.com,wikidata,https://www.ziffdavis.com/careers,2026-09-19
ZDGE,http://zedge.net,wikidata,https://careers.zedge.net/,2026-09-19
ZENA,https://www.zenatech.com,sec filing,,2026-09-19
ZEO,,,,
ZEOX,https://www.zeoscientifix.com,sec filing,,2026-09-19
ZEST.MI,https://lventuregroup.com,wikidata,,2026-09-19
ZETA,https://zetaglobal.com,wikidata,https://www.zetaglobal.com/about/life-at-zeta/,2026-09-19
ZG,https://www.zillow.com,wikidata,https://www.zillow.com/careers/,2026-09-19
ZIG.L,,,,
ZION,https://www.zionsbank.com,wikidata,,2026-09-19
ZIP,https://www.ziprecruiter.com,wikidata,,2026-09-19
ZM,https://www.zoom.com,wikidata,https://careers.zoom.us/home,2026-09-19
ZNB,,,,
ZNOG,https://www.zionoil.com,sec filing,,2026-09-19
ZNTL,https://www.zentalis.com,sec filing,https://zentalis.com/about/culture-careers/,2026-09-19
ZOMDF,https://www.zomedica.com,sec filing,https://zomedica.com/careers/,2026-09-19
ZONE,,,,
ZS,https://www.zscaler.com,wikidata,https://www.zscaler.com/careers,2026-09-19
ZSPC,https://www.zspace.com,sec filing,,2026-09-19
ZSQR,,,,
ZSTK,https://www.zerostack.ai,sec filing,,2026-09-19
ZTEKF,https://www.zentek.com,sec filing,https://zentek.com/careers.html,2026-09-19
ZTF.L,http://www.zotefoams.com,wikidata,https://www.zotefoams.com/work-with-us/,2026-09-19
ZTS,http://www.zoetis.com,wikidata,https://www.zoetis.com/join-us/,2026-09-19
ZUMZ,https://www.zumiez.com,wikidata,https://www.zumiez.com/jobs,2026-09-19
ZV.MI,,,,
ZVIA,http://www.zevia.com,wikidata,https://zevia.com/pages/careers,2026-09-19
ZVRA,https://www.zevra.com,sec filing,https://zevra.com/careers,2026-09-19
ZWS,https://www.zurnelkay.com,sec filing,https://zurnelkay.com/careers,2026-09-19
ZYME,https://www.zymeworks.com,wikidata,https://www.zymeworks.com/careers/,2026-09-19
