location_id,address,latitude,longitude,source
A-HQ,"5301 Stevens Creek Blvd, Santa Clara, CA 95051",37.323133,-122.001278,us-census
A3M.MC-HQ,"Avda. Isla Graciosa 13, San Sebastián de los Reyes, ES 28703",40.557605,-3.616436,openstreetmap
AA-HQ,"201 Isabella Street Suite 500, Pittsburgh, PA 15212",40.447883,-80.001965,us-census
AADX-HQ,"355 Quality Circle Nw, Huntsville, AL",34.706780,-86.685859,us-census
AAL.L-HQ,"17 Charterhouse Street, London, UK EC1N 6RA",51.518227,-0.106305,openstreetmap
AALB.AS-HQ,"Stadsplateau 18, Utrecht, NL 3521AZ",52.089668,5.106987,openstreetmap
AAME-HQ,"4370 Peachtree Rd Ne, Atlanta, GA 30319",33.870360,-84.333395,us-census
AAMI-HQ,"260 Franklin St Acadian Asset Management, Boston, MA",42.356516,-71.054143,us-census
AAOI-HQ,"13139 Jess Pirtle Blvd, Sugar Land, TX 77478",29.637089,-95.613848,us-census
AAON-HQ,"2425 South Yukon Ave., Tulsa, OK 74107",36.128721,-96.015997,us-census
AAP-HQ,"4200 Six Forks Road, Raleigh, NC 27609",35.836092,-78.639914,us-census
AARD-HQ,"4370 La Jolla Village Drive Suite 1050, San Diego, CA 92122",32.873444,-117.210973,us-census
AAT-HQ,"3420 Carmel Mountain Road Suite 100, San Diego, CA 92121",32.917076,-117.236049,us-census
ABAT-HQ,"100 Washington Street Suite 100, Reno, NV 89503",39.523969,-119.821955,us-census
ABCB-HQ,"3490 Piedmont Rd Suite 1550, Atlanta, GA 30305",33.849787,-84.377351,us-census
ABCL-HQ,"150 W 4Th Avenue, Vancouver, BC V5Y 1G6",49.267210,-123.108579,openstreetmap
ABDN.L-HQ,"1 George Street, Edinburgh, UK EH2 2LL",55.954227,-3.194921,openstreetmap
ABEO-HQ,"6555 Carnegie Ave, 4Th Floor, Cleveland, OH 44103",41.501709,-81.644752,us-census
ABG-HQ,"6655 Peachtree Dunwoody Road, Atlanta, GA 30328",33.936319,-84.353459,us-census
ABIT-HQ,"800 Nw 7Th Avenue, Miami, FL 33136",25.781315,-80.206793,us-census
ABM-HQ,"One Liberty Plaza 7Th Floor, New York, NY 10006",40.709029,-74.009291,us-census
ABNB-HQ,"888 Brannan St., San Francisco, CA 94103",37.771524,-122.405234,us-census
ABSI-HQ,"18105 Se Mill Plain Blvd, Vancouver, WA 98683",45.615894,-122.492494,us-census
ABT.MI-HQ,"VIA DEGLI OLIVETANI, 10/12, Milano, IT 20123",45.462535,9.169447,openstreetmap
ABTC-HQ,"777 Brickell Avenue Suite 200, Miami, FL",25.766401,-80.190566,us-census
ABUS-HQ,"701 Veterans Circle, Warminster, PA 18974",40.198385,-75.078388,us-census
ABVC-HQ,"44370 Old Warm Springs Blvd., Fremont, CA 94538",37.505938,-121.945284,us-census
ABX-HQ,"333 South Garland Avenue Suite 1500, Orlando, FL 32830",28.538874,-81.381335,us-census
AC5.MI-HQ,"VIA CANOVA, 3, Monza, IT 20900",45.584439,9.286089,openstreetmap
ACA-HQ,"500 N. Akard Sreet Suite 400, Dallas, TX 75201",32.783715,-96.800396,us-census
ACA.PA-HQ,"12 PLACE DES ETATS UNIS, Montrouge, FR 92120",48.817764,2.315889,openstreetmap
ACB-HQ,"2207 90B Street Sw, Edmonton, AB T6X 1V8",53.411762,-113.480179,openstreetmap
ACCS-HQ,"1 Glenwood Ave. Suite 1001, Raleigh, NC 27603",35.780776,-78.647637,us-census
ACDC-HQ,"333 Shops Boulevard Suite 301, Willow Park, TX 76087",32.744840,-97.659762,us-census
ACE.MI-HQ,"PIAZZALE OSTIENSE 2, Rome, IT 00154",41.875231,12.483910,openstreetmap
ACEL-HQ,"140 Tower Drive, Burr Ridge, IL 60527",41.761683,-87.913164,us-census
ACFN-HQ,"1000 N West Street, Suite 1200, Wilmington, DE 19801",39.747140,-75.550497,us-census
ACGP-HQ,"191 Mason Street, Greenwich, CT 06830",41.025687,-73.624051,us-census
ACH-HQ,"4435 Waterfront Drive Suite 300, Glen Allen, VA",37.658939,-77.579052,us-census
ACHC-HQ,"6100 Tower Circle Suite 1000, Franklin, TN 37067",35.934153,-86.814314,us-census
ACHR-HQ,"190 West Tasman Drive, San Jose, CA 95134",37.410757,-121.955016,us-census
ACIC-HQ,"570 Carillon Parkway Suite 100, Saint Petersburg, FL 33716",27.885794,-82.663627,us-census
ACIW-HQ,"6060 Coventry Drive, Elkhorn, NE 68022",41.198120,-96.238797,us-census
ACLS-HQ,"108 Cherry Hill Drive, Beverly, MA 01915",42.576711,-70.908699,us-census
ACM-HQ,"13355 Noel Road Suite 400, Dallas, TX 75240",32.929004,-96.818124,us-census
ACMR-HQ,"42307 Osgood Road, Suite I, Fremont, CA 94539",37.526810,-121.950349,us-census
ACNT-HQ,"20 N. Martingale Rd Suite 430, Schaumburg, IL 60173",42.026519,-88.031909,us-census
ACOG-HQ,"1452 Hughes Rd., Ste. 200, Grapevine, TX 76051",32.888930,-97.094666,us-census
ACON-HQ,"8181 Arista Place Ste 100, Broomfield, CO 80021",39.905847,-105.088184,us-census
ACRE-HQ,"245 Park Avenue 42Nd Floor, New York, NY 10167",40.754796,-73.975634,us-census
ACRS-HQ,"701 Lee Road Suite 103, Wayne, PA 19087",40.069003,-75.457309,us-census
ACS.MC-HQ,"Avda PIO XII 102, Madrid, ES 28036",40.473538,-3.676900,openstreetmap
ACT-HQ,"8325 Six Forks Road, Raleigh, NC 27615",35.893313,-78.648985,us-census
ACTG-HQ,"777 3Rd Avenue Suite 2602, New York, NY 10017",40.754588,-73.971575,us-census
ACU-HQ,"1 Waterview Drive, Shelton, CT 06484",41.294845,-73.088856,us-census
ACVA-HQ,"640 Ellicott Street, Buffalo, NY 14203",42.896251,-78.868647,us-census
ACX.MC-HQ,"SANTIAGO DE COMPOSTELA 100, Madrid, ES 28035",40.477500,-3.720136,openstreetmap
AD-HQ,"500 West Madison Street Suite 810, Chicago, IL 60661",41.881945,-87.639763,us-census
AD.AS-HQ,"Provincialeweg 11, Zaandam, NL 1506MA",52.435278,4.816211,openstreetmap
ADBE-HQ,"345 Park Ave, San Jose, CA 95110",37.328625,-121.896983,us-census
ADC-HQ,"32301 Woodward Avenue, Royal Oak, MI 48073",42.526851,-83.195164,us-census
ADEA-HQ,"3025 Orchard Parkway, San Jose, CA 95134",37.393600,-121.936783,us-census
ADGM-HQ,"26051 Merit Circle Suite 102, Laguna Hills, CA 92653",33.574138,-117.674964,us-census
ADM-HQ,"77 W. Wacker Dr., Chicago, IL 60601",41.886817,-87.630383,us-census
ADMA-HQ,"C/O Adma Biologics, Inc. 465 State Route 17, Ramsey, NJ 07446",41.054039,-74.119969,us-census
ADMQ-HQ,"5941 Posey Lane, Haltom City, TX 76117",32.790705,-97.257806,us-census
ADOC.PA-HQ,"115 AVENUE LACASSAGNE, Lyon, FR 69003",45.749683,4.876130,openstreetmap
ADP-HQ,"One Adp Boulvard, Roseland, NJ 07068",40.815094,-74.310034,us-census
ADP.PA-HQ,"1 RUE DE FRANCE, Tremblay-En-France, FR 93290",49.009661,2.555992,openstreetmap
ADPT-HQ,"1165 Eastlake Ave E, Seattle, WA 98109",47.630133,-122.328219,us-census
ADSK-HQ,"One Market, Ste. 400., San Francisco, CA 94105",37.794409,-122.394695,us-census
ADTN-HQ,"901 Explorer Blvd, Huntsville, AL 35806",34.721403,-86.684667,us-census
ADUR-HQ,"542 Newbold Street, London, ON N6E 2S5",42.934885,-81.205337,openstreetmap
ADV-HQ,"C/O Advantage Solutions, Inc. 7676 Forsyth Boulevard, 5Th Floor, St. Louis, MO 63105",38.649797,-90.333579,us-census
ADYEN.AS-HQ,"Simon Carmiggeltstraat 6, Amsterdam, NL 1011DJ",52.376507,4.905957,openstreetmap
AEDES.MI-HQ,"VIA XII OTTOBRE, 2/181, Genova, IT 16121",44.408964,8.938492,openstreetmap
AEE-HQ,"1901 Chouteau Ave Mc 1310, St Louis, MO 63166",38.620881,-90.211905,us-census
AEF.MI-HQ,"VIA DELLE QUERCE, 51, San Giovanni In Marignano, IT 47842",43.946649,12.726080,openstreetmap
AEHL-HQ,"The Empire State Building 350 Fifth Avenue, Suite 7540, New York, NY 10118",40.747849,-73.985077,us-census
AEHR-HQ,"400 Kato Terrace, Fremont, CA 94539",37.465212,-121.918904,us-census
AEI-HQ,"4800 Montgomery Lane Suite 210, Bethesda, MD 20814",38.956633,-77.096946,us-census
AEIS-HQ,"Attn: Paul Oldham 1595 Wynkoop St, Suite 800, Denver, CO 80202",39.751868,-105.001070,us-census
AEMD-HQ,"11555 Sorrento Valley Road, Suite 203, San Diego, CA 92121",32.912064,-117.231660,us-census
AENA.MC-HQ,"PEONIAS 12, Madrid, ES 28042",40.450745,-3.615425,openstreetmap
AENT-HQ,"8201 Peters Road Suite 1000, Plantation, FL 33324",26.107275,-80.259920,us-census
AEO-HQ,"77 Hot Metal Street, Pittsburgh, PA 15203",40.427528,-79.962081,us-census
AERA-HQ,"144 Main Street Suite 1009, Mt. Kisco, NY 10549",41.203706,-73.727054,us-census
AES-HQ,"4300 Wilson Boulevard, Arlington, VA 22203",38.879977,-77.112506,us-census
AESI-HQ,"5918 West Courtyard Drive Suite 500, Austin, TX 78730",30.353021,-97.797223,us-census
AEVA-HQ,"555 Ellis Street, Mountain View, CA 94043",37.402815,-122.051192,us-census
AEYE-HQ,"5210 E. Williams Circle Suite 750, Tucson, AZ 85711",32.220463,-110.881371,us-census
AF.PA-HQ,"7 RUE DU CIRQUE, Paris, FR 75008",48.870203,2.314205,openstreetmap
AFCG-HQ,"477 S. Rosemary Ave., Suite 301, West Palm Beach, FL 33401",26.709784,-80.057189,us-census
AFG-HQ,"Great American Insurance Group Tower 301 E. 4Th Street, Cincinnati, OH 45202",39.100618,-84.507744,us-census
AFL-HQ,"1932 Wynnton Rd, Columbus, GA 31999",32.468531,-84.964179,us-census
AFRM-HQ,"221 Main Street, Floor 6, San Francisco, CA 94105",37.790378,-122.393010,us-census
AGCO-HQ,"4205 River Green Pkway, Duluth, GA 30096",34.016228,-84.164040,us-census
AGEN-HQ,"3 Forbes Road, Lexington, MA 02421",42.444477,-71.261500,us-census
AGIG-HQ,"1300 Post Oak Blvd, Suite 1305, Houston, TX 77056",29.751728,-95.460768,us-census
AGIO-HQ,"88 Sidney Street, Cambridge, MA 02139",42.360535,-71.102142,us-census
AGL-HQ,"440 Polaris Parkway Suite 550, Westerville, OH 43082",40.145828,-82.944098,us-census
AGM-HQ,"2100 Pennsylvania Ave Nw Suite 450N, Washington, DC 20037",38.901294,-77.046751,us-census
AGN.AS-HQ,"Schiphol Boulevard 223, Schiphol, NL 1118 BH",52.308087,4.758263,openstreetmap
AGNT-HQ,"2219 Rimland Dr., Suite 301, Bellingham, WA 98226",48.773230,-122.443485,us-census
AGP.MI-HQ,"CORSO RE UMBERTO 8, Torino, IT 10121",45.065854,7.674617,openstreetmap
AGPU-HQ,"91 43Rd Street Suite 110, Pittsburgh, PA 15201",40.472805,-79.963266,us-census
AGQ-HQ,"7272 Wisconsin Avenue 21St Floor, Bethesda, MD 20814",38.982219,-77.093408,us-census
AGSS-HQ,"5470 W. Spruce Avenue , Suite 102, Fresno, CA 93722",36.840499,-119.888361,us-census
AGTL.KA-HQ,"10 KM Sheikhupura Road, Lahore, PK 53100",31.616359,74.277855,openstreetmap
AGX-HQ,"4075 Wilson Boulevard Suite 440, Arlington, VA 22203",38.879936,-77.108670,us-census
AGYS-HQ,"3655 Brookside Parkway Suite 300, Alpharetta, GA 30022",34.062787,-84.254228,us-census
AHCO-HQ,"555 East North Lane Suite 5075, Conshohocken, PA 19428",40.075015,-75.285069,us-census
AHR-HQ,"18191 Von Karman Avenue Suite 300, Irvine, CA 92612",33.678018,-117.852363,us-census
AHRT-HQ,"4605 Columbus Street, Virginia Beach, VA 23462",36.840891,-76.135293,us-census
AHT-HQ,"14185 Dallas Parkway Suite 1100, Dallas, TX 75254",32.939254,-96.822316,us-census
AI-HQ,"1400 Seaport Blvd, Redwood City, CA 94063",37.513102,-122.205118,us-census
AI.MC-HQ,"General Díaz Porlier 49, Madrid, ES 28001",40.429366,-3.676971,openstreetmap
AI.PA-HQ,"75 QUAI D'ORSAY, Paris, FR 75007",48.862233,2.304713,openstreetmap
AIAI-HQ,"17304 Preston Road, Suite 520, Dallas, TX 75252",32.987046,-96.803104,us-census
AIB-HQ,"1540 Broadway, Suite 1010, New York, NY 10036",40.758253,-73.985383,us-census
AIDX-HQ,"9430 Key West Avenue Suite 100, Rockville, MD 20850",39.104080,-77.192555,us-census
AIFA-HQ,"745 Fifth Avenue Suite 500, New York, NY 10151",40.763070,-73.973804,us-census
AIFC-HQ,"325 E. Warm Springs Road Suite 102, Las Vegas, NV 89119",36.056883,-115.157734,us-census
AIFF-HQ,"1100 Military Road, Kenmore, NY 14217",42.961883,-78.888756,us-census
AIG-HQ,"1271 Ave Of The Americas Fl 37, New York, NY 10020",40.760328,-73.980201,us-census
AIMD-HQ,"3050 Post Oak Blvd, Suite 510-T80, Houston, TX 77056",29.734242,-95.460640,us-census
AIN-HQ,"216 Airport Drive, Rochester, NH 03867",43.285478,-70.926118,us-census
AIOT-HQ,"123 Tice Blvd., Woodcliff Lake, NJ 07677",41.043269,-74.076414,us-census
AIP-HQ,"900 E. Hamilton Ave, Suite 300, Campbell, CA 95008",37.294174,-121.935537,us-census
AIR-HQ,"1100 N Wood Dale Rd, Wood Dale, IL 60191",41.985583,-87.979982,us-census
AIRE-HQ,"6515 Longshore Loop #100, Dublin, OH 43017",40.100700,-83.109233,us-census
AIRG-HQ,"3611 Valley Centre Drive Suite 150, San Diego, CA 92130",32.937439,-117.235722,us-census
AIRI-HQ,"1460 Fifth Avenue, Bay Shore, NY 11706",40.745952,-73.263940,us-census
AIRO-HQ,"8444 Westpark Drive Suite 840, Mclean, VA 22102",38.924873,-77.234728,us-census
AIRS-HQ,"2023 West Platt Street, Tampa, FL 33605",27.941931,-82.480157,us-census
AIRT-HQ,"11020 David Taylor Drive Suite 305, Charlotte, NC 28262",35.339852,-80.764875,us-census
AISP-HQ,"8210 154Th Ave Ne, Redmond, WA 98052",47.675488,-122.133939,us-census
AIT-HQ,"One Applied Plaza, Cleveland, OH 44115",41.502862,-81.665271,us-census
AITX-HQ,"10800 Galaxie Avenue, Ferndale, MI 48220",42.453649,-83.170277,us-census
AIV-HQ,"4582 South Ulster Street Suite 1450, Denver, CO 80237",39.632169,-104.898015,us-census
AIZ-HQ,"260 Interstate North Circle S.E., Atlanta, GA 30339",33.897158,-84.462059,us-census
AJAX.AS-HQ,"Johan Cruijff Boulevard 29, Amsterdam, NL 1101AX",52.314069,4.940350,openstreetmap
AJG-HQ,"2850 Golf Road, Rolling Meadows, IL 60008",42.051145,-88.019600,us-census
AKA-HQ,"100 Montgomery Street Suite 1600, San Francisco, CA 94104",37.790168,-122.402144,us-census
AKAM-HQ,"145 Broadway, Cambridge, MA 02142",42.364816,-71.089329,us-census
AKBA-HQ,"245 First Street, Cambridge, MA 02142",42.363531,-71.078712,us-census
AKR-HQ,"411 Theodore Fremd Avenue Suite 300, Rye, NY 10580",40.975700,-73.698955,us-census
AKTS-HQ,"17 Drydock Avenue Suite #17-401, Boston, MA 02210",42.344642,-71.031919,us-census
AKTX-HQ,"401 East Jackson Street Suite 3300, Tampa, FL 33602",27.947186,-82.456675,us-census
AKZA.AS-HQ,"Christian Neefestraat 2, Amsterdam, NL 1077 WW",52.340078,4.877663,openstreetmap
ALAB-HQ,"2345 North First Street, San Jose, CA 95131",37.383236,-121.925771,us-census
ALB-HQ,"4250 Congress Street Suite 900, Charlotte, NC 28209",35.155280,-80.837608,us-census
ALB.MC-HQ,"CASTELLO 77 5, Madrid, ES 28006",40.433120,-3.680870,openstreetmap
ALC-HQ,"6201 South Freeway, Fort Worth, TX 76134",32.660373,-97.320586,us-census
ALCO-HQ,"10070 Daniels Interstate Court Ste. 100, Ft. Myers,, FL 33913",26.545489,-81.792815,us-census
ALEC-HQ,"131 Oyster Point Blvd., Suite 600, South San Francisco, CA 94080",37.662340,-122.395966,us-census
ALFEN.AS-HQ,"Hefbrugweg 79, Almere, NL 1332AM",52.405268,5.247328,openstreetmap
ALG-HQ,"1627 E Walnut, Seguin, TX 78155",29.572415,-97.939490,us-census
ALGM-HQ,"955 Perimeter Road, Manchester, NH 03103",42.934901,-71.446783,us-census
ALGN-HQ,"410 North Scottsdale Road, Suite 1300, Tempe, AZ 85288",33.433807,-111.926327,us-census
ALGS-HQ,"One Corporate Dr., 2Nd Floor, South San Francisco, CA 94080",37.656784,-122.400952,us-census
ALGT-HQ,"1201 N. Town Center Drive, Las Vegas, NV 89144",36.183478,-115.310532,us-census
ALH-HQ,"221 Shepard St, Ripon, WI 54971",43.849064,-88.832405,us-census
ALHC-HQ,"1100 W. Town And Country Road Suite 1600, Orange, CA 92868",33.776551,-117.863214,us-census
ALHYF.PA-HQ,"66 BOULEVARD DE BERLIN, Nantes, FR 44000",47.216212,-1.540732,openstreetmap
ALIT-HQ,"320 South Canal Street 50Th Floor, Suite 5000, Chicago, IL 60606",41.877825,-87.639633,us-census
ALKT-HQ,"5601 Granite Parkway Suite 120, Plano, TX 75024",33.089779,-96.818093,us-census
ALL-HQ,"3100 Sanders Road, Northbrook, IL 60062",42.097315,-87.874642,us-census
ALLO-HQ,"210 East Grand Avenue, South San Francisco, CA 94080",37.654379,-122.399254,us-census
ALLR-HQ,"24 School St., 2Nd Floor, Boston, MA 02108",42.357686,-71.059260,us-census
ALLY-HQ,"Ally Detroit Center 500 Woodward Ave. Floor 10, Detroit, MI 48226",42.329590,-83.045015,us-census
ALM-HQ,"8 South Idaho Street Suite A, Dillon, MT 59725",45.216905,-112.636671,us-census
ALM.MC-HQ,"Ronda General Mitre 151, Barcelona, ES 08022",41.401962,2.136985,openstreetmap
ALMR-HQ,"47071 Bayside Parkway, Fremont, CA 94538",37.476580,-121.938200,us-census
ALMS-HQ,"280 East Grand Avenue, South San Francisco, CA 94080",37.652588,-122.393986,us-census
ALMU-HQ,"27 Castilian Drive, Goleta, CA 93117",34.433445,-119.865134,us-census
ALNT-HQ,"6400 Main Street, Suite 150, Williamsville, NY 14221",42.966098,-78.713629,us-census
ALNT.MC-HQ,"José Ortega y Gasset 29, Madrid, ES 28006",40.430442,-3.682979,openstreetmap
ALNY-HQ,"675 West Kendall Street Henri A. Termeer Square, Cambridge, MA 02142",42.364792,-71.081898,us-census
ALO.PA-HQ,"48 RUE ALBERT DHALENNE, Saint-Ouen-Sur-Seine, FR 93400",48.914934,2.330397,openstreetmap
ALOY-HQ,"7000 W. Palmetto Park Rd. Unit 308, Boca Raton, FL",26.350264,-80.153926,us-census
ALRM-HQ,"8281 Greensboro Drive Suite 100, Tysons, VA 22102",38.923236,-77.231030,us-census
ALRS-HQ,"401 Demers Ave, Grand Forks, ND 58201",47.924371,-97.031519,us-census
ALSN-HQ,"One Allison Way, Indianapolis, IN 46222",39.781142,-86.237243,us-census
ALT-HQ,"910 Clopper Road Suite 201S, Gaithersburg, MD 20878",39.147189,-77.230956,us-census
ALTA.PA-HQ,"87 RUE DE RICHELIEU, Paris, FR 75002",48.870053,2.338970,openstreetmap
ALTG-HQ,"13211 Merriman Road, Livonia, MI 48150",42.378597,-83.353128,us-census
ALTI-HQ,"22 Vanderbilt 27Th Floor, New York, NY 10017",40.752909,-73.978098,us-census
ALTN.L-HQ,"28 Eccleston Square, London, UK SW1V 1NZ",51.492263,-0.144540,openstreetmap
ALTO-HQ,"400 Capitol Mall, Suite 2060, Sacramento, CA 95814",38.579025,-121.502808,us-census
ALUR-HQ,"11 Huron Dr Ste 200, Natick, MA 01760",42.313142,-71.339625,us-census
ALV-HQ,"3350 Airport Rd, Ogden, UT 84405",41.197359,-112.000895,us-census
ALX-HQ,"210 Route 4 East, Paramus, NJ 07652",40.915748,-74.053783,us-census
ALX.AS-HQ,"Leerlooierstraat 30, Etten-Leur, NL 4871EN",51.583288,4.665467,openstreetmap
AM-HQ,"1615 Wynkoop Street, Denver, CO 80202",39.752106,-105.000770,us-census
AMAL-HQ,"275 Seventh Ave., New York, NY 10001",40.745929,-73.994233,us-census
AMAT-HQ,"3050 Bowers Ave, Santa Clara, CA 95054",37.376761,-121.977853,us-census
AMBO-HQ,"10080 N. Wolfe Rd Suite Sw3-200, Cupertino, CA 95014",37.325526,-122.014241,us-census
AMBQ-HQ,"6500 River Place Boulevard Building 7, Suite 200, Austin, TX 78730",30.392729,-97.846850,us-census
AMC-HQ,"One Amc Way 11500 Ash Street, Leawood, KS 66211",38.919588,-94.646980,us-census
AMCI-HQ,"420 Lexington Ave, Suite 2446, New York, NY 10170",40.752196,-73.975587,us-census
AMCX-HQ,"11 Penn Plaza, New York, NY 10001",40.749167,-73.991871,us-census
AMD-HQ,"2485 Augustine Drive, Santa Clara, CA 95054",37.382308,-121.971776,us-census
AME-HQ,"1100 Cassatt Road, Berwyn, PA 19312",40.062219,-75.462422,us-census
AMG.AS-HQ,"Strawinskylaan 1343, Amsterdam, NL 1077XX",52.339972,4.875293,openstreetmap
AMGN-HQ,"One Amgen Center Drive, Thousand Oaks, CA 91320",34.187709,-118.917786,us-census
AMIF.L-HQ,"5 Lloyd's Avenue, London, UK EC3N 3AE",51.511744,-0.077410,openstreetmap
AMIX-HQ,"21 Waterway Avenue, Suite 300, The Woodlands, TX 77380",30.159250,-95.459162,us-census
AMKR-HQ,"2045 East Innovation Circle, Tempe, AZ 85284",33.336037,-111.899702,us-census
AMLX-HQ,"55 Cambridge Parkway Suite 6W, Cambridge, MA 02142",42.366514,-71.074773,us-census
AMOD-HQ,"20311 Chartwell Center Dr., #1469, Cornelius, NC 28031",35.480280,-80.878348,us-census
AMP.MI-HQ,"VIA RIPAMONTI GIUSEPPE 131/133, Milano, IT 20141",45.413545,9.206412,openstreetmap
AMPG-HQ,"155 Plant Avenue, Hauppauge, NY 11788",40.815398,-73.243064,us-census
AMPH-HQ,"11570 Sixth Street, Rancho Cucamonga, CA 91730",34.084658,-117.551863,us-census
AMPL-HQ,"201 Third Street, Suite 200, San Francisco, CA 94103",37.785027,-122.400366,us-census
AMPX-HQ,"1180 Page Avenue, Fremont, CA 94538",37.468088,-121.927003,us-census
AMPY-HQ,"500 Dallas Street Suite 1700, Houston, TX 77002",29.757948,-95.370395,us-census
AMR-HQ,"340 Martin Luther King Jr. Blvd., Bristol, TN 37620",36.591416,-82.182162,us-census
AMRC-HQ,"111 Speen Street, Framingham, MA 01701",42.310105,-71.384589,us-census
AMS-HQ,"601 Montgomery Street Suite 1112, San Francisco, CA 94111",37.794714,-122.403220,us-census
AMS.MC-HQ,"Salvador de Madariaga 1, Madrid, ES 28027",40.436893,-3.658445,openstreetmap
AMSF-HQ,"2301 Highway 190 West, Deridder, LA 70634",30.846801,-93.320328,us-census
AMSS-HQ,"927 South Santa Fe Avenue, Los Angeles, CA 90021",34.032278,-118.230065,us-census
AMST-HQ,"205 East Washington Street Suite B, Ann Arbor, MI 48104",42.280507,-83.747148,us-census
AMT-HQ,"222 Berkeley Street, Boston, MA 02116",42.351024,-71.073040,us-census
AMTB-HQ,"220 Alhambra Circle, Coral Gables, FL 33134",25.752050,-80.259176,us-census
AMTX-HQ,"20400 Stevens Creek Blvd Suite 700, Cupertino, CA 95014",37.322758,-122.030415,us-census
AMUND.AS-HQ,"Hoogoorddreef 56L, Amsterdam, NL 1101BE",52.311205,4.945878,openstreetmap
AMWL-HQ,"75 State Street 26Th Floor, Boston, MA 02109",42.359049,-71.055520,us-census
AMZE-HQ,"2901 West Coast Hwy Suite 200, Newport Beach, CA 92663",33.618989,-117.921718,us-census
AMZN-HQ,"410 Terry Avenue North, Seattle, WA 98109",47.622201,-122.337065,us-census
AN-HQ,"200 Sw 1St Ave Suite 1600, Fort Lauderdale, FL 33301",26.120485,-80.144452,us-census
ANAB-HQ,"10770 Wateridge Circle, Suite 210, San Diego, CA 92121",32.900076,-117.209967,us-census
ANDG-HQ,"333 Bush St Ste 1700, San Francisco, CA 94104",37.790817,-122.403114,us-census
ANE.MC-HQ,"Avenida de la Gran Via de Hortaleza 1, Madrid, ES 28033",40.466798,-3.655330,openstreetmap
ANG-PD-HQ,"1201 Louisiana Street, Suite 2900, Houston, TX 77002",29.756948,-95.368681,us-census
ANGI-HQ,"555 West 18Th Street, New York, NY 10011",40.745097,-74.007298,us-census
ANGX-HQ,"295 W Center Street, Provo, UT 84601",40.233635,-111.663836,us-census
ANIK-HQ,"32 Wiggins Avenue, Bedford, MA 01730",42.481038,-71.265000,us-census
ANIX-HQ,"3150 Almaden Expressway, Suite 250, San Jose, CA 95118",37.276660,-121.879204,us-census
ANNA-HQ,"300 Crescent Court, Suite 1860, Dallas, TX 75201",32.794020,-96.803939,us-census
ANTIN.PA-HQ,"374 RUE SAINT-HONORE, Paris, FR 75001",48.867357,2.326714,openstreetmap
ANTO.L-HQ,"103 Mount Street, London, UK W1K 2TJ",51.509709,-0.150075,openstreetmap
ANVS-HQ,"101 Lindenwood Drive, Suite 225, Malvern, PA 19355",40.049576,-75.525237,us-census
ANY-HQ,"243 Tresser Blvd, 17Th Floor, Stamford, CT 06901",41.051362,-73.535993,us-census
AORT-HQ,"1655 Roberts Boulevard N W, Kennesaw, GA 30144",34.004227,-84.594604,us-census
AOS-HQ,"11270 West Park Place, Milwaukee, WI 53224",43.150798,-88.053157,us-census
AOSL-HQ,"475 Oakmead Parkway, Sunnyvale, CA 94085",37.383478,-121.988411,us-census
AOUT-HQ,"1800 North Route Z, Suite A, Columbia, MO 65202",38.967675,-92.203580,us-census
AP-HQ,"726 Bell Avenue Suite 301, Carnegie, PA 15106",40.415600,-80.076856,us-census
APAM-HQ,"875 E. Wisconsin Avenue Suite 800, Milwaukee, WI 53202",43.039039,-87.900565,us-census
APC-HQ,"8565 Magellan Pkwy., Ste 400, Richmond, VA 23227",37.647462,-77.435163,us-census
APEI-HQ,"111 W Congress Street, Charles Town, WV 25414",39.288124,-77.859593,us-census
APG-HQ,"C/O Api Group, Inc. 1100 Old Highway 8 Nw, New Brighton, MN 55112",45.066820,-93.193237,us-census
APH-HQ,"358 Hall Ave, Wallingford, CT 06492",41.460753,-72.832508,us-census
API-HQ,"2804 Mission College Blvd,, Santa Clara, CA 95054",37.390356,-121.977746,us-census
APLD-HQ,"3811 Turtle Creek Blvd., Suite 2100, Dallas, TX 75219",32.813488,-96.800504,us-census
APLE-HQ,"814 East Main Street, Richmond, VA 23219",37.538692,-77.436988,us-census
APLM-HQ,"989 East Hillsdale Blvd. Ste 220, Foster City, CA 94404",37.557281,-122.273031,us-census
APMD-HQ,"39 John F. Kennedy Street, 4Th Flr., Cambridge, MA 02138",42.372711,-71.120130,us-census
APO-HQ,"9 West 57Th Street, 42Nd Floor, New York, NY 10019",40.763147,-73.974250,us-census
APOG-HQ,"4400 West 78Th Street Suite 520, Minneapolis, MN 55435",44.858862,-93.333548,us-census
APP-HQ,"1100 Page Mill Rd, Palo Alto, CA 94304",37.418321,-122.146139,us-census
APPF-HQ,"70 Castilian Drive, Santa Barbara, CA 93117",34.434111,-119.862680,us-census
APPN-HQ,"7950 Jones Branch Drive, Mclean, VA 22102",38.930245,-77.216683,us-census
APPS-HQ,"111 Nueces Street, Austin, TX 78701",30.265086,-97.750046,us-census
APT-HQ,"53 Wellington Street East, Aurora, ON L4G 1H6",44.000112,-79.464548,openstreetmap
APYX-HQ,"5115 Ulmerton Road, Clearwater, FL 33760",27.893950,-82.703123,us-census
AQB-HQ,"233 Ayer Road Suite 4 Suite 4, Harvard, MA 01451",42.531207,-71.577165,us-census
AQN-HQ,"354 Davis Road, Oakville, ON L6J 2X1",43.459907,-79.681221,openstreetmap
AQST-HQ,"30 Technology Drive, Warren, NJ 07059",40.633553,-74.505492,us-census
AR-HQ,"1615 Wynkoop Street, Denver, CO 80202",39.752106,-105.000770,us-census
ARAI-HQ,"7601 E. 88Th Place Building 3, Indianapolis, IN 46256",39.916744,-86.034246,us-census
ARAMI.PA-HQ,"23 AVENUE ARISTIDE BRIAND, Arcueil, FR 94110",48.809715,2.327145,openstreetmap
ARAY-HQ,"1240 Deming Way, Madison, WI 53717",43.085186,-89.532689,us-census
ARCAD.AS-HQ,"Parnassusweg 793, Amsterdam, NL 1082LZ",52.337481,4.869476,openstreetmap
ARCT-HQ,"10285 Science Center Drive, San Diego, CA",32.890378,-117.232188,us-census
ARDT-HQ,"340 Seven Springs Way Suite 100, Brentwood, TN 37027",36.040887,-86.768346,us-census
ARDX-HQ,"34175 Ardenwood Blvd., Fremont, CA 94555",37.556221,-122.062839,us-census
ARE-HQ,"26 North Euclid Avenue, Pasadena, CA 91101",34.146874,-118.142860,us-census
AREB-HQ,"218 3Rd Avenue North, #400, Nashville, TN 37201",36.164835,-86.778042,us-census
AREC-HQ,"12115 Visionary Way, Suite 174, Fishers, IN 46038",39.965967,-86.008965,us-census
AREIT.PA-HQ,"87 RUE DE RICHELIEU, Paris, FR 75002",48.870053,2.338970,openstreetmap
ARES-HQ,"1800 Ave Of The Stars Suite 1400, Los Angeles, CA 90067",34.061153,-118.418178,us-census
ARHS-HQ,"51 East Hines Hill Road, Boston Heights, OH 44236",41.263241,-81.511395,us-census
ARI-HQ,"C/O Apollo Global Management, LLC 9 West 57Th Street, 43Rd Floor, New York, NY 10019",40.763147,-73.974250,us-census
ARKO-HQ,"8565 Magellan Pkwy Suite 400, Richmond, VA 23227",37.647462,-77.435163,us-census
ARKR-HQ,"85 Fifth Avenue, New York, NY 10003",40.737492,-73.992449,us-census
ARL-HQ,"1603 Lbj Freeway Suite 800, Dallas, TX 75234",32.907841,-96.920955,us-census
ARLO-HQ,"5770 Fleet Street, Carlsbad, CA 92008",33.127261,-117.315676,us-census
ARLP-HQ,"1717 South Boulder Avenue Suite 400, Tulsa, OK 74119",36.137562,-95.988429,us-census
ARMK-HQ,"2400 Market Street, Philadelphia, PA 19103",39.954217,-75.178670,us-census
ARN.MI-HQ,"VIA FUCINI, 4, Milano, IT 20133",45.478585,9.222006,openstreetmap
AROC-HQ,"9807 Katy Freeway Ste 100, Houston, TX 77024",29.783791,-95.536144,us-census
ARQ-HQ,"8051 E. Maplewood Ave., Ste 210, Greenwood Village, CO 80111",39.605028,-104.895460,us-census
ARQT-HQ,"3027 Townsgate Road Suite 300, Westlake Village, CA 91361",34.151141,-118.820806,us-census
ARRY-HQ,"3901 Midway Place Ne, Albuquerque, NM 87109",35.149824,-106.600606,us-census
ARTNA-HQ,"664 Churchmans Rd, Newark, DE 19702",39.687164,-75.638259,us-census
ARTV-HQ,"5505 Morehouse Drive, San Diego, CA 92121",32.893865,-117.199382,us-census
ARTW-HQ,"5556 Highway 9, Armstrong, IA 50514",43.392645,-94.496533,us-census
ARVN-HQ,"395 Winchester Ave 5 Science Park, New Haven, CT 06511",41.325400,-72.927707,us-census
ARWR-HQ,"177 E Colorado Blvd Suite 700, Pasadena, CA 91105",34.145869,-118.146663,us-census
ARXS-HQ,"1332 Blue Hills Ave, Bloomfield, CT 06002",41.859027,-72.710128,us-census
ASAN-HQ,"633 Folsom Street Suite 100, San Francisco, CA 94107",37.784973,-122.397324,us-census
ASB-HQ,"433 Main Street, Green Bay, WI 54301",44.517031,-88.010159,us-census
ASBP-HQ,"23150 Fashion Drive, Suite 232, Estero, FL 33928",26.402256,-81.806958,us-census
ASC.MI-HQ,"VIA VERIZZO, 1030, Pieve Di Soligo, IT 31053",45.887134,12.162843,openstreetmap
ASHM.L-HQ,"16 Palace Street, London, UK SW1E 5JD",51.497578,-0.139496,openstreetmap
ASIC-HQ,"9 West 57Th Street, 33Rd Floor, New York, NY 10019",40.763147,-73.974250,us-census
ASIX-HQ,"300 Kimball Drive Suite 101, Parsippany, NJ 07054",40.859860,-74.407481,us-census
ASLE-HQ,"9850 Nw 41 Street Suite 400, Doral, FL 33178",25.811595,-80.356120,us-census
ASLI.L-HQ,"280 Bishopsgate, London, UK EC2M 4AG",51.519903,-0.078360,openstreetmap
ASM.AS-HQ,"Versterkerstraat 8, Almere, NL 1322AP",52.349316,5.189568,openstreetmap
ASML.AS-HQ,"De Run 6501, Veldhoven, NL 5504DR",51.404446,5.417016,openstreetmap
ASO-HQ,"1800 North Mason Road, Katy, TX 77449",29.798836,-95.751913,us-census
ASPI-HQ,"2200 Ross Avenue, Suite 4575E, Dallas, TX 75201",32.788218,-96.797619,us-census
ASPN-HQ,"30 Forbes Road Building B, Northborough, MA 01532",42.349195,-71.628918,us-census
ASRNL.AS-HQ,"Archimedeslaan 10, Utrecht, NL 3584BA",52.093147,5.154092,openstreetmap
ASST-HQ,"200 Crescent Ct Suite 1400, Dallas, TX",32.794227,-96.803620,us-census
ASTC-HQ,"2105 Donley Dr. Suite 100, Austin, TX 78758",30.388176,-97.712594,us-census
ASTE-HQ,"1725 Shepherd Road, Chattanooga, TN 37421",35.036821,-85.191834,us-census
ASTH-HQ,"1668 S. Garfield Avenue 2Nd Floor, Alhambra, CA 91801",34.075359,-118.122901,us-census
ASTI-HQ,"12300 Grant Street, Thornton, CO 80241",39.920941,-104.985331,us-census
ASTL-HQ,"105 West Street, Sault Ste., ON P6A 7B4",46.515647,-84.395148,openstreetmap
ASUR-HQ,"405 Colorado St #1800, Austin, TX 78701",30.266641,-97.744716,us-census
ATCH-HQ,"2203 Lois Ave., Ste. 814, Tampa, FL 33607",27.961251,-82.513708,us-census
ATEN-HQ,"2300 Orchard Pkwy, San Jose, CA 95131",37.405068,-121.887012,us-census
ATER-HQ,"350 Springfield Avenue Suite #200, Summit, NJ 07901",40.718077,-74.356528,us-census
ATEX-HQ,"3 Garret Mountain Plaza Suite 401, Woodland Park, NJ 07424",40.892450,-74.184033,us-census
ATH-PA-HQ,"7700 Mills Civic Parkway, West Des Moines, IA 50266",41.561568,-93.796798,us-census
ATHR-HQ,"1441 Broadway, 30Th Floor, New York, NY 10018",40.754472,-73.986894,us-census
ATI-HQ,"2021 Mckinney Avenue, Dallas, TX 75201",32.790954,-96.803559,us-census
ATKR-HQ,"16100 South Lathrop Avenue, Harvey, IL 60426",41.597062,-87.641382,us-census
ATLD.PA-HQ,"121 AVENUE DE MALAKOFF, Paris, FR 75016",48.873894,2.284093,openstreetmap
ATLH.KA-HQ,"1-McLeod Road, Lahore, PK 53100",31.565530,74.314362,openstreetmap
ATLX-HQ,"1200 N Federal Hwy Suite 200, Boca Raton, FL 33432",26.361856,-80.082241,us-census
ATMU-HQ,"26 Century Boulevard Suite 500, Nashville, TN 37214",36.147757,-86.685862,us-census
ATNM-HQ,"100 Park Ave., 23Rd Floor, New York, NY 10017",40.750918,-73.978638,us-census
ATO-HQ,"1800 Three Lincoln Ctr 5430 Lbj Freeway, Dallas, TX 75240",32.925410,-96.816937,us-census
ATOM-HQ,"750 University Avenue Suite 280, Los Gatos, CA 95032",37.238633,-121.974711,us-census
ATR-HQ,"265 Exchange Drive Suite 301, Crystal Lake, IL 60014",42.234556,-88.301365,us-census
ATRA-HQ,"1280 Rancho Conejo Blvd, Thousand Oaks, CA 91320",34.196509,-118.921695,us-census
ATRC-HQ,"7555 Innovation Way, Mason, OH 45040",39.334222,-84.290562,us-census
ATRO-HQ,"130 Commerce Way -, East Aurora, NY 14052",42.760784,-78.638420,us-census
ATRY.MC-HQ,"Calle Velázquez 157 4 A, Madrid, ES 28002",40.424526,-3.565339,openstreetmap
ATS-HQ,"730 Fountain Street North Building #3, Cambridge, ON N3H 4R7",43.404924,-80.376457,openstreetmap
ATTO-HQ,"1091 Industrial Road, San Carlos, CA 94070",37.503906,-122.248448,us-census
ATYR-HQ,"10240 Sorrento Valley Road Suite 300, San Diego, CA 92121",32.890318,-117.209902,us-census
AUB-HQ,"4300 Cox Road, Glen Allen, VA 23060",37.653856,-77.579846,us-census
AUB.PA-HQ,"13 RUE LOUIS PASTEUR, Boulogne-Billancourt, FR 92100",48.841717,2.242641,openstreetmap
AUBN-HQ,"100 N Gay St P O Drawer 3110, Auburn, AL 36831",32.606609,-85.479811,us-census
AUC-HQ,"25391 Commercentre Dr., Ste 200, Lake Forest, CA 92630",33.666131,-117.686994,us-census
AUID-HQ,"1580 N. Logan St., Ste 660 Unit 51767, Denver, CO 80203",39.741333,-104.982256,us-census
AUR-HQ,"1654 Smallman St., Pittsburgh, PA 15222",40.449884,-79.987419,us-census
AUUD-HQ,"1680 38Th Street Suite 130, Boulder, CO 80301",40.015711,-105.245172,us-census
AV.L-HQ,"80 Fenchurch Street, London, UK EC3M 4AE",51.512961,-0.077858,openstreetmap
AVA-HQ,"1411 E Mission Ave, Spokane, WA 99202",47.671791,-117.389822,us-census
AVAH-HQ,"400 Interstate North Parkway Ste 1700, Atlanta, GA 30339",33.895567,-84.452629,us-census
AVAP.L-HQ,"5 Fleet Place, London, UK EC4M 7RD",51.514939,-0.104153,openstreetmap
AVAV-HQ,"241 18Th Street South, Suite 650, Arlington, VA 22202",38.857634,-77.050002,us-census
AVBC-HQ,"42 Main Street, Hudson, MA 01749",42.391288,-71.568853,us-census
AVBH-HQ,"1732 N. 1St Street, 6Th Floor, San Jose, CA 95112",37.366973,-121.913457,us-census
AVD-HQ,"4695 Macarthur Court, Newport Beach, CA 92660",33.670325,-117.861673,us-census
AVEX-HQ,"440 Stevens Ave #150, Solana Beach, CA 92075",32.991810,-117.261546,us-census
AVGO-HQ,"3421 Hillview Avenue, Palo Alto, CA 94304",37.401671,-122.145332,us-census
AVIO.MI-HQ,"VIA LEONIDA BISSOLATI, 76, Roma, IT 00187",41.905098,12.492724,openstreetmap
AVNT-HQ,"33587 Walker Road, Avon Lake, OH 44012",41.493353,-82.053179,us-census
AVNW-HQ,"200 Parker Drive Suite C100a, Austin, TX 78728",30.475011,-97.675492,us-census
AVO-HQ,"2710 Camino Del Sol, Oxnard, CA 93030",34.206095,-119.141887,us-census
AVPT-HQ,"525 Washington Blvd Suite 1400, Jersey City, NJ 07310",40.727589,-74.034675,us-census
AVR-HQ,"860 Blue Gentian Road Suite 340, Eagan, MN 55121",44.860511,-93.132478,us-census
AVTR-HQ,"Radnor Corporate Center, Building One Suite 200, 100 Matsonford Road, Radnor, PA 19087",40.047127,-75.356090,us-census
AVTX-HQ,"1500 Liberty Ridge Drive Suite 321, Wayne, PA 19087",40.071537,-75.466081,us-census
AVTX.AS-HQ,"Zekeringstraat 29, Amsterdam, NL 1014BV",52.395969,4.852220,openstreetmap
AVX-HQ,"215 S. Olive Avenue Suite 201, West Palm Beach, FL 33401",26.712086,-80.051995,us-census
AVY-HQ,"8080 Norton Parkway, Mentor, OH 44060",41.648092,-81.351100,us-census
AWI-HQ,"2500 Columbia Ave, Lancaster, PA 17603",40.039920,-76.372338,us-census
AWR-HQ,"630 E Foothill Blvd, San Dimas, CA 91773",34.122610,-117.795741,us-census
AWRE-HQ,"76 Blanchard Road, Burlington, MA 01803",42.478679,-71.202526,us-census
AWX-HQ,"One American Way, Warren, OH 44484",41.237878,-80.714588,us-census
AX-HQ,"9205 West Russell Road Suite #400, Las Vegas, NV 89148",36.085081,-115.292805,us-census
AXGN-HQ,"13631 Progress Blvd. Suite 400, Alachua, FL 32615",29.780396,-82.474566,us-census
AXIL-HQ,"9150 Wilshire Boulevard Unit 245, Beverly Hills, CA 90212",34.066999,-118.391148,us-census
AXON-HQ,"17800 N. 85Th St., Scottsdale, AZ 85255",33.648528,-111.897595,us-census
AXR-HQ,"850 West Chester Pike Suite 205, Havertown, PA 19083",39.971319,-75.310469,us-census
AXTA-HQ,"1050 Constitution Avenue, Philadelphia, PA 19112",39.891830,-75.168816,us-census
AXTI-HQ,"4281 Technology Dr., Fremont, CA 94538",37.507118,-121.956434,us-census
AYI-HQ,"1170 Peachtree Street Ne Suite 1200, Atlanta, GA 30309",33.786331,-84.383180,us-census
AYR-HQ,"C/O Aircastle Advisor LLC 201 Tresser Blvd, Suite 400, Stamford, CT 06901",41.050808,-73.537688,us-census
AZ-HQ,"559 Briar Hill Avenue,, Toronto, ON M5N 1N1",43.709240,-79.419760,openstreetmap
AZIO-HQ,"7510 Ardmore Street, Houston, TX 77054",29.688319,-95.381544,us-census
AZK.MC-HQ,"AVDA. SAN SILVESTRE S/N, Peralta/Azkoien, ES 31350",42.337833,-1.811882,openstreetmap
AZO-HQ,"123 South Front St Dept 8074, Memphis, TN 38103",35.142321,-90.055447,us-census
AZRN.AS-HQ,"Boeingavenue 30, Schiphol-Rijk, NL 1119PE",52.277980,4.751054,openstreetmap
AZTR-HQ,"21 Business Park Drive, Suite 6, Branford, CT 06405",41.296514,-72.766594,us-census
AZZ-HQ,"One Museum Place, Suite 500 3100 W 7Th Street, Fort Worth, TX 76107",32.751295,-97.361570,us-census
B.MI-HQ,"VIA PIRANESI GIOVANNI BATTISTA, 10, Milano, IT 20137",45.460589,9.225972,openstreetmap
BA.L-HQ,"6 Carlton Gardens, London, UK SW1Y 5AD",51.515796,-0.310084,openstreetmap
BAB.L-HQ,"33 Wigmore Street, London, UK W1U 1QX",51.516330,-0.148144,openstreetmap
BAC-HQ,"Bank Of America Corporate Center 100 N Tryon St, Charlotte, NC 28255",35.227193,-80.842983,us-census
BAER-HQ,"90 Aviation Lane, Belgrade, MT 59714",45.768789,-111.150052,us-census
BAH-HQ,"8283 Greensboro Drive, Mclean, VA 22102",38.923271,-77.231063,us-census
BALL-HQ,"9200 W. 108Th Circle, Westminster, CO 80021",39.892635,-105.100846,us-census
BAM-HQ,"Brookfield Place 225 Liberty Street, 8Th Floor, New York, NY",40.711284,-74.014896,us-census
BAMNB.AS-HQ,"Runnenburg 9, Bunnik, NL 3981AZ",52.064236,5.194565,openstreetmap
BAN.MI-HQ,"LARGO MAURIZIO VITALE, 1, Torino, IT 10152",45.079565,7.697500,openstreetmap
BANC-HQ,"3 Macarthur Place, Santa Ana, CA 92707",33.700156,-117.867908,us-census
BANF-HQ,"100 North Broadway Ave, Oklahoma City, OK 73102",35.467744,-97.514402,us-census
BARC.L-HQ,"1 Churchill Place, London, UK E14 5HP",51.505046,-0.014373,openstreetmap
BARK-HQ,"120 Broadway, 12Th Floor, New York, NY 10271",40.708515,-74.010988,us-census
BATL-HQ,"820 Gessner Road Suite 1100, Houston, TX 77024",29.776177,-95.544385,us-census
BATRA-HQ,"755 Battery Avenue Se, Atlanta, GA 30339",33.890927,-84.468990,us-census
BATS.L-HQ,"Globe House, 4 Temple Place, London, UK WC2R 2PG",51.511797,-0.113073,openstreetmap
BAX-HQ,"One Baxter Parkway, Deerfield, IL 60015",42.160180,-87.883675,us-census
BBAI-HQ,"7950 Jones Branch Drive, Mclean, VA 22102",38.930245,-77.216683,us-census
BBCP-HQ,"500 E. 84Th Avenue Suite A-5, Thornton, CO 80229",39.848893,-104.980424,us-census
BBGI-HQ,"3033 Riviera Drive Suite 200, Naples, FL 34103",26.185069,-81.801171,us-census
BBIO-HQ,"3160 Porter Dr. Suite 250, Palo Alto, CA 94304",37.408279,-122.150967,us-census
BBNX-HQ,"11 Hughes, Irvine, CA 92618",33.652184,-117.717962,us-census
BBSI-HQ,"8100 Ne Parkway Drive Suite 200, Vancouver, WA 98662",45.655421,-122.590821,us-census
BBT-HQ,"131 Clarendon Street, Boston, MA 02116",42.348610,-71.074115,us-census
BBW-HQ,"415 S. 18Th Street, Suite 200, St Louis, MO 63103",38.632507,-90.205374,us-census
BBWI-HQ,"Three Limited Pkwy P O Box 16000, Columbus, OH 43230",40.056871,-82.897783,us-census
BBY-HQ,"7601 Penn Ave South, Richfield, MN 55423",44.865449,-93.308490,us-census
BBY.L-HQ,"5 Churchill Place, Canary Wharf, London, UK E14 5HU",51.504651,-0.013514,openstreetmap
BC-HQ,"26125 N. Riverwoods Blvd. Suite 500, Mettawa, IL 60045",42.242343,-87.905295,us-census
BCAL-HQ,"12265 El Camino Real, Suite 210, San Diego, CA 92130",32.939944,-117.240039,us-census
BCBP-HQ,"104-110 Avenue C, Bayonne, NJ 07002",40.649619,-74.130262,us-census
BCC-HQ,"1111 West Jefferson Street, Suite 300 P. O. Box 50, Boise, ID 83702",43.619749,-116.205027,us-census
BCDA-HQ,"320 Soquel Way, Sunnyvale, CA 94085",37.385360,-122.033701,us-census
BCG-HQ,"17 Battery Place, Room 625, New York, NY 10004",40.704906,-74.016313,us-census
BCHT-HQ,"1810 Jester Drive, Corsicana, TX 75109",32.100217,-96.416230,us-census
BCML-HQ,"500 Ygnacio Valley Road Suite 200, Walnut Creek, CA 94596",37.906237,-122.064358,us-census
BCO-HQ,"1801 Bayberry Court P O Box 18100, Richmond, VA 23226",37.606430,-77.531053,us-census
BCPC-HQ,"5 Paragon Drive, Montvale, NJ 07645",41.058329,-74.058306,us-census
BCRX-HQ,"4505 Emperor Boulevard Suite 200, Durham, NC 27703",35.873901,-78.841408,us-census
BDB.MI-HQ,"VIA ROVAGNATI, 0001, Desio, IT 20832",45.616113,9.199113,openstreetmap
BDC-HQ,"1 North Brentwood Blvd 15Th Floor, St. Louis, MO 63105",38.650574,-90.341482,us-census
BDCO-HQ,"801 Travis Suite 2100, Houston, TX 77002",29.758901,-95.364597,us-census
BDL-HQ,"5059 N.E. 18Th Avenue, Fort Lauderdale, FL 33334",26.190416,-80.122714,us-census
BDN-HQ,"2929 Arch Street Suite 1800, Philadelphia, PA 19104",39.956956,-75.181262,us-census
BDSX-HQ,"919 West Dillon Road, Louisville, CO 80027",39.959615,-105.161555,us-census
BDTX-HQ,"245 First Street, 18Th Floor, Cambridge, MA 02142",42.363531,-71.078712,us-census
BDX-HQ,"One Becton Dr, Franklin Lakes, NJ 07417",41.015646,-74.207757,us-census
BE-HQ,"4353 North First Street, San Jose, CA 95134",37.420945,-121.962622,us-census
BEAM-HQ,"26 Landsdowne Street, Cambridge, MA 02139",42.360970,-71.099112,us-census
BEEM-HQ,"5660 Eastgate Drive, San Diego, CA 92121",32.883156,-117.197266,us-census
BEEP-HQ,"30 W. 4Th Street, Cincinnati, OH 45202",39.099942,-84.513184,us-census
BENF-HQ,"325 N. Saint Paul Street Suite 4850, Dallas, TX 75201",32.783074,-96.796575,us-census
BEPC-HQ,"225 Liberty Street, 8Th Floor, New York, NY 10281",40.711284,-74.014896,us-census
BESI.AS-HQ,"Ratio 6, Duiven, NL 6921RW",51.960647,6.019700,openstreetmap
BESS-HQ,"895 Dove Street Suite 300, Newport Beach, CA 92660",33.658068,-117.864704,us-census
BETA-HQ,"1150 Airport Drive, South Burlington, VT 05403",44.465864,-73.155144,us-census
BEVER.AS-HQ,"Rijksstraatweg 324C, Wassenaar, NL 2242AB",52.140599,4.410848,openstreetmap
BEZ.L-HQ,"22 Bishopsgate, London, UK EC2N 4BQ",51.514478,-0.082973,openstreetmap
BF-B-HQ,"850 Dixie Hwy, Louisville, KY 40210",38.244987,-85.783759,us-census
BFAM-HQ,"2 Wells Avenue, Newton, MA 02459",42.293861,-71.200947,us-census
BFC-HQ,"402 North Eighth Street, Manitowoc, WI 54220",44.095511,-87.657848,us-census
BFF.MI-HQ,"VIALE SCARAMPO LODOVICO, 15, Milano, IT 20148",45.481622,9.149188,openstreetmap
BFG.MI-HQ,"VIA CAVICCHINI, 2, Jolanda Di Savoia, IT 44037",44.883394,11.976885,openstreetmap
BFIT.AS-HQ,"Wegalaan 60, Hoofddorp, NL 2132JC",52.293117,4.707550,openstreetmap
BFRG-HQ,"325 Ellington Blvd. Unit 317, Gaithersburg, MD 20878",39.114037,-77.206186,us-census
BFS-HQ,"7501 Wisconsin Avenue Suite 1500, Bethesda, MD 20814",38.984817,-77.094156,us-census
BFST-HQ,"500 Laurel Street Suite 101, Baton Rouge, LA 70801",30.450386,-91.185824,us-census
BGC-HQ,"499 Park Avenue, New York, NY 10022",40.762940,-73.969699,us-census
BGDE-HQ,"950 Railroad Ave, Midland, PA 15059",40.635683,-80.452151,us-census
BGEO.L-HQ,"29 Farm Street, London, UK W1J 5RL",51.509513,-0.148891,openstreetmap
BGS-HQ,"8 Sylvan Way, Parsippany, NJ 07054",40.848413,-74.454878,us-census
BGSF-HQ,"14901 Quorum Dr Suite 800, Dallas, TX 75254",32.948695,-96.825646,us-census
BHB-HQ,"82 Main St Po Box 400, Bar Harbor, ME 04609",44.389513,-68.204590,us-census
BHF-HQ,"11225 N Community House Road, Charlotte, NC 28277",35.055244,-80.835576,us-census
BHIC-HQ,"14857 South Concord Park Drive, Bluffdale, UT 84065",40.481764,-111.913204,us-census
BHM-HQ,"1345 Avenue Of The Americas 32Nd Floor, New York, NY 10105",40.762666,-73.978488,us-census
BHR-HQ,"14185 Dallas Parkway Suite 1100, Dallas, TX 75254",32.939254,-96.822316,us-census
BIAF-HQ,"3300 Nacogdoches Road Suite 216, San Antonio, TX 78217",29.527987,-98.434727,us-census
BIH.L-HQ,"2, Danemere Street, London, UK SW151LT",51.469648,-0.224179,openstreetmap
BIIB-HQ,"225 Binney Street, Cambridge, MA 02142",42.366056,-71.084889,us-census
BIM.PA-HQ,"376 CHEMIN DE L'ORME, Marcy-L'etoile, FR 69280",45.780898,4.709753,openstreetmap
BIO-HQ,"1000 Alfred Nobel Drive, Hercules, CA 94547",38.022625,-122.277045,us-census
BIOA-HQ,"5885 Hollis Street Suite 370, Emeryville, CA 94608",37.841005,-122.289764,us-census
BIYA-HQ,"Room 18022, Floor 18 112 W. 34Th Street, New York, NY 10120",40.749837,-73.988039,us-census
BJ-HQ,"350 Campus Drive, Marlborough, MA 01752",42.326608,-71.583948,us-census
BJRI-HQ,"7755 Center Avenue Suite 300, Huntington Beach, CA 92647",33.733696,-117.995748,us-census
BKD-HQ,"105 Westwood Place Suite 400, Brentwood, TN 37027",36.036984,-86.805573,us-census
BKE-HQ,"2407 W 24Th St, Kearney, NE 68847",40.699500,-99.115930,us-census
BKG.L-HQ,"Berkeley House, 19 Portsmouth Road, Cobham, UK KT11 1JG",51.333079,-0.419637,openstreetmap
BKKT-HQ,"3280 Peachtree Rd Ne 7Th Floor, Atlanta, GA 30305",33.842507,-84.363006,us-census
BKNG-HQ,"800 Connecticut Ave, Norwalk, CT 06854",41.092859,-73.452433,us-census
BKR-HQ,"575 North Dairy Ashford Road, Suite 100, Houston, TX 77079",29.786925,-95.615487,us-census
BKSY-HQ,"2411 Dulles Corner Park Suite 300, Herndon, VA 20171",38.957625,-77.423445,us-census
BKTI-HQ,"7100 Technology Drive, West Melbourne, FL 32904",28.096619,-80.685375,us-census
BKU-HQ,"14817 Oak Lane, Miami Lakes, FL 33016",25.908201,-80.328089,us-census
BKV-HQ,"1200 17Th St., Ste 2100, Denver, CO 80202",39.749457,-104.995436,us-census
BL-HQ,"21300 Victory Boulevard 12Th Floor, Woodland Hills, CA 91367",34.188286,-118.595904,us-census
BLBD-HQ,"3920 Arkwright Road Suite 200, Macon, GA 31210",32.905905,-83.687242,us-census
BLDP-HQ,"9000 Glenlyon Parkway, Burnaby, BC V5J 5J8",49.198265,-123.007673,openstreetmap
BLDR-HQ,"6031 Connection Dr., Ste. 400, Irving, TX 75039",32.894323,-96.966534,us-census
BLFS-HQ,"3303 Monte Villa Parkway Suite 310, Bothell, WA 98021",47.778172,-122.191190,us-census
BLGO-HQ,"14921 Chestnut St., Westminster, CA 92683",33.746065,-118.002740,us-census
BLKB-HQ,"65 Fairchild Street, Charleston, SC 29492",32.865560,-79.908133,us-census
BLLN-HQ,"1035 O'brien Drive, Menlo Park, CA",37.474889,-122.150817,us-census
BLMH-HQ,"3242 South Halladay Street Suite 202, Santa Ana, CA 92705",33.704178,-117.860659,us-census
BLMN-HQ,"2202 North West Shore Boulevard Suite 500, Tampa, FL 33607",27.959994,-82.524183,us-census
BLND-HQ,"7250 Redwood Blvd., Suite 300, Novato, CA 94945",38.103595,-122.570416,us-census
BLNE-HQ,"188 Valley Street, Suite 225, Providence, RI 02909",41.821737,-71.440183,us-census
BLNK-HQ,"17301 Melford Blvd.,, Bowie, MD 20715",38.958316,-76.705992,us-census
BLZE-HQ,"2261 Market Street Ste 81006, San Francisco, CA 94114",37.764732,-122.432212,us-census
BMBL-HQ,"1105 West 41St Street, Austin, TX 78756",30.309433,-97.741900,us-census
BME.L-HQ,"27 Fleet Street, Birmingham, UK B3 1JP",52.482178,-1.906759,openstreetmap
BMI-HQ,"4545 West Brown Deer Road, Milwaukee, WI 53223",43.177859,-87.967921,us-census
BMNM-HQ,"3305 Flamingo Drive, Vero Beach, FL 32963",27.652459,-80.362574,us-census
BMNR-HQ,"800 Connecticut Avenue, Norwalk, CT 06854",41.092859,-73.452433,us-census
BMRA-HQ,"17571 Von Karman Avenue, Irvine, CA 92614",33.687231,-117.844654,us-census
BMRC-HQ,"504 Redwood Boulevard, Suite 100, Novato, CA 94947",38.074152,-122.542806,us-census
BMRN-HQ,"105 Digital Drive, Novato, CA 94949",38.071049,-122.530771,us-census
BMS.L-HQ,"1 Strand, Trafalgar Square, London, UK WC2N 5HR",51.507627,-0.127106,openstreetmap
BMTM-HQ,"6400 Congress Ave. Suite 2050, Boca Raton, FL 33487",26.402210,-80.102346,us-census
BMY-HQ,"Route 206 And Province Line Road, Princeton, NJ 08543",40.302902,-74.675375,us-census
BMY.L-HQ,"50 Bedford Square, London, UK WC1B 3DP",51.518634,-0.129129,openstreetmap
BN.PA-HQ,"59 RUE LA FAYETTE, Paris, FR 75009",48.875844,2.343253,openstreetmap
BNC-HQ,"385 S. Pierce Ave, Ste C, Louisville, CO 80027",39.965096,-105.122458,us-census
BNED-HQ,"180 Park Avenue Suite 301, Florham Park, NJ 07932",40.781309,-74.429380,us-census
BNGO-HQ,"9540 Towne Centre Drive Suite 100, San Diego, CA 92121",32.881667,-117.208784,us-census
BNKK-HQ,"1061 E. Indiantown Rd. Ste. 110, Jupiter, FL 33477",26.933939,-80.075149,us-census
BNL-HQ,"207 High Point Drive, Victor, NY 14564",43.028662,-77.438251,us-census
BNO-HQ,"1850 Mt. Diablo Blvd. Suite 640, Walnut Creek, CA 94596",37.897414,-122.064734,us-census
BNP.PA-HQ,"16 BOULEVARD DES ITALIENS, Paris, FR 75009",48.871734,2.337656,openstreetmap
BNS-HQ,"40 Temperance Street, Toronto, ON M5H 0B4",43.651046,-79.380365,openstreetmap
BNTC-HQ,"3940 Trust Way, Hayward, CA 94545",37.623651,-122.124970,us-census
BNY-HQ,"240 Greenwich Street, New York, NY 10286",40.714250,-74.011618,us-census
BO.MI-HQ,"VIALE LUIGI MAJNO, 10, Milano, IT 20129",45.469477,9.205881,openstreetmap
BOBS-HQ,"434 Tolland Turnpike, Manchester, CT 06042",41.807688,-72.526616,us-census
BOC-HQ,"1601 Dodge Street Suite 3300, Omaha, NE 68102",41.259653,-95.937229,us-census
BODI-HQ,"400 Continental Blvd Floor 6, El Segundo, CA",33.920538,-118.390787,us-census
BOF-HQ,"205 Se Davis Avenue, Suite C, Bend, OR 97702",44.049024,-121.303752,us-census
BOH-HQ,"130 Merchant Street, Honolulu, HI 96813",21.308557,-157.862583,us-census
BOLT-HQ,"900 Chesapeake Drive, Redwood City, CA 94063",37.501185,-122.214643,us-census
BOOM-HQ,"11800 Ridge Parkway Suite 300, Broomfield, CO 80021",39.912655,-105.154605,us-census
BOOT-HQ,"17100 Laguna Canyon Road, Irvine, CA 92618",33.652400,-117.767713,us-census
BOOT.L-HQ,"Isaacs Building, 4 Charles Street, Sheffield, UK S1 2HS",53.378839,-1.471372,openstreetmap
BOTX-HQ,"62 Calef Hwy #233, Lee, NH 03861",43.143680,-71.009033,us-census
BOW-HQ,"452 5Th Avenue 24Th Floor, New York, NY 10018",40.751818,-73.982186,us-census
BOX-HQ,"900 Jefferson Ave, Redwood City, CA 94063",37.484793,-122.228256,us-census
BOXL-HQ,"2750 Premiere Parkway, Suite 900, Duluth, GA 30097",34.000788,-84.090363,us-census
BP.L-HQ,"1 St James's Square, London, UK SW1Y 4PD",51.507825,-0.134197,openstreetmap
BPE.MI-HQ,"VIA SAN CARLO, 8/20, Modena, IT 41121",44.645541,10.927255,openstreetmap
BPRN-HQ,"C/O Stevens & Lee, P.C. 111 North Sixth Street, Reading, PA 19603",40.337135,-75.925776,us-census
BR-HQ,"5 Dakota Drive, Lake Success, NY 11042",40.760107,-73.689379,us-census
BRBR-HQ,"1 N. Brentwood Boulevard, Suite 1550, Clayton, MO 63105",38.650574,-90.341482,us-census
BRBS-HQ,"1801 Bayberry Court Suite 101, Richmond, VA 23226",37.606430,-77.531053,us-census
BRC-HQ,"6555 W Good Hope Rd P O Box 571, Milwaukee, WI 53201",43.148543,-87.995091,us-census
BRCC-HQ,"3131 W. 2210 S., Suite C, West Valley City, UT 84119",40.723029,-111.966509,us-census
BRE.MI-HQ,"VIA STEZZANO 87, Bergamo, IT 24126",45.664026,9.657646,openstreetmap
BRFH-HQ,"12100 Wilshire Boulevard, 8Th Floor,, Los Angeles, CA 90025",34.044016,-118.467475,us-census
BRI.MI-HQ,"VIA GIOVANNI BATTISTA PIRANESI, 10, Milano, IT 20137",45.460589,9.225972,openstreetmap
BRID-HQ,"1308 N Patt St P O Box 3773, Anaheim, CA 92801",33.852762,-117.915404,us-census
BRK-B-HQ,"3555 Farnam Street, Omaha, NE 68131",41.257668,-95.964854,us-census
BRK.L-HQ,"40 Leadenhall Street, London, UK EC3A 2BJ",51.513295,-0.078966,openstreetmap
BRKR-HQ,"40 Manning Rd, Billerica, MA 01821",42.527828,-71.265083,us-census
BRLT-HQ,"300 Grant Avenue 3Rd Floor, San Francisco, CA 94108",37.789781,-122.405359,us-census
BRNL.AS-HQ,"John M. Keynesplein 33, Amsterdam, NL 1066EP",52.340689,4.825994,openstreetmap
BRNS-HQ,"20400 Century Blvd Suite 210, Germantown, MD 20874",39.191200,-77.265062,us-census
BRO-HQ,"300 N. Beach Street, Daytona Beach, FL 32114",29.216985,-81.021737,us-census
BROS-HQ,"1930 W Rio Salado Pkwy, Tempe, AZ 85281",33.431254,-111.968484,us-census
BRR-HQ,"600 Lexington Ave., Floor 2, New York, NY 10022",40.757830,-73.971482,us-census
BRSP-HQ,"590 Madison Avenue 33Rd Floor, New York, NY 10022",40.762050,-73.972621,us-census
BRT-HQ,"60 Cutter Mill Rd Suite 303, Great Neck, NY 11021",40.785922,-73.730878,us-census
BRTX-HQ,"40 Marcus Drive Suite One, Melville, NY",40.759001,-73.412363,us-census
BRUN-HQ,"5 Revere Drive, Suite 200, Northbrook, IL 60062",42.151518,-87.805959,us-census
BRX-HQ,"100 Park Avenue, New York, NY 10017",40.750918,-73.978638,us-census
BRZE-HQ,"63 Madison Building 28 E. 28Th St., Floor 12 Mailroom, New York, NY 10016",40.743897,-73.985586,us-census
BSBK-HQ,"819 Teaneck Road, Teaneck, NJ 07666",40.884928,-74.006282,us-census
BSD.PA-HQ,"374 RUE SAINT-HONORE, Paris, FR 75001",48.867357,2.326714,openstreetmap
BSIN-HQ,"1616 S. Voss, Suite 725, Houston, TX 77057",29.751352,-95.501170,us-census
BSM-HQ,"1001 Fannin Street, Suite 2020, Houston, TX 77022",29.756354,-95.364034,us-census
BSPA-HQ,"990 State Route 67, Ballston Spa, NY",42.987169,-73.852207,us-census
BSRR-HQ,"86 North Main Street, Porterville, CA 93257",36.066864,-119.016141,us-census
BSTT-HQ,"345 Park Avenue, New York, NY 10154",40.757910,-73.973362,us-census
BSVN-HQ,"1039 Nw 63Rd Street, Oklahoma City, OK 73116",35.536929,-97.528833,us-census
BSX-HQ,"300 Boston Scientific Way, Marlborough, MA 01752",42.362686,-71.560861,us-census
BSY-HQ,"685 Stockton Drive, Exton, PA 19341",40.065224,-75.688262,us-census
BT.A.L-HQ,"1 Braham Street, London, UK E1 8EE",51.514239,-0.071725,openstreetmap
BTAI-HQ,"555 Long Wharf Drive, New Haven, CT 06511",41.298036,-72.912940,us-census
BTBD-HQ,"6300 North Sagewood Drive Suite H #217, Park City, UT 84098",40.722606,-111.543603,us-census
BTCK-HQ,"Three Main Street Suite 215, Burlington, VT 05401",44.475764,-73.219296,us-census
BTCO-HQ,"107 Grand Street, 8Th Floor, New York, NY 10013",40.720828,-74.000768,us-census
BTCS-HQ,"303 W. Lancaster Ave #336, Wayne, PA 19087",40.044291,-75.398203,us-census
BTCY-HQ,"203 Redwood Parkway Suite 600, Redwood City, CA 94065",37.474663,-122.224865,us-census
BTGO-HQ,"101 S. Reid Street Suite 307, Pmb# 9793, Sioux Falls, SD 57103",43.546874,-96.722514,us-census
BTLN-HQ,"15 West 38Th St, 12Th Floor, New York, NY 10018",40.751221,-73.983196,us-census
BTMD-HQ,"1875 W. Walnut Hill Ln #100, Irving, TX 75038",32.872465,-96.970990,us-census
BTOC-HQ,"20301 East Walnut Drive North, Walnut, CA 91789",33.998180,-117.861199,us-census
BTSG-HQ,"805 N. Whittington Parkway, Louisville, KY 40222",38.251118,-85.583576,us-census
BTU-HQ,"1245 J.J. Kelley Memorial Drive Suite 700, St Louis, MO 63131",38.605567,-90.449388,us-census
BUDA-HQ,"4030 Black Gold Drive, Dallas, TX 75247",32.803878,-96.884784,us-census
BUKS-HQ,"One Aero Plaza, New Century, KS 66031",38.839758,-94.887340,us-census
BULL-HQ,"200 Carillon Parkway, St. Petersburg, FL 33716",27.892131,-82.662825,us-census
BURL-HQ,"1830 Route 130 North, Burlington, NJ 08016",40.093681,-74.813149,us-census
BUSE-HQ,"11440 Tomahawk Creek Pkwy, Leawood, KS 66211",38.920787,-94.627564,us-census
BV-HQ,"980 Jolly Road Suite 300, Blue Bell, PA 19422",40.148531,-75.290706,us-census
BVS-HQ,"4721 Emperor Boulevard, Suite 100, Durham, NC 27703",35.877145,-78.839184,us-census
BW-HQ,"1200 E. Market Street, Suite 650, Akron, OH 44305",41.063892,-81.479306,us-census
BWA-HQ,"3850 Hamlin Rd., Auburn Hills, MI 48326",42.646500,-83.212387,us-census
BWB-HQ,"4450 Excelsior Blvd. Suite 100, St. Louis Park, MN 55416",44.934995,-93.336342,us-census
BWEN-HQ,"3240 S. Central Avenue, Cicero, IL 60804",41.833870,-87.763525,us-census
BWFG-HQ,"208 Elm Street, New Canaan, CT 06840",41.146375,-73.495977,us-census
BWIN-HQ,"4211 W. Boy Scout Blvd. Suite 800, Tampa, FL 33607",27.964756,-82.514700,us-census
BWMG-HQ,"3001 Nw 25Th Avenue, Suite 1, Pompano Beach, FL 33069",26.268190,-80.157000,us-census
BWMN-HQ,"12355 Sunrise Valley Drive Suite 520, Reston, VA 20191",38.950763,-77.372733,us-census
BWXT-HQ,"1720 Mt. Athos Road, Lynchburg, VA 24504",37.411068,-79.049384,us-census
BWZ.MI-HQ,"VIALE EDOARDO JENNER, 53, Milano, IT 20159",45.497171,9.182798,openstreetmap
BX-HQ,"345 Park Avenue, New York, NY 10154",40.757910,-73.973362,us-census
BXC-HQ,"1950 Spectrum Circle Suite 300, Marietta, GA 30067",33.906028,-84.468771,us-census
BXDC-HQ,"C/O Blackstone Inc. 345 Park Avenue, New York, NY 10154",40.757910,-73.973362,us-census
BXMT-HQ,"345 Park Avenue 24Th Floor, New York, NY 10154",40.757910,-73.973362,us-census
BXP-HQ,"800 Boylston Street Suite 1900, Boston, MA 02199",42.348748,-71.082131,us-census
BY-HQ,"180 North Lasalle Street, Suite 300, Chicago, IL 60601",41.885176,-87.632504,us-census
BYD-HQ,"6465 South Rainbow Boulevard, Las Vegas, NV 89118",36.071247,-115.242586,us-census
BYFC-HQ,"5055 Wilshire Blvd Ste 500, Los Angeles, CA 90036",34.062209,-118.340174,us-census
BYND-HQ,"888 N. Douglas Street, Suite 100, El Segundo, CA 90245",33.930301,-118.383081,us-census
BYRN-HQ,"100 Burtt Road Suite 115, Andover, MA 01810",42.610437,-71.172862,us-census
BYSI-HQ,"100 Campus Drive, West Side, 4Th Floor Suite 410, Florham Park, NJ 07932",40.783300,-74.430251,us-census
BZAI-HQ,"4659 Golden Foothill Parkway, Suite 206, El Dorado Hills, CA 95762",38.628171,-121.068103,us-census
BZFD-HQ,"50 West 23Rd Street, 6Th Floor, New York, NY 10010",40.742177,-73.991227,us-census
BZH-HQ,"2002 Summit Blvd Ne 15Th Floor, Atlanta, GA 30319",33.914283,-84.339662,us-census
BZU.MI-HQ,"VIA LUIGI BUZZI, 6, Casale Monferrato, IT 15033",45.128725,8.451789,openstreetmap
C-HQ,"388 Greenwich Street, New York, NY 10013",40.720703,-74.010157,us-census
CA.PA-HQ,"93 AVENUE DE PARIS, Massy, FR 91300",48.723516,2.265432,openstreetmap
CABK.MC-HQ,"CALLE PINTOR SOROLLA 2 - 4, Valencia, ES 46002",39.458300,-0.464294,openstreetmap
CABO-HQ,"210 E. Earll Drive, Phoenix, AZ 85012",33.483938,-112.070721,us-census
CABP.L-HQ,"3 London Bridge Street, London, UK SE1 9SG",51.505328,-0.088106,openstreetmap
CABR-HQ,"130 S Indian River Drive Suite 202 Pbm# 1232, Fort Pierce, FL 34950",27.447706,-80.322750,us-census
CAC-HQ,"Two Elm St, Camden, ME 04843",44.209737,-69.064835,us-census
CACC-HQ,"25505 West Twelve Mile Road, Southfield, MI 48034",42.500777,-83.296912,us-census
CACI-HQ,"Two Reston Overlook 12021 Sunset Hills Road, Reston, VA 20190",38.955088,-77.357265,us-census
CAD.L-HQ,"8 Bishopsgate, London, UK EC2N 4BQ",51.516676,-0.082879,openstreetmap
CAE-HQ,"8585 Cote De Liesse, Saint-Laurent, QC H4T 1G6",45.476723,-73.708792,openstreetmap
CAG-HQ,"222 W. Merchandise Mart Plaza Suite 1300, Chicago, IL 60654",41.888045,-87.634339,us-census
CAH-HQ,"7000 Cardinal Place, Dublin, OH 43017",40.110193,-83.117622,us-census
CAI-HQ,"750 W John Carpenter Freeway Suite 800, Irving, TX 75039",32.885434,-96.954576,us-census
CAI.MI-HQ,"VIA RIZZOLI ANGELO, 8, Milano, IT 20132",45.505561,9.251738,openstreetmap
CAKE-HQ,"26901 Malibu Hills Rd, Calabasas Hills, CA 91301",34.136496,-118.710652,us-census
CAL-HQ,"8300 Maryland Ave P O Box 29, St Louis, MO 63105",38.652726,-90.345654,us-census
CALM-HQ,"1052 Highland Colony Pkwy Suite 200, Ridgeland, MS 39157",32.442649,-90.149034,us-census
CALT.MI-HQ,"VIA BARBERINI, 28, Roma, IT 00187",41.904196,12.490784,openstreetmap
CALX-HQ,"3155 Olsen Drive, Suite 450, San Jose, CA 95117",37.318792,-121.952061,us-census
CALY-HQ,"2180 Rutherford Rd, Carlsbad, CA 92008",33.131445,-117.281670,us-census
CAMP-HQ,"100 Talcott Avenue Suite 201, Watertown, MA 02472",42.363098,-71.163002,us-census
CANG-HQ,"Suite 750 3131 Mckinney Avenue,, Dallas, TX 75204",32.802253,-96.800807,us-census
CAP.PA-HQ,"11 RUE DE TILSITT, Paris, FR 75017",48.874792,2.293482,openstreetmap
CAPL-HQ,"645 Hamilton Street Suite 400, Allentown, PA 18101",40.602518,-75.470841,us-census
CAPN-HQ,"205 W 37Th St, New York, NY 10018",40.753016,-73.989381,us-census
CAPS-HQ,"18400 76Th Avenue, Tinley Park, IL 60477",41.556591,-87.802522,us-census
CAR-HQ,"379 Interpace Parkway, Parsippany, NJ 07054",40.868870,-74.450436,us-census
CAR.L-HQ,"47 Wates Way, Mitcham, UK CR4 4HR",51.389637,-0.165436,openstreetmap
CARE-HQ,"1300 Kings Mountain Road, Martinsville, VA 24112",36.720335,-79.882329,us-census
CARG-HQ,"1001 Boylston Street 16Th Floor, Boston, MA 02115",42.347338,-71.087859,us-census
CARL-HQ,"1800 Aston Avenue Suite 100, Carlsbad, CA 92008",33.131762,-117.291377,us-census
CARM.PA-HQ,"25 Rué d'Astorg, Paris, FR 75008",48.873726,2.319464,openstreetmap
CARR-HQ,"13995 Pasteur Boulevard, Palm Beach Gardens, FL 33418",26.882231,-80.122814,us-census
CART-HQ,"50 Beale Street, Suite 600, San Francisco, CA 94105",37.791749,-122.396658,us-census
CARV-HQ,"75 W 125Th St, New York, NY 10027",40.807476,-73.944625,us-census
CASH-HQ,"5501 South Broadband Lane P O Box 1307, Sioux Falls, SD 57108",43.497813,-96.787278,us-census
CASH.MC-HQ,"C/ Santa Sabina 8, Madrid, ES 28007",40.404042,-3.669357,openstreetmap
CASS-HQ,"12444 Powerscourt Drive, St. Louis, MO 63131",38.606886,-90.450204,us-census
CAST-HQ,"6901 Tpc Drive Suite 200, Orlando, FL 32801",28.463856,-81.296579,us-census
CAT-HQ,"5205 N. O'connor Boulevard Suite 100, Irving, TX 75039",32.869911,-96.940375,us-census
CATO-HQ,"8100 Denmark Road, Charlotte, NC 28273",35.128746,-80.878670,us-census
CATY-HQ,"777 N Broadway, Los Angeles, CA 90012",34.061878,-118.238611,us-census
CBAN-HQ,"115 South Grant Street ., Fitzgerald, GA 31750",31.714663,-83.252988,us-census
CBAV.MC-HQ,"PASEO DE LA CASTELLANA 20 BAJO, Madrid, ES 28046",40.473362,-3.686906,openstreetmap
CBC-HQ,"238 Madison Street, Jefferson City, MO 65101",38.576471,-92.170777,us-census
CBFV-HQ,"100 North Market Street, Carmichaels, PA 15320",39.896768,-79.974928,us-census
CBG.L-HQ,"10 Crown Place, London, UK EC2A 4FT",51.520354,-0.083477,openstreetmap
CBIO-HQ,"300 Fifth Avenue, Waltham, MA 02451",42.391602,-71.257764,us-census
CBKM-HQ,"614 E Lincoln Way Po Box 256, Minerva, OH 44657",40.732667,-81.097184,us-census
CBL-HQ,"2030 Hamilton Place Bvld, Suite 500 Cbl Center, Chattanooga, TN 37421",35.032757,-85.165425,us-census
CBLL-HQ,"360 N. Pastoria Avenue, Sunnyvale, CA 94085",37.387441,-122.035014,us-census
CBNA-HQ,"1445-A Laughlin Avenue, Mclean, VA 22101",38.932042,-77.178148,us-census
CBNK-HQ,"One Church Street Suite 300, Rockville, MD 20850",39.083467,-77.146767,us-census
CBOE-HQ,"433 West Van Buren Street, Chicago, IL 60607",41.876726,-87.638503,us-census
CBRE-HQ,"2121 North Pearl Street Suite 300, Dallas, TX 75201",32.790997,-96.800990,us-census
CBRL-HQ,"305 Hartmann Drive, Lebanon, TN 37087",36.224581,-86.319065,us-census
CBRS-HQ,"1237 E. Arques Ave., Sunnyvale, CA 94085",37.380554,-121.997578,us-census
CBSH-HQ,"1000 Walnut, Kansas City, MO 64106",39.102229,-94.582041,us-census
CBSM.PA-HQ,"12 RUE GODOT DE MAUROY, Paris, FR 75009",48.870805,2.326942,openstreetmap
CBT-HQ,"Two Seaport Lane Suite 1400, Boston, MA 02210",42.349630,-71.041008,us-census
CBU-HQ,"333 Butternut Drive, Syracuse, NY 13214",43.038694,-76.059204,us-census
CBUS-HQ,"6455 Nancy Ridge Drive, San Diego, CA 92121",32.887021,-117.180196,us-census
CBZ-HQ,"5959 Rockside Woods Blvd N. Suite 600, Independence, OH 44131",41.395653,-81.647695,us-census
CCB-HQ,"5415 Evergreen Way, Everett, WA 98203",47.947891,-122.215102,us-census
CCBG-HQ,"217 N Monroe St, Tallahassee, FL 32301",30.443814,-84.280617,us-census
CCC-HQ,"167 N. Green Street 9Th Floor, Chicago, IL 60607",41.883878,-87.648512,us-census
CCC.L-HQ,"Hatfield Avenue, Hatfield, UK AL10 9TW",51.774928,-0.245366,openstreetmap
CCCC-HQ,"490 Arsenal Way Suite 120, Watertown, MA 02472",42.363277,-71.160958,us-census
CCEL-HQ,"700 Brooker Creek Blvd Suite 1800, Oldsmar, FL 34677",28.053306,-82.656899,us-census
CCFN-HQ,"1199 Lightstreet Road, Bloomsburg, PA 17815",41.024429,-76.428996,us-census
CCI-HQ,"8020 Katy Freeway, Houston, TX 77024",29.784387,-95.480073,us-census
CCK-HQ,"14025 Riveredge Drive, Suite 300, Tampa, FL 33637",28.075988,-82.356238,us-census
CCL-HQ,"3655 Nw 87Th Ave Po Box 1347, Miami, FL 33178",25.806365,-80.337233,us-census
CCLD-HQ,"7 Clyde Road Somerset, Somerset, NJ 08873",40.488121,-74.508813,us-census
CCOI-HQ,"2450 N Street, Nw, Washington, DC 20037",38.907187,-77.052424,us-census
CCS-HQ,"8390 E. Crescent Pkwy., Suite 650, Greenwood Village, CO 80111",39.622799,-104.890799,us-census
CCSI-HQ,"700 S. Flower Street Legal Dept - 15Th Floor, Los Angeles, CA 90017",34.048607,-118.258751,us-census
CD-HQ,"1330 Avenue Of The Americas, Fl 33,, New York, NY 10019",40.762318,-73.978570,us-census
CDE-HQ,"200 South Wacker Drive Suite 2100, Chicago, IL 60606",41.879292,-87.637030,us-census
CDFF.L-HQ,"56 Station Road, Egham, UK TW20 9LF",51.430207,-0.547833,openstreetmap
CDIO-HQ,"311 W. Superior Street Suite 444, Chicago, IL 60645",41.895509,-87.636194,us-census
CDIX-HQ,"3753 Howard Hughes Parkway Suite 200, Las Vegas, NV 89169",36.121181,-115.157948,us-census
CDLX-HQ,"675 Ponce De Leon Avenue, Ne Suite 4100, Atlanta, GA 30308",33.773273,-84.365183,us-census
CDNL-HQ,"100 E. Six Forks Road, #300, Raleigh, NC 27609",35.823224,-78.632295,us-census
CDNS-HQ,"2655 Seely Avenue Bldg 5, San Jose, CA 95134",37.397156,-121.919627,us-census
CDP-HQ,"6711 Columbia Gateway Drive Suite 300, Columbia, MD 21046",39.184461,-76.806917,us-census
CDR-PB-HQ,"2529 Virginia Beach Blvd., Virginia Beach, VA 23452",36.840855,-76.058344,us-census
CDRE-HQ,"13386 International Pkwy, Jacksonville, FL 32218",30.477425,-81.661840,us-census
CDW-HQ,"200 N Milwaukee Avenue, Vernon Hills, IL 60061",42.226596,-87.941118,us-census
CDXS-HQ,"200 Penobscot Drive, Redwood City, CA 94063",37.499065,-122.217408,us-census
CDZI-HQ,"550 South Hope Street Suite 2850, Los Angeles, CA 90071",34.049753,-118.255963,us-census
CE-HQ,"222 W. Las Colinas Blvd., Suite 900N, Irving, TX 75039",32.871122,-96.942498,us-census
CE.MI-HQ,"VIA EMILIA S.PIETRO, 4, Reggio Emilia, IT 42121",44.698204,10.632550,openstreetmap
CECO-HQ,"5080 Spectrum Drive Suite 800E, Addison, TX 75001",32.955543,-96.823029,us-census
CED.MI-HQ,"VIA BARBERINI, 28, Roma, IT 00187",41.904196,12.490784,openstreetmap
CEIN-HQ,"15915 Katy Freeway Suite 450, Houston, TX 77094",29.784429,-95.661329,us-census
CELH-HQ,"2424 N. Federal Hwy Suite 208, Boca Raton, FL 33431",26.371206,-80.076699,us-census
CELL.MI-HQ,"VIA GRIGORIS LAMBRAKIS, 1/A, Reggio Emilia, IT 42122",44.678240,10.653402,openstreetmap
CELU-HQ,"170 Park Ave, Florham Park, NJ 07932",40.780968,-74.429264,us-census
CELZ-HQ,"211 E. Osborn Rd., Phoenix, AZ 85012",33.487467,-112.070930,us-census
CEN.PA-HQ,"6 RUE TOULOUSE LAUTREC, Paris, FR 75017",48.900961,2.328870,openstreetmap
CENN-HQ,"33 Wood Avenue South Suite 600, Pmb #3572, Iselin, NJ",40.566069,-74.331418,us-census
CENT-HQ,"1340 Treat Boulevard Suite 600, Walnut Creek, CA 94597",37.926433,-122.057648,us-census
CENX-HQ,"1 South Wacker Drive Suite 1000, Chicago, IL 60606",41.881733,-87.636683,us-census
CEPL-HQ,"16640 Stagg Street, Van Nuys, CA 91406",34.213105,-118.496584,us-census
CERS-HQ,"1220 Concord Avenue Suite 600, Concord, CA 94520",37.980629,-122.053559,us-census
CERT-HQ,"4 Radnor Corporate Center, Suite 350, Radnor, PA 19087",40.049629,-75.362396,us-census
CETX-HQ,"276 Greenpoint Ave. Bld 8 Suite 208, Brooklyn, NY 11222",40.730616,-73.949284,us-census
CETY-HQ,"1340 Reynolds Ave #120, Irvine, Irvine, CA 92614",33.696422,-117.855249,us-census
CEV.MC-HQ,"AVDA, MERIDIANA 350 6, Barcelona, ES 08027",41.425216,2.186217,openstreetmap
CEVA-HQ,"15245 Shady Grove Road Suite 400, Rockville, MD 20850",39.107606,-77.189269,us-census
CFBK-HQ,"C/O Cfbank 4960 East Dublin Granville Rd, Suite 400, Columbus, OH 43081",40.078720,-82.856658,us-census
CFFI-HQ,"3600 Lagrange Pkwy, Toano, VA 23168",37.410345,-76.806117,us-census
CFFN-HQ,"700 S Kansas Avenue, Topeka, KS 66603",39.050192,-95.673852,us-census
CFR-HQ,"111 W Houston St, San Antonio, TX 78205",29.426491,-98.493903,us-census
CFTR-PA-HQ,"110 East 59Th Street, New York, NY 10022",40.762775,-73.969622,us-census
CFYN.L-HQ,"Meads Road, Eastbourne, UK BN20 7DR",50.764510,0.274491,openstreetmap
CG-HQ,"1001 Pennsylvania Avenue, N.W., Washington, DC 20004",38.894519,-77.026048,us-census
CGC-HQ,"1 Hershey Drive, Smiths Falls, ON K7A 0A8",44.896880,-76.001928,openstreetmap
CGON-HQ,"3000 Pegasus Park Drive Suite 1640, Dallas, TX 75247",32.811422,-96.860962,us-census
CGS.L-HQ,"Lichfield Rd., Brownhills, UK WS8 6JZ",52.651532,-1.920190,openstreetmap
CHBL.KA-HQ,"Nishatabad, Faisalabad, PK 38000",31.454492,73.122454,openstreetmap
CHCI-HQ,"1900 Reston Metro Plaza, 10Th Floor, Reston, VA 20190",38.949070,-77.337943,us-census
CHCO-HQ,"25 Gatewater Road P O Box 7520, Charleston, WV 25313",38.414077,-81.793863,us-census
CHCT-HQ,"3326 Aspen Grove Drive Suite 150, Franklin, TN 37067",35.944121,-86.827042,us-census
CHD-HQ,"500 Charles Ewing Boulevard, Ewing, NJ 08628",40.287961,-74.792681,us-census
CHDN-HQ,"600 N Hurstbourne Pkwy Ste 400, Louisville, KY 40222",38.254281,-85.580330,us-census
CHE-HQ,"Suite 2600 255 E Fifth St, Cincinnati, OH 45202",39.101714,-84.508867,us-census
CHEF-HQ,"100 East Ridge Road, Ridgefield, CT 06877",41.282061,-73.494060,us-census
CHGG-HQ,"2261 Market Street Ste 46218, San Francisco, CA 94114",37.764732,-122.432212,us-census
CHH-HQ,"915 Meeting Street Suite 600, North Bethesda, MD 20852",39.050461,-77.115294,us-census
CHMI-HQ,"4000 Route 66 Suite 310, Tinton Falls, NJ 07753",40.220401,-74.093088,us-census
CHPT-HQ,"254 East Hacienda Avenue, Campbell, CA 95008",37.268435,-121.954672,us-census
CHRD-HQ,"1001 Fannin Street Suite 1500, Houston, TX 77002",29.756354,-95.364034,us-census
CHRN-HQ,"3811 Turtle Creek Blvd. Suite 2100, Dallas, TX 75219",32.813488,-96.800504,us-census
CHRS-HQ,"C/O Dennis M. Lanfear 333 Twin Dolphin Dr, Suite 600, Redwood City, CA 94065",37.522397,-122.260059,us-census
CHRW-HQ,"14701 Charlson Road, Eden Prairie, MN 55347",44.820037,-93.461959,us-census
CHSCP-HQ,"5500 Cenex Drive, Inver Grove Heights, MN 55077",44.868769,-93.063931,us-census
CHSS.L-HQ,"Eastcastle House, 27/28 Eastcastle Street, London, UK W1W 8DH",51.516717,-0.138486,openstreetmap
CHTR-HQ,"400 Washington Blvd., Stamford, CT 06902",41.044938,-73.543069,us-census
CHUC-HQ,"1007 Brioso Dr., Costa Mesa, CA 92627",33.638203,-117.940824,us-census
CHWY-HQ,"7700 West Sunrise Boulevard, Plantation, FL 33322",26.148457,-80.251126,us-census
CHYM-HQ,"101 California Street, Suite 500, San Francisco, CA 94111",37.793441,-122.397667,us-census
CI-HQ,"900 Cottage Grove Road, Bloomfield, CT 06002",41.816856,-72.741519,us-census
CIA-HQ,"11815 Alterra Pkwy Suite 1500, Austin, TX 78758",30.404955,-97.718937,us-census
CIEN-HQ,"7035 Ridge Road, Hanover, MD 21076",39.192621,-76.702168,us-census
CINF-HQ,"6200 S Gilmore Rd, Fairfield, OH 45014",39.309466,-84.523127,us-census
CIR.MI-HQ,"VIA CIOVASSINO, 1, Milano, IT 20121",45.469374,9.187300,openstreetmap
CIRC-HQ,"270 Sylvan Avenue Suite 2230, Englewood Cliffs, NJ 07632",40.872226,-73.954181,us-census
CISO-HQ,"6900 E. Camelback Road Suite 240, Scottsdale, AZ 85251",33.502255,-111.930598,us-census
CITR-HQ,"6400 S. Fiddlers Green Cir Suite 300, Greenwood Village, CO 80111",39.600055,-104.890183,us-census
CIVB-HQ,"100 East Water St P O Box 5016, Sandusky, OH 44870",41.457194,-82.712222,us-census
CIX-HQ,"5430 Lbj Freeway Suite 1700, Dallas, TX 75240",32.925410,-96.816937,us-census
CJMB-HQ,"244 Flightline Drive, Spring Branch, TX 78070",29.809405,-98.420745,us-census
CKX-HQ,"2417 Shell Beach Drive, Lake Charles, LA 70601",30.217366,-93.244907,us-census
CL-HQ,"300 Park Ave, New York, NY 10022",40.756806,-73.974342,us-census
CLAR-HQ,"2084 East 3900 South, Salt Lake City, UT 84124",40.687020,-111.831270,us-census
CLB-HQ,"6316 Windfern Road, Houston, TX 77040",29.860943,-95.537252,us-census
CLBK-HQ,"19-01 Route 208 North, Fair Lawn, NJ 07410",40.940431,-74.127490,us-census
CLDT-HQ,"222 Lakeview Avenue Suite 200, West Palm Beach, FL 33401",26.706135,-80.050936,us-census
CLDX-HQ,"53 Frontage Road Suite 220, Hampton, NJ 08827",40.635583,-74.976451,us-census
CLE.MI-HQ,"VIA MARCO BURIGOZZO, 5, Milano, IT 20122",45.453354,9.185494,openstreetmap
CLEO.MC-HQ,"SANTA CRUZ DE LA ZARZA 3, Valencia, ES 46021",39.479367,-0.353173,openstreetmap
CLFD-HQ,"7050 Winnetka Ave. N. Suite 100, Brooklyn Park, MN 55428",45.082343,-93.381413,us-census
CLH-HQ,"42 Longwater Drive P.O. Box 9149, Norwell, MA 02061",42.162715,-70.886190,us-census
CLI.L-HQ,"16 Tinworth Street, London, UK SE11 5AL",51.489394,-0.120634,openstreetmap
CLIR-HQ,"8023 E. 63Rd Place, Suite 101, Tulsa, OK 74133",36.071668,-95.887829,us-census
CLMB-HQ,"4 Industrial Way West Suite 300, Eatontown, NJ 07724",40.276316,-74.046066,us-census
CLMT-HQ,"1060 N Capitol Ave Suite 6-401, Indianapolis, IN 46204",39.781950,-86.161275,us-census
CLNE-HQ,"4675 Macarthur Court, Suite 800, Newport Beach, CA 92660",33.670886,-117.862703,us-census
CLNN-HQ,"6550 South Millrock Drive, Suite G50, Salt Lake City, UT 84121",40.632837,-111.801865,us-census
CLNX.MC-HQ,"CALLE JUAN ESPLANDIU 11-13, Madrid, ES 28007",40.416046,-3.665680,openstreetmap
CLOV-HQ,"30 Montgomery Street, Jersey City, NJ 07302",40.716637,-74.034797,us-census
CLPR-HQ,"4611 12Th Avenue, Suite 1L, Brooklyn, NY 11219",40.637906,-73.992609,us-census
CLPT-HQ,"120 S. Sierra Avenue Suite 100, Solana Beach, CA 92075",32.991040,-117.272840,us-census
CLRO-HQ,"7533 S Center View Ct #5311, West Jordan, UT 84084",40.615031,-111.984290,us-census
CLSK-HQ,"10624 S. Eastern Ave. Suite A - 638, Henderson, NV 89052",35.998757,-115.104116,us-census
CLST-HQ,"235 N. Court Street, Opelousas, LA 70570",30.535583,-92.082620,us-census
CLW-HQ,"601 West Riverside Avenue Suite 1100, Spokane, WA 99201",47.657880,-117.421163,us-census
CLX-HQ,"The Clorox Company 1221 Broadway, Oakland, CA 94612",37.803166,-122.272071,us-census
CMB.MI-HQ,"VIA SERENISSIMA, 9, Brescia, IT 25135",45.519532,10.284961,openstreetmap
CMC-HQ,"6565 N. Macarthur Blvd., Suite 800 P O Box 1046, Irving, TX 75039",32.898651,-96.958988,us-census
CMCO-HQ,"13320 Ballantyne Corporate Place Suite D, Charlotte, NC 28277",35.059534,-80.844891,us-census
CMCOM.AS-HQ,"Konijnenberg 24, Breda, NL 4825BD",51.602945,4.770662,openstreetmap
CMCT-HQ,"17950 Preston Rd Suite 600, Dallas, TX 75252",32.996501,-96.798397,us-census
CMCX.L-HQ,"133 Houndsditch, London, UK EC3A 7BX",51.514929,-0.077875,openstreetmap
CME-HQ,"20 S. Wacker Dr., Chicago, IL 60606",41.881635,-87.637089,us-census
CMG-HQ,"610 Newport Center Dr Suite 1100, Newport Beach, CA 92660",33.617525,-117.872511,us-census
CMI-HQ,"500 Jackson St Box 3005 Mail Code 93050, Columbus, IN 47202",39.203489,-85.922602,us-census
CMLS-HQ,"780 Johnson Ferry Road Suite 500, Atlanta, GA 30342",33.907170,-84.361984,us-census
CMP-HQ,"9900 W. 109Th Street Suite 100, Overland Park, KS 66210",38.930797,-94.699751,us-census
CMPX-HQ,"80 Guest Street, Boston, MA 02135",42.357095,-71.145546,us-census
CMRC-HQ,"11920 Alterra Parkway, Dl 11, Suite 100, 8Th Floor, Austin, TX 78758",30.404991,-97.719091,us-census
CMRF-HQ,"2398 East Camelback Road 4Th Floor, Phoenix, AZ 85016",33.509382,-112.030277,us-census
CMRS.L-HQ,"25 Eccleston Place, London, UK SW1W 9NF",51.493831,-0.148260,openstreetmap
CMT-HQ,"800 Manor Park Drive P O Box 28183, Columbus, OH 43228",39.968892,-83.138329,us-census
CMTG-HQ,"C/O Mack Real Estate Group 60 Columbus Circle, 20Th Floor, New York, NY 10023",40.768141,-73.982482,us-census
CMTL-HQ,"305 N 54Th Street, Chandler, AZ 85226",33.307172,-111.967314,us-census
CNA-HQ,"Cna 151 N. Franklin, Chicago, IL 60606",41.885415,-87.635302,us-census
CNC-HQ,"7700 Forsyth Blvd., St Louis, MO 63105",38.649854,-90.334174,us-census
CNDT-HQ,"100 Campus Drive, Florham Park, NJ 07932",40.783300,-74.430251,us-census
CNE.L-HQ,"50 Lothian Road, Edinburgh, UK EH3 9BY",55.947600,-3.206858,openstreetmap
CNK-HQ,"3900 Dallas Parkway, Plano, TX 75093",33.050173,-96.829345,us-census
CNM-HQ,"1830 Craig Park Court, St. Louis, MO 63146",38.693268,-90.442196,us-census
CNMD-HQ,"11311 Concept Boulevard, Largo, FL 33773",27.874973,-82.759192,us-census
CNNE-HQ,"C/O Cannae Holdings, Inc. 1701 Village Center Circle, Las Vegas, NV 89134",36.189805,-115.299860,us-census
CNO-HQ,"11299 Illinois Street, Suite 200, Carmel, IN 46032",39.956083,-86.162325,us-census
CNOB-HQ,"301 Sylvan Avenue, Englewood Cliffs, NJ 07632",40.872445,-73.953799,us-census
CNP-HQ,"1111 Louisiana St., Houston, TX 77002",29.757629,-95.368150,us-census
CNQ-HQ,"400 4 Avenue Sw, Calgary, AB T2P 0J4",51.049491,-114.086366,openstreetmap
CNR-HQ,"275 Technology Drive Suite #101, Canonsburg, PA 15317",40.280721,-80.174316,us-census
CNS-HQ,"1166 Avenue Of The Americas 30Th Floor, New York, NY 10036",40.757305,-73.982229,us-census
CNTB-HQ,"3580 Carmel Mountain Road, Suite 200, San Diego, CA 92130",32.919812,-117.231836,us-census
CNTM-HQ,"2 Mount Royal Avenue, Suite 550, Marlborough, MA 01752",42.339495,-71.579189,us-census
CNTN-HQ,"1460 Broadway, New York, NY 10036",40.755191,-73.986513,us-census
CNTY-HQ,"455 E. Pikes Peak Ave Suite 210, Colorado Springs, CO 80903",38.833649,-104.816761,us-census
CNVS-HQ,"224 W. 35Th St. Suite 500, #947, New York, NY 10001",40.751916,-73.990901,us-census
CNXC-HQ,"39899 Balentine Drive, Newark, CA 94560",37.521826,-121.992434,us-census
CNXN-HQ,"Route 101A 730 Milford Rd, Merrimack, NH 03054",42.804469,-71.548803,us-census
CO.PA-HQ,"1 COURS ANTOINE GUICHARD, Saint-Etienne, FR 42000",45.442250,4.402340,openstreetmap
COCH-HQ,"4875 White Bear Parkway, White Bear Lake, MN 55110",45.089783,-93.040607,us-census
COCO-HQ,"111 5Th Avenue 2Nd Floor, New York, NY 10003",40.738645,-73.991607,us-census
COCP-HQ,"19805 N. Creek Parkway, Bothell, WA 98011",47.771139,-122.186703,us-census
CODA-HQ,"3300 S Hiawassee Rd., Suite 104-105, Orlando, FL 32835",28.507567,-81.485669,us-census
CODI-HQ,"301 Riverside Avenue, Westport, CT 06880",41.129862,-73.369468,us-census
CODX-HQ,"2401 S Foothill Drive Suite D, Salt Lake City, UT 84109",40.719895,-111.810558,us-census
COF-HQ,"1680 Capital One Drive, Mclean, VA 22102",38.924445,-77.211815,us-census
COFA.PA-HQ,"1 PLACE COSTES ET BELLONTE, Bois-Colombes, FR 92270",48.906070,2.265244,openstreetmap
COFS-HQ,"109 E Division P O Box 186, Sparta, MI 49345",43.160810,-85.707202,us-census
COHN-HQ,"Cira Centre, 2929 Arch Street 17Th Floor, Philadelphia, PA 19104",39.956956,-75.181262,us-census
COHR-HQ,"375 Saxonburg Blvd, Saxonburg, PA 16056",40.733906,-79.819936,us-census
COHU-HQ,"12367 Crosthwaite Circle, Poway, CA 92064",32.943212,-117.037850,us-census
COIN-HQ,"One Madison Avenue Suite 2400, New York, NY 10010",40.740901,-73.987879,us-census
COKE-HQ,"4100 Coca Cola Plz, Charlotte, NC 28211",35.158332,-80.833940,us-census
COLB-HQ,"1301 A Street, Tacoma, WA 98402",47.251431,-122.436591,us-census
COLD-HQ,"10 Glenlake Pkwy., Suite 800 S. Tower, Atlanta, GA 30328",33.941025,-84.360813,us-census
COLM-HQ,"14375 Nw Science Park Drive, Portland, OR 97229",45.529114,-122.825891,us-census
COMP-HQ,"110 Fifth Avenue 4Th Floor, New York, NY 10011",40.737409,-73.992682,us-census
CON-HQ,"5080 Spectrum Drive Suite 1200W, Addison, TX 75001",32.955543,-96.823029,us-census
COO-HQ,"6101 Bollinger Canyon Road Suite 500, San Ramon, CA 94583",37.762513,-121.957160,us-census
COOK-HQ,"533 South 400 West, Salt Lake City, UT 84101",40.757737,-111.902452,us-census
COP-HQ,"925 N. Eldridge Parkway, Houston, TX 77079",29.783294,-95.617754,us-census
COR-HQ,"1 West First Avenue, Conshohocken, PA 19428",40.069374,-75.312638,us-census
CORZ-HQ,"838 Walker Road Suite 21-2105, Dover, DE 19904",39.169921,-75.543860,us-census
COSO-HQ,"400 Galleria Pkwy Suite 1900, Atlanta, GA 30339",33.883763,-84.463975,us-census
COST-HQ,"999 Lake Drive, Issaquah, WA 98027",47.549658,-122.050335,us-census
COTY-HQ,"350 Fifth Avenue, New York, NY 10118",40.747849,-73.985077,us-census
COUR-HQ,"2440 West El Camino Real, Mountain View, CA 94040",37.398495,-122.107787,us-census
COYA-HQ,"12645 Memorial Dr., Suite F1 #305, Houston, TX 77024",29.766847,-95.557455,us-census
CPBI-HQ,"221 South Locust Street, Grand Island, NE 68801",40.922217,-98.339736,us-census
CPF-HQ,"220 S King St, Honolulu, HI 96813",21.307605,-157.860744,us-census
CPHC-HQ,"1100 Canterbury Road S., Shakopee, MN 55379",44.786683,-93.469822,us-census
CPIX-HQ,"1600 West End Avenue Suite 1300, Nashville,, TN 37203",36.154300,-86.792988,us-census
CPNG-HQ,"720 Olive Way Suite 600, Seattle, WA 98101",47.613755,-122.334950,us-census
CPRT-HQ,"14185 Dallas Parkway Suite 300, Dallas, TX 75254",32.939254,-96.822316,us-census
CPS-HQ,"40300 Traditions Drive, Northville, MI 48168",42.422075,-83.434521,us-census
CPSH-HQ,"111 South Worcester Street, Norton, MA 02766",41.948100,-71.215037,us-census
CPSS-HQ,"3800 Howard Hughes Pkwy Suite 1400, Las Vegas, NV 89169",36.119305,-115.157222,us-census
CPT-HQ,"2800 Post Oak Boulevard Suite 2700, Houston, TX 77056",29.737872,-95.460731,us-census
CQP-HQ,"845 Texas Avenue Suite 1250, Houston, TX 77002",29.760824,-95.363843,us-census
CR-HQ,"100 First Stamford Place, Stamford, CT 06902",41.029719,-73.526749,us-census
CRAI-HQ,"200 Clarendon Street T-9, Boston, MA 02116",42.349893,-71.074891,us-census
CRBG-HQ,"2919 Allen Parkway Woodson Tower, Houston, TX 77019",29.761592,-95.396947,us-census
CRBN.AS-HQ,"Piet Heinkade 127, Amsterdam, NL 1019GM",52.377312,4.918419,openstreetmap
CRBU-HQ,"2929 7Th Street, Suite 105, Berkeley, CA 94710",37.852028,-122.291355,us-census
CRC-HQ,"1 World Trade Center Suite 1500, Long Beach, CA 90831",33.767378,-118.199441,us-census
CRCT-HQ,"10855 South River Front Parkway, South Jordan, UT 84095",40.553953,-111.915562,us-census
CRD-A-HQ,"5335 Triangle Parkway, Peachtree Corners, GA 30092",33.977029,-84.225797,us-census
CRDF-HQ,"11055 Flintkote Avenue, San Diego, CA 92121",32.902869,-117.230711,us-census
CREI.L-HQ,"1 New Walk Place, Leicester, UK LE1 6RU",52.631493,-1.133106,openstreetmap
CREX-HQ,"13100 Magisterial Drive Suite 201, Louisville, KY",38.267975,-85.509544,us-census
CRGY-HQ,"600 Travis Street Suite 7200, Houston, TX 77002",29.760486,-95.363509,us-census
CRI.PA-HQ,"7 RUE KEPLER, Paris, FR 75016",48.869816,2.297104,openstreetmap
CRIS-HQ,"128 Spring Street Building C, Suite 500, Lexington, MA 02421",42.426174,-71.249190,us-census
CRK-HQ,"5300 Town And Country Blvd Ste 500, Frisco, TX 75034",33.089707,-96.842337,us-census
CRL-HQ,"251 Ballardvale St, Wilmington, MA 01887",42.594236,-71.161454,us-census
CRL.MI-HQ,"VIA DELL'INDUSTRIA, 11, Brugine, IT 35020",45.308575,11.993992,openstreetmap
CRM-HQ,"Salesforce Tower 415 Mission Street 3Rd Fl, San Francisco, CA 94105",37.790294,-122.396800,us-census
CRMD-HQ,"389 Interpace Pkwy, Suite 450, Parsippany, NJ 07054",40.870084,-74.450625,us-census
CRMT-HQ,"1805 North 2Nd Street Suite 401, Rogers, AR 72756",36.349335,-94.116307,us-census
CROS.PA-HQ,"8 RUE DE SEZE, Paris, FR 75009",48.870269,2.327182,openstreetmap
CRS-HQ,"Bny Mellon Building 1735 Market Street, 15Th Fl, Philadelphia, PA 19103",39.953100,-75.168996,us-census
CRSR-HQ,"115 N. Mccarthy Boulevard, Milpitas, CA 95035",37.426737,-121.924243,us-census
CRUS-HQ,"800 West 6Th Street, Austin, TX 78701",30.270373,-97.750621,us-census
CRVL-HQ,"1800 Sw First Avenue Suite 600, Portland, OR 97201",45.510235,-122.677676,us-census
CRVO-HQ,"20 Park Plaza Suite 424, Boston, MA 02116",42.351556,-71.068841,us-census
CRWD-HQ,"206 E. 9Th Street Suite 1400, Austin, TX 78701",30.270490,-97.740282,us-census
CRWS-HQ,"8184 Highway 44 Suite 111, Gonzales, LA 70737",30.185076,-90.920181,us-census
CRWV-HQ,"290 W. Mt. Pleasant Avenue, Suite 4100, Livingston, NJ 07039",40.796010,-74.336913,us-census
CSAI-HQ,"3000 El Camino Real Bldg 4, Ste 200, Palo Alto, CA 94306",37.422878,-122.141967,us-census
CSBB-HQ,"91 North Clay St, Millersburg, OH 44654",40.555374,-81.917217,us-census
CSBR-HQ,"855 N. Wolfe Street Suite 619, Baltimore, MD 21205",39.300193,-76.590918,us-census
CSCO-HQ,"170 West Tasman Dr, San Jose, CA 95134",37.410126,-121.953969,us-census
CSGP-HQ,"1201 Wilson Blvd., Arlington, VA 22209",38.895152,-77.070874,us-census
CSPI-HQ,"175 Cabot Street Suite 210, Lowell, MA 01854",42.649838,-71.317484,us-census
CSR-HQ,"1324 20Th Ave Sw Po Box 1988, Minot, ND 58701",48.210827,-101.312524,us-census
CSV-HQ,"3040 Post Oak Boulevard Suite 300, Houston, TX 77056",29.734304,-95.460641,us-census
CSW-HQ,"5420 Lyndon B. Johnson Freeway Suite 500, Dallas, TX 75240",32.925404,-96.817047,us-census
CSX-HQ,"500 Water Street 15Th Floor, Jacksonville, FL 32202",30.326077,-81.664631,us-census
CTAC.AS-HQ,"Meerendonkweg 11, 's-Hertogenbosch, NL 5216TZ",51.677467,5.336510,openstreetmap
CTBI-HQ,"346 North Mayo Trail P.O. Box 2947, Pikeville, KY 41502",37.485999,-82.543251,us-census
CTEV-HQ,"7900 Tysons One Place Suite 400, Mclean, VA 22102",38.919384,-77.220859,us-census
CTGG-HQ,"P O Box 4065 100 Centurylink Drive, Monroe, LA 71203",32.589897,-92.069173,us-census
CTKB-HQ,"47215 Lakeview Boulevard, Fremont, CA 94538",37.476433,-121.934463,us-census
CTM-HQ,"1934 Old Gallows Road Suite 350, Vienna, VA 22182",38.911402,-77.222277,us-census
CTMX-HQ,"151 Oyster Point Blvd. Suite 400, South San Francisco, CA 94080",37.662366,-122.395615,us-census
CTNM-HQ,"3565 General Atomics Court, Suite 200, San Diego, CA 92121",32.894062,-117.237658,us-census
CTNT-HQ,"8707 Research Drive, Irvine, CA 92618",33.644430,-117.740612,us-census
CTO-HQ,"369 N. New York Ave. Suite 201, Winter Park, FL 32789",28.600161,-81.352870,us-census
CTOR-HQ,"11 Commerce Drive 1St Floor, Cranford, NJ 07016",40.647530,-74.284768,us-census
CTOS-HQ,"7701 Independence Avenue, Kansas City, MO 64125",39.104134,-94.489127,us-census
CTRE-HQ,"24901 Dana Point Harbor Dr, Suite A200, Dana Point, CA 92629",33.462565,-117.695491,us-census
CTRI-HQ,"19820 North 7Th Avenue Suite 120, Phoenix, AZ 85027",33.665737,-112.082890,us-census
CTRN-HQ,"17 Park Of Commerce Blvd Suite 200, Savannah, GA 31405",32.065979,-81.161676,us-census
CTS-HQ,"4925 Indiana Avenue, Lisle, IL 60532",41.795556,-88.096482,us-census
CTSH-HQ,"300 Frank W. Burr Blvd., Ste. 36, 6 Fl., Teaneck, NJ 07666",40.873513,-74.006785,us-census
CTSO-HQ,"305 College Road East, Princeton, NJ 08540",40.355947,-74.597098,us-census
CTVA-HQ,"9330 Zionsville Road, Indianapolis, IN 46268",39.921869,-86.259940,us-census
CTXR-HQ,"11 Commerce Drive 1St Floor, Cranford, NJ 07016",40.647530,-74.284768,us-census
CUBE-HQ,"5 Old Lancaster Road, Malvern, PA 19355",40.042368,-75.522157,us-census
CUBI-HQ,"701 Reading Avenue, West Reading, PA 19611",40.337028,-75.951634,us-census
CUE-HQ,"40 Guest Street, Boston, MA 02135",42.357267,-71.146738,us-census
CULP-HQ,"410 W. English Road 5Th Floor, High Point, NC 27262",35.957579,-80.009985,us-census
CURB-HQ,"320 Park Avenue, New York, NY 10022",40.757457,-73.973863,us-census
CURI-HQ,"8484 Georgia Ave. Suite 700, Silver Spring, MD 20910",38.994363,-77.026983,us-census
CURLF-HQ,"250 Harbor Drive, Third Floor, Stamford, CT 06902",41.034958,-73.532945,us-census
CURV-HQ,"18501 E. San Jose Avenue, City Of Industry, CA 91748",33.999871,-117.900514,us-census
CUZ-HQ,"3344 Peachtree Road, Ne Suite 1800, Atlanta, GA 30326",33.849020,-84.365718,us-census
CV-HQ,"18805 Cox Avenue Suite 250, Saratoga, CA 95070",37.280644,-121.998453,us-census
CVBF-HQ,"701 N Haven Ave Ste 300, Ontario, CA 91764",34.069897,-117.575882,us-census
CVCO-HQ,"3636 N Central Ave Ste 1200, Phoenix, AZ 85012",33.490061,-112.073854,us-census
CVEO-HQ,"Three Allen Center 333 Clay Street, Suite 4400, Houston, TX 77002",29.757586,-95.372617,us-census
CVGI-HQ,"7800 Walton Parkway, New Albany, OH 43054",40.093705,-82.816342,us-census
CVI-HQ,"2277 Plaza Drive Suite 500, Sugar Land, TX 77479",29.595334,-95.621090,us-census
CVLG-HQ,"400 Birmingham Highway, Chattanooga, TN 37419",35.011119,-85.388830,us-census
CVNA-HQ,"300 E. Rio Salado Parkway, Tempe, AZ 85281",33.430098,-111.934755,us-census
CVR-HQ,"27755 Diehl Road Suite 200, Warrenville, IL",41.804576,-88.176162,us-census
CVRX-HQ,"9201 West Broadway Avenue Suite 650, Minneapolis, MN 55445",45.121945,-93.376731,us-census
CVS-HQ,"One Cvs Dr., Woonsocket, RI 02895",41.990827,-71.478194,us-census
CVSA-HQ,"233 S. Wacker Drive Suite 800, Chicago, IL 60606",41.878916,-87.636603,us-census
CVSI-HQ,"9530 Padgett Street Suite 107, San Diego, CA 92126",32.894904,-117.127039,us-census
CVU-HQ,"200A Executive Dr, Edgewood, NY 11717",40.774867,-73.292158,us-census
CVV-HQ,"355 S. Technology Drive, Central Islip, NY 11722",40.766736,-73.202253,us-census
CVX-HQ,"1400 Smith Street, Houston, TX 77002",29.756016,-95.370835,us-census
CW-HQ,"130 Harbour Place Drive Suite 300, Davidson, NC 28036",35.503423,-80.863330,us-census
CWBC-HQ,"7100 N. Financial Drive, #101, Fresno, CA 93720",36.838440,-119.770307,us-census
CWD-HQ,"8901 E. Mountain View Rd. Suite 150, Scottsdale, AZ 85258",33.575275,-111.888811,us-census
CWEN-HQ,"902 Carnegie Center, Suite 520, Princeton, NJ",40.318356,-74.655330,us-census
CWGL-HQ,"5901 Silverado Trail, Napa, CA 94558",38.407651,-122.331254,us-census
CWST-HQ,"25 Greens Hill Road, Rutland, VT 05701",43.603903,-72.993450,us-census
CWT-HQ,"1720 N First St C/O California Water Service Co, San Jose, CA 95112",37.365304,-121.912202,us-census
CXAI-HQ,"Four Palo Alto Square, Suite 200 3000 El Camino Real, Palo Alto, CA 94306",37.422878,-122.141967,us-census
CXDO-HQ,"1225 W. Washington St. Suite 213, Tempe, AZ 85288",33.443204,-111.957177,us-census
CXM-HQ,"441 9Th Ave 12Th Floor, New York, NY 10001",40.753465,-73.996332,us-census
CXW-HQ,"5501 Virginia Way, Brentwood, TN 37027",36.034009,-86.813551,us-census
CY4.MI-HQ,"VIA COPONIA, 8, Roma, IT 00131",41.936400,12.617345,openstreetmap
CYAN-HQ,"73-4460 Queen Kaahumanu Hwy Suite 102, Kailua Kona, HI 96740",19.725563,-156.031676,us-census
CYCN-HQ,"203 Crescent Street Bldgs. #3/3A/4, Suite 503, Waltham, MA 02453",42.367367,-71.243032,us-census
CYH-HQ,"4000 Meridian Boulevard, Franklin, TN 37067",35.951603,-86.809975,us-census
CYN-HQ,"1344 Terra Bella Avenue, Mountain View, CA 94043",37.410199,-122.081752,us-census
CYRX-HQ,"112 Westwood Place, Suite 350, Brentwood, TN 37027",36.036818,-86.805457,us-census
CYTK-HQ,"350 Oyster Point Boulevard ., South San Francisco, CA 94080",37.662997,-122.385368,us-census
CZFS-HQ,"15 S Main St, Mansfield, PA 16933",41.805730,-77.077462,us-census
CZNC-HQ,"90-92 Main St, Wellsboro, PA 16901",41.748261,-77.301020,us-census
CZR-HQ,"100 West Liberty Street, 12Th Floor, Reno, NV 89501",39.521534,-119.812524,us-census
D-HQ,"600 East Canal Street, Richmond, VA 23219",37.538119,-77.440536,us-census
DAIC-HQ,"7500 Old Georgetown Road, Suite 901, Bethesda, MD 20814",38.984806,-77.094484,us-census
DAIO-HQ,"6645 185Th Ave Ne, Suite 100, Redmond, WA 98052",47.665420,-122.093768,us-census
DAKT-HQ,"Po Box 5128 201 Daktronics Drive, Brookings, SD 57006",44.305654,-96.751805,us-census
DAL-HQ,"Hartsfield-Jackson Atlanta Intl Airport 1030 Delta Boulevard, Atlanta, GA 30354",33.658052,-84.423025,us-census
DAR-HQ,"5601 N Macarthur Blvd, Irving, TX 75038",32.887451,-96.964273,us-census
DARE-HQ,"3655 Nobel Drive Suite 260, San Diego, CA 92122",32.868278,-117.227946,us-census
DASH-HQ,"303 2Nd Street South Tower, 8Th Floor, San Francisco, CA 94107",37.784882,-122.395781,us-census
DAVE-HQ,"1265 South Cochran Avenue, Los Angeles, CA 90019",34.051504,-118.351455,us-census
DBD-HQ,"350 Orchard Ave Ne, North Canton, OH 44720",40.878590,-81.401063,us-census
DBG.PA-HQ,"119 AVENUE DU GENERAL MICHEL BIZOT, Paris, FR 75012",48.840245,2.404375,openstreetmap
DBGI-HQ,"350 Texas Ave Suite 250, Round Rock, TX 78664",30.530315,-97.683756,us-census
DBHL-HQ,"2001 Addison Street Suite 300, Berkeley, CA 94704",37.870945,-122.270615,us-census
DBI-HQ,"810 Dsw Drive, Columbus, OH 43219",39.989424,-82.900061,us-census
DBRG-HQ,"750 Park Of Commerce Drive Suite 210, Boca Raton, FL 33487",26.400538,-80.101468,us-census
DBX-HQ,"50 Hawthorne St., San Francisco, CA 94105",37.785242,-122.398645,us-census
DCGO-HQ,"685 Third Avenue 9Th Floor, New York, NY 10017",40.751725,-73.973666,us-census
DCH-HQ,"One Dauch Drive, Detroit, MI 48211",42.388030,-83.065853,us-census
DCI-HQ,"1400 W. 94Th St., Bloomington, MN 55431",44.833586,-93.297267,us-census
DCO-HQ,"600 Anton Boulevard Suite 1100, Costa Mesa, CA 92626",33.690274,-117.881049,us-census
DCOM-HQ,"898 Veterans Memorial Highway Suite 560, Hauppauge, NY 11788",40.818929,-73.200063,us-census
DCOY-HQ,"2450 Holcombe Blvd Suite J-608, Houston, TX 77021",29.703814,-95.381678,us-census
DCTH-HQ,"566 Queensbury Avenue, Queensbury, NY 12804",43.350166,-73.603260,us-census
DD-HQ,"974 Centre Road Building 730, Wilmington, DE 19805",39.759959,-75.602986,us-census
DDC-HQ,"301 S Mcdowell Street Suite 125, Charlotte, NC 28204",35.218703,-80.837352,us-census
DDD-HQ,"333 Three D Systems Circle, Rock Hill, SC 29730",34.949620,-80.949473,us-census
DDOG-HQ,"620 Eighth Avenue, 45Th Floor, New York, NY 10018",40.755974,-73.990624,us-census
DDS-HQ,"1600 Cantrell Rd, Little Rock, AR 72201",34.752921,-92.284227,us-census
DE-HQ,"One John Deere Place, Moline, IL 61265",41.477403,-90.423866,us-census
DEA-HQ,"2001 K Street Nw Suite 775 North, Washington, DC 20006",38.902586,-77.044972,us-census
DEC-HQ,"1600 Corporate Drive, Birmingham, AL 35242",33.416175,-86.679200,us-census
DEEZR.PA-HQ,"24 RUE DE CALAIS, Paris, FR 75009",48.882888,2.330076,openstreetmap
DEFT-HQ,"198 Davenport Road, Toronto, ON M5R 1J2",43.675080,-79.395842,openstreetmap
DEI-HQ,"1299 Ocean Avenue, Suite 1000, Santa Monica, CA 90401",34.015495,-118.499597,us-census
DERM-HQ,"9237 E Via De Ventura Blvd., Suite 105, Scottsdale, AZ 85258",33.553459,-111.882186,us-census
DEX.MI-HQ,"CORSO VENEZIA, 29, Milano, IT 20121",45.469554,9.199786,openstreetmap
DFDV-HQ,"6401 Congress Ave Ste 250, Boca Raton, FL 33487",26.402209,-80.102474,us-census
DFH-HQ,"14701 Philips Highway Suite 300, Jacksonville, FL 32256",30.114114,-81.488342,us-census
DFIN-HQ,"391 Steel Way, Lancaster, PA 17601",40.066679,-76.323708,us-census
DFLI-HQ,"12915 Old Virginia Road, Reno,, NV 89521",39.419550,-119.752859,us-census
DFNS-HQ,"575 Fifth Avenue, 14Th Floor, New York, NY 10017",40.756576,-73.978534,us-census
DG-HQ,"100 Mission Ridge, Goodlettsville, TN 37072",36.310916,-86.696679,us-census
DG.PA-HQ,"1973 BOULEVARD DE LA DÉFENSE, Nanterre, FR 92000",48.897104,2.226632,openstreetmap
DGE.L-HQ,"16 Great Marlborough Street, London, UK W1F 7HS",51.514725,-0.139181,openstreetmap
DGICA-HQ,"1195 River Rd Po Box 302, Marietta, PA 17547",40.062633,-76.548843,us-census
DGII-HQ,"9350 Excelsior Blvd. Suite 700, Hopkins, MN 55343",44.924701,-93.397287,us-census
DGX-HQ,"500 Plaza Drive, Secaucus, NJ 07094",40.787522,-74.043105,us-census
DH-HQ,"492 Old Connecticut Path, Suite 401, Framingham, MA 01701",42.312699,-71.391853,us-census
DHC-HQ,"C/O The Rmr Group Two Newton Pl., 255 Wash. St., Ste. 300, Newton, MA 02458",42.357214,-71.185744,us-census
DHR-HQ,"2200 Pennsylvania Ave. N.W. Suite 800W, Washington, DC 20037",38.902026,-77.048899,us-census
DHTI-HQ,"600 La Terraza Boulevard, Escondido, CA 92025",33.111258,-117.095686,us-census
DHX-HQ,"6465 South Greenwood Plaza Suite 400, Centennial, CO 80111",39.599397,-104.895070,us-census
DIA.L-HQ,"60 Petty France, London, UK SW1H 9EU",51.499251,-0.137039,openstreetmap
DIA.MC-HQ,"JACINTO BENAVENTE 2A, Rozas de Madrid, Las, ES 28232",40.521617,-3.892888,openstreetmap
DIB.MI-HQ,"VIA TORTONA, 37, Milano, IT 20144",45.450656,9.157971,openstreetmap
DIBS-HQ,"300 Park Avenue South 10Th Floor, New York, NY 10010",40.739596,-73.986878,us-census
DIN-HQ,"10 West Walnut Street, 5Th Floor, Pasadena, CA 91103",34.149570,-118.150701,us-census
DINO-HQ,"2323 Victory Avenue Suite 1400, Dallas, TX 75219",32.785734,-96.810110,us-census
DIOD-HQ,"4949 Hedgcoxe Road Suite 200, Plano, TX 75024",33.082883,-96.799937,us-census
DIS-HQ,"500 South Buena Vista Street, Burbank, CA 91521",34.155128,-118.326536,us-census
DIT-HQ,"7405 Irvington Road Post Office Box 641940 (68164-7940), Omaha, NE 68122",41.325592,-96.060085,us-census
DJCO-HQ,"915 East First Street, Los Angeles, CA 90012",34.048605,-118.233627,us-census
DK-HQ,"310 Seven Springs Way Suite 500, Brentwood, TN 37027",36.041652,-86.768079,us-census
DKL-HQ,"310 Seven Springs Way Suite 500, Brentwood, TN 37027",36.041652,-86.768079,us-census
DKNG-HQ,"222 Berkeley Street, Boston, MA 02116",42.351024,-71.073040,us-census
DKS-HQ,"345 Court Street, Coraopolis, PA 15108",40.507955,-80.264865,us-census
DLB-HQ,"1275 Market Street, San Francisco, CA 94103",37.777689,-122.415728,us-census
DLHC-HQ,"3565 Piedmont Road, Ne Building 3, Suite 700, Atlanta, GA 30305",33.851108,-84.379153,us-census
DLPN-HQ,"150 Alhambra Circle Suite 1200, Coral Gables, FL 33134",25.752647,-80.257759,us-census
DLR-HQ,"601 W. 2Nd Street, Floor 32, Austin, TX 78701",30.265835,-97.749891,us-census
DLTH-HQ,"201 East Front Street, Mount Horeb, WI 53572",43.007943,-89.737700,us-census
DLTR-HQ,"500 Volvo Parkway N/A, Chesapeake, VA 23320",36.766956,-76.243198,us-census
DLX-HQ,"801 S. Marquette Ave., Minneapolis, MN 55402",44.975226,-93.271676,us-census
DMC-HQ,"241 Sevilla Avenue, 12Th Floor C/O Del Monte Fresh Produce Co, Coral Gables, FL 33134",25.746347,-80.259528,us-census
DMLP-HQ,"3838 Oak Lawn Avenue Suite 300, Dallas, TX 75219",32.815277,-96.802238,us-census
DMRC-HQ,"8500 Sw Creekside Place, Beaverton, OR 97008",45.458680,-122.792686,us-census
DNA-HQ,"27 Drydock Avenue 8Th Floor, Boston, MA 02210",42.344655,-71.031373,us-census
DNLI-HQ,"161 Oyster Point Blvd., South San Francisco, CA 94080",37.662375,-122.395436,us-census
DNOW-HQ,"7402 North Eldridge Parkway, Houston, TX 77041",29.703295,-95.624028,us-census
DNR.MI-HQ,"VIA BISTOLFI LEONARDO, 35, Milano, IT 20134",45.476011,9.243843,openstreetmap
DNUT-HQ,"2116 Hawkins Street, Charlotte, NC 28203",35.209610,-80.862291,us-census
DOC-HQ,"4600 South Syracuse Street Suite 500, Denver, CO 80237",39.629367,-104.899792,us-census
DOCN-HQ,"105 Edgeview Drive Suite 425, Broomfield, CO 80021",39.917902,-105.104568,us-census
DOCS-HQ,"500 Third Street, Suite 510, San Francisco, CA 94107",37.781239,-122.395843,us-census
DOCU-HQ,"221 Main St., Suite 800, San Francisco, CA",37.790378,-122.393010,us-census
DOL.KA-HQ,"18 Km Ferozepur Road, Lahore, PK 53100",31.497299,74.333119,openstreetmap
DOMH-HQ,"725 Fifth Avenue 22Nd Floor, New York, NY 10022",40.762473,-73.974242,us-census
DORM-HQ,"3400 E Walnut St, Colmar, PA 18915",40.274194,-75.246700,us-census
DOUG-HQ,"4400 Biscayne Blvd Floor 10, Miami, FL 33137",25.816365,-80.188517,us-census
DOV-HQ,"3005 Highland Parkway Suite 200, Downers Grove, IL 60515",41.833346,-88.010816,us-census
DPLM.L-HQ,"10-11 Charterhouse Square, London, UK EC1M 6EE",51.521120,-0.098648,openstreetmap
DPRO-HQ,"2108 St. George Avenue, Saskatoon, SK S7M 0K7",52.101212,-106.672982,openstreetmap
DPT.PA-HQ,"92 BOULEVARD DU MONTPARNASSE, Paris, FR 75014",48.842691,2.326921,openstreetmap
DRCT-HQ,"1177 West Loop South Suite 1310, Houston, TX 77027",29.757141,-95.455050,us-census
DREM-HQ,"314 S. Main Street, Forked River, NJ 08731",39.835501,-74.194597,us-census
DRH-HQ,"7373 Wisconsin Avenue Suite 1900, Bethesda, MD",38.983382,-77.093653,us-census
DRIO-HQ,"322 W 57Th St. #33B, New York, NY 10019",40.767040,-73.983795,us-census
DRS-HQ,"2345 Crystal Drive Suite 1000, Arlington, VA 22202",38.852935,-77.049554,us-census
DRVN-HQ,"440 S. Church Street Suite 700, Charlotte, NC 28202",35.225487,-80.848077,us-census
DSC2S.AS-HQ,"John M. Keynesplein 10, Amsterdam, NL 1066EP",52.341568,4.823825,openstreetmap
DSGN-HQ,"6005 Hidden Valley Road Suite 110, Carlsbad, CA 92011",33.123335,-117.306098,us-census
DSGR-HQ,"301 Commerce Street Suite 1700, Fort Worth, TX 76102",32.756131,-97.331097,us-census
DSP-HQ,"2722 Michelson Drive Suite 100, Irvine, CA 92612",33.673024,-117.848363,us-census
DSY.PA-HQ,"10 RUE MARCEL DASSAULT, Velizy-Villacoublay, FR 78140",48.784256,2.215070,openstreetmap
DT-HQ,"280 Congress Street 11Th Floor, Boston, MA 02210",42.352877,-71.052677,us-census
DTCX-HQ,"470 W 200 N, Ste 18,, Salt Lake City, UT 84103",40.773748,-111.903207,us-census
DTI-HQ,"10370 Richmond Avenue Suite 1000, Houston, TX 77042",29.727686,-95.556387,us-census
DTIL-HQ,"302 East Pettigrew Street Suite A-100, Durham, NC 27701",35.992854,-78.899019,us-census
DTM-HQ,"500 Woodward Avenue Suite 2900, Detroit, MI 48226",42.329590,-83.045015,us-census
DTST-HQ,"244 5Th Avenue 2Nd Fl., Suite 2821, New York, NY 10001",40.744587,-73.987454,us-census
DUK-HQ,"525 South Tryon Street, Charlotte, NC 28202",35.223924,-80.847736,us-census
DUOL-HQ,"5900 Penn Ave, Second Floor, Pittsburgh, PA 15206",40.462053,-79.926796,us-census
DUOT-HQ,"6651 Gate Parkway 4Th Floor, Jacksonville, FL 32256",30.248404,-81.535892,us-census
DV-HQ,"462 Broadway, New York, NY 10013",40.720860,-74.000558,us-census
DVA-HQ,"2000 16Th Street, Denver, CO 80202",39.753506,-105.003074,us-census
DVLT-HQ,"15268 Nw Greenbrier Pkwy, Beaverton, OR 97006",45.526608,-122.832506,us-census
DWSN-HQ,"508 West Wall Suite 800, Midland, TX 79701",31.997460,-102.079441,us-census
DXC-HQ,"20408 Bashan Drive Suite 231, Ashburn, VA 20147",39.052074,-77.452996,us-census
DXCM-HQ,"6340 Sequence Drive, San Diego, CA 92121",32.907290,-117.185336,us-census
DXLG-HQ,"555 Turnpike Street, Canton, MA 02021",42.164041,-71.109928,us-census
DXPE-HQ,"5301 Hollister Street, Houston, TX 77040",29.844555,-95.506381,us-census
DY-HQ,"300 Banyan Blvd Suite 1101, West Palm Beach, FL 33401",26.714288,-80.051922,us-census
DYNR-HQ,"222 W. Las Colinas Blvd Suite 1910 North Tower, Irving, TX 75039",32.871122,-96.942498,us-census
EACO-HQ,"5065 E Hunter Ave, Anaheim, CA 92807",33.863725,-117.808859,us-census
EAF-HQ,"982 Keynote Circle, Brooklyn Heights, OH 44131",41.412038,-81.664393,us-census
EAI-HQ,"425 West Capitol Ave, Little Rock, AR 72201",34.744631,-92.275014,us-census
EAPI.PA-HQ,"32 RUE ALEXANDRE DUMAS, Paris, FR 75011",48.853291,2.391976,openstreetmap
EARTH.AS-HQ,"Runderweg 6, Lelystad, NL 8219PK",52.524363,5.556771,openstreetmap
EAS2P.AS-HQ,"Coolsingel 139, Rotterdam, NL 3012AG",51.918296,4.479717,openstreetmap
EBAY-84020,"583 W eBay Way, Draper, UT 84020",40.515396,-111.906297,us-census
EBAY-HQ,"2025 Hamilton Avenue, San Jose, CA 95125",37.294450,-121.926654,us-census
EBC-HQ,"125 High Street, Ste 901 Oliver Street Tower, Boston, MA 02110",42.355260,-71.053875,us-census
EBF-HQ,"2441 Presidential Parkway, Midlothian, TX 76065",32.456004,-96.935473,us-census
EBMT-HQ,"1400 Prospect Ave. P.O. Box 4999, Helena, MT 59604",46.591152,-112.016551,us-census
EBON-HQ,"2525 Blacksburg Road, Grover, NC 28073",35.204372,-81.531309,us-census
EBS-HQ,"300 Professional Dr, Gaithersburg, MD 20879",39.162576,-77.228176,us-census
EBUS.AS-HQ,"Vuurijzer 23, Deurne, NL 5753SV",51.455042,5.765811,openstreetmap
ECBK-HQ,"419 Broadway, Everett, MA 02149",42.405484,-71.056876,us-census
ECG-HQ,"1730 Burnt Boat Drive, Bismarck, ND 58503",46.829878,-100.821672,us-census
ECIA-HQ,"6797 Winchester Circle, Boulder, CO 80301",40.077446,-105.194353,us-census
ECMPA.AS-HQ,"De Boelelaan 7, Amsterdam, NL 1083HJ",52.334377,4.886403,openstreetmap
ECNL.MI-HQ,"VIA LINFANO, 9, Arco, IT 38062",45.905503,10.879071,openstreetmap
ECPG-HQ,"350 Camino De La Reina Suite 100, San Diego, CA 92108",32.765357,-117.164756,us-census
ECVT-HQ,"600 Lee Road, Suite 200, Wayne, PA 19087",40.069134,-75.456785,us-census
ED-HQ,"4 Irving Place, New York, NY 10003",40.734136,-73.988571,us-census
EDBL-HQ,"283 County Road 519, Belvidere, NJ 07823",40.812071,-75.063269,us-census
EDIT-HQ,"11 Hurley St., Cambridge, MA 02141",42.368024,-71.078023,us-census
EDNR.MI-HQ,"Foro Buonaparte 31, Milano, IT 20121",45.467530,9.178764,openstreetmap
EDUC-HQ,"5402 South 122Nd East Ave, Tulsa, OK 74146",36.088710,-95.840658,us-census
EDV.L-HQ,"5 Young Street, London, UK W8 5EH",51.501786,-0.189787,openstreetmap
EDVA-HQ,"1112 N Flagler Drive, Fort Lauderdale, FL 33304",26.139078,-80.136171,us-census
EE-HQ,"2445 Technology Forest Blvd. Level 6, The Woodlands, TX 77381",30.174788,-95.473902,us-census
EEFT-HQ,"11400 Tomahawk Creek Parkway Suite 300, Leawood, KS 66211",38.923390,-94.627460,us-census
EEIQ-HQ,"1209 N. University Blvd., Middletown, OH 45042",39.525691,-84.365633,us-census
EFG.PA-HQ,"10 AVENUE SIMONE VEIL, Decines-Charpieu, FR 69150",45.766873,4.981952,openstreetmap
EFOI-HQ,"32000 Aurora Road Suite B, Solon, OH 44139",41.391212,-81.450955,us-census
EFOR-HQ,"4400 Cox Road, Suite 110, Glen Allen, VA 23060",37.656132,-77.577339,us-census
EFSI-HQ,"2 E Main St, Berryville, VA 22611",39.151753,-77.982501,us-census
EFX-HQ,"1550 Peachtree St Nw, Atlanta, GA 30302",33.796261,-84.387863,us-census
EGAN-HQ,"1252 Borregas Avenue, Sunnyvale, CA 94089",37.410904,-122.018149,us-census
EGBN-HQ,"7830 Old Georgetown Road 3Rd Floor, Bethesda, MD 20814",38.987910,-77.099614,us-census
EGHT-HQ,"675 Creekside Way, Campbell, CA 95008",37.293066,-121.935583,us-census
EGLA.MI-HQ,"VIA STELLA ROSA, 48, Baranzate, IT 20021",45.531758,9.102300,openstreetmap
EGP-HQ,"400 W. Parkway Place Suite 100, Ridgeland, MS 39157",32.438994,-90.148993,us-census
EGY-HQ,"2500 Citywest Blvd. Suite 400, Houston, TX 77042",29.740775,-95.562237,us-census
EHTH-HQ,"9190 Priority Way West Dr., Suite 110, Indianapolis, IN 46240",39.922192,-86.106822,us-census
EIG-HQ,"5340 Kietzke Lane Suite 202, Reno, NV 89511",39.470737,-119.791988,us-census
EIX-HQ,"2244 Walnut Grove Ave, P O Box 800, Rosemead, CA 91770",34.053953,-118.081897,us-census
EKI.PA-HQ,"10 RUE EDOUARD BRANLY, Lannion, FR 22300",48.807450,-3.460993,openstreetmap
EL-HQ,"767 Fifth Ave, New York, NY 10153",40.764199,-73.972985,us-census
ELA-HQ,"1901 Gateway Drive Suite 100, Irving, TX 75038",32.884077,-96.974317,us-census
ELC.MI-HQ,"VIA ERMANNO CASOLI, 2, Fabriano, IT 60044",43.344385,12.948410,openstreetmap
ELE-HQ,"10001 W. Titan Road, Littleton, CO 80125",39.507343,-105.070149,us-census
ELF-HQ,"601 12Th Street Suite 1400, Oakland, CA",37.804793,-122.276959,us-census
ELIX.L-HQ,"100 Cheapside, London, UK EC2V 6DT",51.514024,-0.092552,openstreetmap
ELMD-HQ,"500 Sixth Avenue Nw, New Prague, MN 56071",44.547918,-93.587605,us-census
ELME-HQ,"7550 Wisconsin Avenue Suite 900, Bethesda, MD 20814",38.985366,-77.094614,us-census
ELN.MI-HQ,"VIA BALDANZESE, 17, Calenzano, IT 50041",43.844779,11.169913,openstreetmap
ELNV.PA-HQ,"147 RUE DE PARIS, Charenton-Le-Pont, FR 94220",48.826791,2.405224,openstreetmap
ELTP-HQ,"165 Ludlow Avenue, Northvale, NJ 07647",41.001432,-73.944103,us-census
ELUT-HQ,"12510 Prosperity Drive Suite 370, Silver Spring, MD 20904",39.060690,-76.963072,us-census
ELV-HQ,"220 Virginia Avenue, Indianapolis, IN 46204",39.763734,-86.152178,us-census
ELVA-HQ,"6688 Kitimat Road, Mississauga, ON L5N 1P8",43.603634,-79.736720,openstreetmap
ELWT-HQ,"1021 Second Ave Suite A, Columbia, SC 29209",33.948562,-80.979202,us-census
EM.MI-HQ,"VIA FERMI, 4, Bagnolo In Piano, IT 42011",44.754892,10.670846,openstreetmap
EMAT-HQ,"516 S Dixie Hwy Unit 209, West Palm Beach, FL 33401",26.709220,-80.053575,us-census
EMBC-HQ,"300 Kimball Drive Suite 300, Parsippany, NJ 07054",40.859860,-74.407481,us-census
EMEIS.PA-HQ,"12 RUE JEAN JAURES, Puteaux, FR 92800",48.885320,2.249568,openstreetmap
EML-HQ,"3 Enterprise Drive Suite 408, Shelton, CT 06484",41.278732,-73.123434,us-census
EMMA-HQ,"21250 Hawthorne Boulevard, Suite 800, Torrance, CA 90503",33.836389,-118.353220,us-census
EMN-HQ,"Po Box 511 200 South Wilcox Drive, Kingsport, TN 37660",36.535841,-82.549422,us-census
EMPD-HQ,"2512 W. Pecan St. Suite 230, Pflugerville, TX 78660",30.446490,-97.645365,us-census
EMR-HQ,"8027 Forsyth Blvd, St Louis, MO 63105",38.650464,-90.340135,us-census
EMYB-HQ,"100 Gateway Drive Suite 100, Bethlehem, PA 18017",40.665253,-75.384526,us-census
EN.PA-HQ,"32 AVENUE HOCHE, Paris, FR 75008",48.875926,2.299731,openstreetmap
ENAV.MI-HQ,"VIA SALARIA, 716, Roma, IT 00138",41.944761,12.507582,openstreetmap
ENBP-HQ,"31 E Main Street Po Box 457, Ephrata, PA 17522",40.178395,-76.177029,us-census
ENC.MC-HQ,"ESTEBANEZ CALDERON 3 2, Madrid, ES 28020",40.463503,-3.690787,openstreetmap
ENEL.MI-HQ,"VIALE REGINA MARGHERITA 137, Roma, IT 00198",41.916624,12.502880,openstreetmap
ENG.MC-HQ,"Paseo de los Olmos 19, Madrid, ES 28005",40.403486,-3.710199,openstreetmap
ENGI.PA-HQ,"1 PLACE SAMUEL DE CHAMPLAIN, Courbevoie, FR 92400",48.895811,2.239465,openstreetmap
ENHA-HQ,"169 Madison Avenue Suite 15101, New York, NY 10016",40.747118,-73.983338,us-census
ENI.MI-HQ,"PIAZZALE ENRICO MATTEI, 1, Roma, IT 00144",41.827196,12.471667,openstreetmap
ENO.MC-HQ,"MARQUÉS DE MONDÉJAR 33, Madrid, ES 28028",40.428386,-3.664435,openstreetmap
ENOG.L-HQ,"One Great Cumberland Place, London, UK W1H 7AL",51.514027,-0.159251,openstreetmap
ENPH-HQ,"47281 Bayside Parkway, Fremont, CA 94538",37.475229,-121.936774,us-census
ENR-HQ,"8235 Forsyth Boulevard Suite 100, Saint Louis, MO 63105",38.651850,-90.343391,us-census
ENS-HQ,"2366 Bernville Road, Reading, PA 19605",40.371403,-75.964151,us-census
ENSC-HQ,"7946 Ivanhoe Avenue Suite 201, La Jolla, CA 92037",32.847911,-117.272365,us-census
ENSG-HQ,"29222 Rancho Viejo Rd. Suite 127, San Juan Capistrano, CA 92675",33.539709,-117.673465,us-census
ENTA-HQ,"4 Kingsbury Avenue, Watertown, MA 02472",42.362084,-71.164391,us-census
ENV.MI-HQ,"VIALE PAPA ACHILLE, 30, Milano, IT 20149",45.489562,9.141219,openstreetmap
ENVA-HQ,"175 West Jackson Blvd. Suite 600, Chicago, IL 60604",41.878063,-87.633289,us-census
ENVI.AS-HQ,"Stationsstraat 77, Amersfoort, NL 3811MH",52.154573,5.379421,openstreetmap
ENVX-HQ,"3501 W. Warren Avenue, Fremont, CA 94538",37.481454,-121.944001,us-census
ENX.AS-HQ,"Beursplein 5, Amsterdam, NL 1012 JW",52.374389,4.895967,openstreetmap
EOG-HQ,"1111 Bagby, Sky Lobby 2, Houston, TX 77002",29.759168,-95.370720,us-census
EOLS-HQ,"520 Newport Center Drive Suite 1200, Newport Beach, CA 92660",33.615798,-117.872254,us-census
EONR-HQ,"3730 Kirby Drive, Suite 1200, Houston, TX 77098",29.733062,-95.418736,us-census
EOSE-HQ,"Two Allegheny Center Nova Tower 2, Pittsburgh, PA 15212",40.452767,-80.007756,us-census
EP-HQ,"2200 S. Utica Place Suite 150, Tulsa, OK 74114",36.132424,-95.967156,us-census
EPAM-HQ,"41 University Drive Suite 202, Newtown, PA 18940",40.223580,-74.904664,us-census
EPC-HQ,"6 Research Drive, Shelton, CT 06484",41.272470,-73.134111,us-census
EPD-HQ,"1100 Louisiana 10Th Floor, Houston, TX 77002",29.757760,-95.368207,us-census
EPM-HQ,"1155 Dairy Ashford Road Suite 425, Houston, TX 77079",29.759593,-95.606142,us-census
EPR-HQ,"909 Walnut Street Suite 200, Kansas City, MO 64106",39.103374,-94.581827,us-census
EPRT-HQ,"5 Vaughn Drive Suite 202, Princeton, NJ",40.315894,-74.632301,us-census
EPRX-HQ,"2198 Yukon Street, Vancouver, BC V5Y 3P1",49.265904,-123.112580,openstreetmap
EPSN-HQ,"500 Dallas Street Suite 1250, Houston, TX 77002",29.757948,-95.370395,us-census
EQ-HQ,"2223 Avenida De La Playa Suite 105, La Jolla, CA 92037",32.853766,-117.255184,us-census
EQBK-HQ,"7701 E. Kellogg Drive, Suite 300, Wichita, KS 67207",37.679003,-97.247350,us-census
EQH-HQ,"1345 Avenue Of The Americas, New York, NY 10105",40.762666,-73.978488,us-census
EQIX-HQ,"One Lagoon Drive, Redwood City, CA 94065",37.528600,-122.261882,us-census
ERA.PA-HQ,"10 BOULEVARD DE GRENELLE, Paris, FR 75015",48.853147,2.288597,openstreetmap
ERC.AS-HQ,"Westplein 9A, Rotterdam, NL 3016BM",51.908901,4.477995,openstreetmap
ERG.MI-HQ,"VIA DE MARINI, 1, Genova, IT 16149",44.408271,8.901483,openstreetmap
ERII-HQ,"1717 Doolittle Drive, San Leandro, CA 94577",37.709338,-122.183287,us-census
ERNA-HQ,"1035 Cambridge Street Suite 18A, Cambridge, MA 02141",42.372901,-71.093936,us-census
EROC-HQ,"1113 Vine St. Suite 101, Houston, TX 77002",29.768216,-95.356958,us-census
EROK-HQ,"600 N Marienfeld St., Suite 800, Midland, TX 79701",32.002685,-102.079365,us-census
ES-HQ,"300 Cadwell Drive, Springfield, MA 01104",42.153280,-72.546348,us-census
ESAB-HQ,"909 Rose Avenue 8Th Floor, North Bethesda, MD 20852",39.051217,-77.115890,us-census
ESBA-HQ,"111 West 33Rd Street, 12Th Fl, New York, NY 10120",40.749339,-73.988576,us-census
ESCA-HQ,"817 Maxwell Ave., Evansville, IN 47711",37.993814,-87.551756,us-census
ESE-HQ,"645 Maryville Centre Dr., Suite 300, St. Louis, MO 63141",38.641223,-90.503116,us-census
ESGH-HQ,"433 East Hillendale Rd., Chadds Ford, PA 19317",39.847283,-75.664870,us-census
ESI-HQ,"500 S Pointe Drive Suite 200, Miami Beach, FL 33139",25.768238,-80.134245,us-census
ESMC-HQ,"435 Devon Park Road Suite 824, Wayne, PA 19087",40.071906,-75.419431,us-census
ESOA-HQ,"75 West 3Rd Ave., Huntington, WV 25701",38.419161,-82.459421,us-census
ESP-HQ,"233 Ballston Ave Cor. Congress & Ballston Aves., Saratoga Springs, NY 12866",43.067686,-73.795778,us-census
ESQ-HQ,"100 Jericho Quadrangle Suite 100, Jericho, NY 11753",40.784334,-73.554089,us-census
ESRT-HQ,"111 West 33Rd Street, 12Th Fl, New York, NY 10120",40.749339,-73.988576,us-census
ESTC-HQ,"33 New Montgomery St. 9Th Floor, San Francisco, CA 94105",37.788386,-122.401551,us-census
ET-HQ,"8111 Westchester Drive Suite 600, Dallas, TX 75225",32.861465,-96.806566,us-census
ETD-HQ,"25 Lake Avenue Ext., Danbury, CT 06811",41.384741,-73.481355,us-census
ETH.MI-HQ,"VIA FRATELLI SOLARI, 3/A, Amaro, IT 33020",46.368738,13.078096,openstreetmap
ETL.PA-HQ,"32 BOULEVARD GALLIENI, Issy-Les-Moulineaux, FR 92130",48.831743,2.267113,openstreetmap
ETON-HQ,"21925 W. Field Parkway Suite 235, Deer Park, IL 60010",42.157777,-88.060807,us-census
ETR-HQ,"639 Loyola Ave, New Orleans, LA 70113",29.949135,-90.076412,us-census
ETS-HQ,"23046 Avenida De La Carlota Suite 600, Laguna Hills, CA 92653",33.627325,-117.721938,us-census
ETST-HQ,"8950 Sw 74Th Ct Suite 101, Miami, FL 33156",25.687200,-80.315532,us-census
ETSY-HQ,"117 Adams Street, Brooklyn, NY 11201",40.700415,-73.988628,us-census
EU-HQ,"One Galleria Tower 13355 Noel Rd, Suite 1700, Dallas, TX 75240",32.929004,-96.818124,us-census
EUK.MI-HQ,"VIA BENEDETTO DA FOIANO, 14, Firenze, IT 50122",43.755831,11.244701,openstreetmap
EVCM-HQ,"3601 Walnut Street Suite 400, Denver, CO 80205",39.768645,-104.974164,us-census
EVER-HQ,"141 Portland Street, Cambridge, MA 02139",42.365215,-71.092510,us-census
EVFM-HQ,"12400 High Bluff Drive Suite 600, San Diego, CA 92130",32.943885,-117.239502,us-census
EVGO-HQ,"1661 East Franklin Avenue, El Segundo, CA 90245",33.917965,-118.398767,us-census
EVH-HQ,"1812 North Moore St, Suite 1705, Arlington, VA 22209",38.896224,-77.071631,us-census
EVI-HQ,"4500 Biscayne Boulevard Suite 340, Miami, FL 33137",25.816954,-80.188373,us-census
EVLV-HQ,"500 Totten Pond Road, 4Th Floor, Waltham, MA 02451",42.396872,-71.257800,us-census
EVMN-HQ,"1891 Page Mill Rd, Palo Alto, CA",37.406581,-122.155690,us-census
EVR-HQ,"55 East 52Nd Street 38Th Floor, New York, NY 10055",40.759059,-73.974399,us-census
EVRG-HQ,"1200 Main Street, Kansas City, MO 64105",39.099862,-94.583274,us-census
EW-HQ,"One Edwards Way, Irvine, CA 92614",33.698133,-117.852699,us-census
EWBC-HQ,"135 N. Los Robles Ave. 7Th Floor, Pasadena, CA 91101",34.148538,-118.141535,us-census
EXA.PA-HQ,"30 RUE DE GRAMONT, Paris, FR 75002",48.871188,2.337095,openstreetmap
EXC-HQ,"10 S. Dearborn Street Po Box 805379, Chicago, IL 60680",41.881893,-87.629477,us-census
EXE-HQ,"10000 Energy Drive, Spring, TX 77389",30.097390,-95.438178,us-census
EXE.PA-HQ,"54 RUE MARCEL PAUL, Epernay, FR 51200",49.050555,3.958616,openstreetmap
EXEL-HQ,"1851 Harbor Bay Parkway, Alameda, CA 94502",37.725546,-122.243934,us-census
EXFY-HQ,"88 Kearny St Ste 1600, San Francisco, CA 94108",37.788812,-122.403571,us-census
EXLS-HQ,"320 Park Avenue 29Th Floor, New York, NY 10022",40.757457,-73.973863,us-census
EXO.AS-HQ,"Hildegard von Bingenstraat 38, Amsterdam, NL 1081 LH",52.337548,4.866547,openstreetmap
EXOD-HQ,"15418 Weir St., #333, Omaha, NE 68137",41.206344,-96.155074,us-census
EXP-HQ,"5960 Berkshire Lane Suite 900, Dallas, TX 75225",32.864751,-96.809680,us-census
EXPD-HQ,"3545 Factoria Blvd. Se Sterling Plaza 2, 3Rd Floor, Bellevue, WA 98006",47.578263,-122.169502,us-census
EXPO-HQ,"Exponent Inc 149 Commonwealth Drive, Menlo Park, CA 94025",37.480491,-122.174097,us-census
EXR-HQ,"2795 Cottonwood Parkway, Suite 400, Salt Lake City, UT 84121",40.632656,-111.811966,us-census
EXTR-HQ,"2121 Rdu Center Drive Suite 300, Morrisville, NC 27560",35.851620,-78.795094,us-census
EXYN-HQ,"2118 Washington Avenue Suite 1000, Philadelphia, PA 19146",39.939255,-75.178601,us-census
EYPT-HQ,"480 Pleasant Street Suite C400, Watertown, MA 02472",42.366301,-71.206367,us-census
EZE.MC-HQ,"AUTOMOCIÓN 26-28, Sevilla, ES 41007",37.409889,-5.953313,openstreetmap
EZPW-HQ,"2500 Bee Cave Road Building 1, Suite 200, Rollingwood, TX 78746",30.267390,-97.785575,us-census
F-HQ,"One American Road, Dearborn, MI 48126",42.313472,-83.211385,us-census
FA-HQ,"1 Concourse Parkway Ne, Suite 200 Attn: Bret T. Jardine, Esq., Atlanta, GA 30328",33.916519,-84.351118,us-census
FABC-HQ,"900 E. Old Settlers Boulevard, Suite 100, Round Rock, TX 78664",30.536937,-97.678329,us-census
FAE.MC-HQ,"AVENIDA AUTONOMIA, 10-, Leioa, ES 48940",43.318886,-3.005432,openstreetmap
FAF-HQ,"1 First American Way, Santa Ana, CA 92707",33.701217,-117.865479,us-census
FAN.L-HQ,"Fleming Way, Crawley, UK RH10 9YX",51.135216,-0.172869,openstreetmap
FANG-HQ,"500 West Texas Avenue Suite 100, Midland, TX 79701",31.998515,-102.079384,us-census
FAST-HQ,"2001 Theurer Blvd, Winona, MN 55987",44.061916,-91.682927,us-census
FAST.AS-HQ,"Amstelplein 44, Amsterdam, NL 1096BC",52.344139,4.917430,openstreetmap
FATE-HQ,"12278 Scripps Summit Drive, San Diego, CA 92131",32.940683,-117.102439,us-census
FATIMA.KA-HQ,"E-110, Khayaban-e-Jinnah, Lahore, PK 53100",31.485079,74.384495,openstreetmap
FATN-HQ,"392 E. Winchester Street, Fifth Floor, Salt Lake City, UT 84107",40.632437,-111.879232,us-census
FBDT-HQ,"8402 Topping Rd., Baltimore, MD 21208",39.403038,-76.711090,us-census
FBIZ-HQ,"401 Charmany Drive, Madison, WI 53719",43.059383,-89.477925,us-census
FBK-HQ,"1221 Broadway Suite 1300, Nashville, TN 37203",36.156417,-86.787738,us-census
FBLA-HQ,"353 Carondelet Street, New Orleans, LA 70130",29.951109,-90.071473,us-census
FBNC-HQ,"300 Sw Broad Street, Southern Pines, NC 28387",35.172427,-79.394801,us-census
FBRT-HQ,"One Madison Avenue, Suite 1600, New York, NY 10010",40.740901,-73.987879,us-census
FBYD-HQ,"1768 Park Center Drive, Orlando, FL 32835",28.521077,-81.470567,us-census
FC-HQ,"13907 S Minuteman Drive, Suite 500, Draper, UT 84020",40.498462,-111.890601,us-census
FCAP-HQ,"220 Federal Drive N W, Corydon, IN 47112",38.232822,-86.132097,us-census
FCBM-HQ,"2626 Glenwood Avenue Suite 200, Raleigh, NC 27608",35.816856,-78.660798,us-census
FCC.MC-HQ,"AVENIDA CAMINO DE SANTIAGO 40, Madrid, ES 28050",40.496591,-3.673560,openstreetmap
FCCN-HQ,"4500 9Th Avenue Ne, Seattle, WA 98105",47.661360,-122.318337,us-census
FCCO-HQ,"5455 Sunset Blvd, Lexington, SC 29072",33.999083,-81.215581,us-census
FCEL-HQ,"3 Great Pasture Road, Danbury, CT 06810",41.386226,-73.423789,us-census
FCF-HQ,"601 Philadelphia Street, Indiana, PA 15701",40.622981,-79.150851,us-census
FCFS-HQ,"1600 West 7Th Street, Fort Worth, TX 76102",32.751060,-97.342527,us-census
FCH.L-HQ,"71 Queen Victoria Street, London, UK EC4V 4AY",51.512018,-0.094530,openstreetmap
FCN-HQ,"555 12Th Street Nw, Washington, DC 20004",38.896793,-77.028014,us-census
FCNCA-HQ,"4300 Six Forks Road, Raleigh, NC 27609",35.838285,-78.641600,us-census
FCPT-HQ,"591 Redwood Highway Suite 3215, Mill Valley, CA 94941",37.890618,-122.517133,us-census
FCT.MI-HQ,"VIA GENOVA, 1, Trieste, IT 34121",45.652109,13.769781,openstreetmap
FCUV-HQ,"1515 West Cameron Avenue Suite 210, West Covina, CA 91790",34.068372,-117.941773,us-census
FCX-HQ,"4340 E. Cotton Center Blvd. Suite 110, Phoenix, AZ 85040",33.402974,-111.983311,us-census
FDBC-HQ,"Blakely & Drinker Streets, Dunmore, PA 18512",41.421844,-75.630440,us-census
FDMT-HQ,"5858 Horton Street #455, Emeryville, CA 94608",37.840209,-122.291167,us-census
FDR.MC-HQ,"Av. Alcalde Barnils 69, Sant Cugat del Vallès, ES 08174",41.491492,2.075830,openstreetmap
FDS-HQ,"45 Glover Avenue, Norwalk, CT 06850",41.145685,-73.428050,us-census
FDSB-HQ,"4000 General Degaulle Drive, New Orleans, LA 70114",29.923069,-90.017071,us-census
FDX-HQ,"942 South Shady Grove Road, Memphis, TN 38120",35.108246,-89.858403,us-census
FDXF-HQ,"8525 Tournament Drive, Memphis, TN 38125",35.059357,-89.778149,us-census
FE-HQ,"341 White Pond Drive, Akron, OH 44320",41.106796,-81.584737,us-census
FEED-HQ,"969 Pruitt Ave,, Tyler, TX 77569",32.301707,-95.312883,us-census
FELE-HQ,"9255 Coverdale Road, Fort Wayne, IN 46809",40.999658,-85.226185,us-census
FEMY-HQ,"3950 Johns Creek Court Suite 100, Suwanee, GA 30024",34.068639,-84.160500,us-census
FENC-HQ,"Po Box 13628 68 Tw Alexander Drive, Research Triangle Park, NC 27709",35.924629,-78.853309,us-census
FERG-HQ,"751 Lakefront Commons, Newport News, VA 23606",37.088540,-76.472830,us-census
FET-HQ,"10344 Sam Houston Park Drive Suite 300, Houston, TX 77064",29.915800,-95.554086,us-census
FF-HQ,"2800 Gap Road, Batesville, AR 72501",35.725904,-91.539126,us-census
FF.MI-HQ,"VIA BERLINO, 39 (ZINGONIA), Verdellino, IT 24040",45.593475,9.621307,openstreetmap
FFAI-HQ,"654 Madison Avenue, Suite 1009, New York, NY 10065",40.764292,-73.970987,us-census
FFARM.AS-HQ,"Kwinkweerd 12, Lochem, NL 7241CW",52.168457,6.404791,openstreetmap
FFBC-HQ,"255 East Fifth Street Suite 900, Cincinnati, OH 45202",39.101714,-84.508867,us-census
FFIN-HQ,"400 Pine Street, Abilene, TX 79601",32.452600,-99.732818,us-census
FFIV-HQ,"801 5Th Avenue, Seattle, WA 98104",47.605144,-122.330613,us-census
FG-HQ,"801 Grand Ave, Suite 2600, Des Moines, IA 50309",41.587268,-93.627843,us-census
FGBIP-HQ,"400 East Thomas Street, Hammond, LA 70401",30.504848,-90.457390,us-census
FGI-HQ,"906 Murray Road, East Hanover, NJ 07869",40.817152,-74.382196,us-census
FGNX-HQ,"6408 Bannington Road, Charlotte, NC 28226",35.088322,-80.837369,us-census
FGP.L-HQ,"395 King Street, Aberdeen, UK AB24 5RP",57.157602,-2.096993,openstreetmap
FGPR-HQ,"One Liberty Plaza, Liberty, MO 64068",39.234994,-94.461962,us-census
FHB-HQ,"999 Bishop Street, Honolulu, HI 96813",21.308406,-157.861557,us-census
FHI-HQ,"1001 Liberty Avenue, Pittsburgh, PA 15222",40.443902,-79.993796,us-census
FHN-HQ,"165 Madison Avenue, Memphis, TN 38103",35.144605,-90.050874,us-census
FHTX-HQ,"500 Technology Square Suite 700, Cambridge, MA 02139",42.363419,-71.091199,us-census
FIBK-HQ,"401 No 31St Street, Billings, MT 59101",45.782929,-108.511915,us-census
FIG-HQ,"760 Market St. Floor 5, San Francisco, CA 94102",37.786463,-122.405251,us-census
FIGS-HQ,"2834 Colorado Avenue Suite 100, Santa Monica, CA 90404",34.032736,-118.468378,us-census
FII.PA-HQ,"6 RUE JUVENAL VIELLARD, Grandvillars, FR 90600",47.535178,6.979725,openstreetmap
FIL.L-HQ,"Eastcastle House, 27-28 Eastcastle Street, London, UK W1W 8DH",51.516717,-0.138486,openstreetmap
FILA.MI-HQ,"VIA XXV APRILE, 5, Pero, IT 20016",45.509863,9.091338,openstreetmap
FINW-HQ,"756 East Winchester Street #100, Murray, UT 84107",40.631805,-111.870461,us-census
FIP-HQ,"1345 Avenue Of The Americas, New York, NY 10105",40.762666,-73.978488,us-census
FIRY-HQ,"6625 Badura Avenue, Las Vegas, NV 89118",36.061438,-115.236255,us-census
FIS-HQ,"347 Riverside Avenue, Jacksonville, FL 32202",30.321442,-81.673729,us-census
FISI-HQ,"220 Liberty Street, Warsaw, NY 14569",42.730988,-78.137336,us-census
FIVE-HQ,"701 Market Street Suite 300, Philadelphia, PA 19106",39.951003,-75.152063,us-census
FIX-HQ,"9753 Katy Freeway Suite 700, Houston, TX 77024",29.783769,-95.533990,us-census
FIZZ-HQ,"8050 Sw Tenth Street Suite 4000, Ft. Lauderdale, FL 33324",26.107081,-80.254304,us-census
FKWL-HQ,"3940 Ruffin Road Suite C, San Diego, CA 92123",32.813745,-117.121245,us-census
FKYS-HQ,"111 W Front St Po Box 289, Berwick, PA 18603",41.054688,-76.233869,us-census
FLD-HQ,"2942 North 24Th Street Suite 115, #42035, Phoenix, AZ 85016",33.481093,-112.030246,us-census
FLEX-HQ,"12515-8 Research Blvd Suite 300, Austin, TX 78759",30.430049,-97.760076,us-census
FLG-HQ,"102 Duffy Avenue, Hicksville, NY 11801",40.766256,-73.527603,us-census
FLGT-HQ,"4399 Santa Anita Ave, El Monte, CA 91731",34.086311,-118.029038,us-census
FLL-HQ,"One Summerlin 1980 Festival Plaza Dr, Ste 680, Las Vegas, NV 89135",36.149879,-115.333413,us-census
FLNC-HQ,"2107 Wilson Boulevard Suite 900, Arlington, VA 22201",38.891606,-77.084968,us-census
FLO-HQ,"1919 Flowers Circle, Thomasville, GA 31757",30.810972,-83.937623,us-census
FLOC-HQ,"10370 Richmond Ave. Suite 1325, Houston, TX 77042",29.727686,-95.556387,us-census
FLR-HQ,"6700 Las Colinas Blvd, Irving, TX 75039",32.896335,-96.951284,us-census
FLS-HQ,"5215 N. O'connor Blvd. Suite 700, Irving, TX 75039",32.870072,-96.939616,us-census
FLUT-HQ,"One Madison Avenue, New York, NY 10010",40.740901,-73.987879,us-census
FLUX-HQ,"2685 S. Melrose Drive, Vista, CA 92081",33.136831,-117.244697,us-census
FLWS-HQ,"Two Jericho Plaza Suite 200, Jericho, NY 11753",40.786805,-73.548361,us-census
FLXS-HQ,"385 Bell St., Dubuque, IA 52001",42.497606,-90.657881,us-census
FLYE-HQ,"136-40 39Th Ave. Ste202, Queens, NY 11354",40.760479,-73.829040,us-census
FLYX-HQ,"2860 Jetport Road, Kinston, NC 28504",35.324725,-77.611083,us-census
FLZH-HQ,"1140 Avenue Of The Americas Suite 920, New York, NY 10036",40.756444,-73.982862,us-census
FM.MI-HQ,"PIAZZALE CARLO MAGNO, 1, Milano, IT 20149",45.480479,9.155820,openstreetmap
FMAO-HQ,"307-11 N Defiance St, Archbold, OH 43502",41.522872,-84.306419,us-census
FMBH-HQ,"1515 Charleston Ave Po Box 499, Mattoon, IL 61938",39.481468,-88.372724,us-census
FMC-HQ,"2929 Walnut Street, Philadelphia, PA 19104",39.951710,-75.182822,us-census
FMCC-HQ,"8200 Jones Branch Dr, Mclean, VA 22102",38.932034,-77.227126,us-census
FMFG-HQ,"4510 Lower Beckleysville Road Suite H, Hampstead, MD 21074",39.604674,-76.836446,us-census
FMNB-HQ,"20 S Broad Street P O Box 555, Canfield, OH 44406",41.024456,-80.761032,us-census
FNB-HQ,"F.N.B. Corporation 626 Washington Place, Pittsburgh, PA 15219",40.440813,-79.991539,us-census
FND-HQ,"2500 Windy Ridge Parkway, Se, Atlanta, GA 30339",33.903806,-84.458548,us-census
FNF-HQ,"601 Riverside Avenue, Jacksonville, FL 32204",30.318679,-81.675530,us-census
FNKO-HQ,"2802 Wetmore Ave, Everett, WA 98201",47.980552,-122.207270,us-census
FNMA-HQ,"Midtown Center 1100 15Th St, Nw, Washington, DC 20005",38.903792,-77.034648,us-census
FNRN-HQ,"195 N First Street, Dixon, CA 95620",38.446444,-121.822580,us-census
FNWB-HQ,"105 West 8Th Street, Port Angeles, WA 98362",48.113051,-123.439117,us-census
FNWD-HQ,"9204 Columbia Ave, Munster, IN 46321",41.546349,-87.506060,us-census
FOA-HQ,"5830 Granite Parkway Suite 400, Plano, TX 75024",33.087997,-96.820667,us-census
FOR-HQ,"2221 E. Lamar Blvd. Suite 790, Arlington, TX 76006",32.761724,-97.072554,us-census
FORM-HQ,"7005 Southfront Road, Livermore, CA 94551",37.714650,-121.709305,us-census
FORR-HQ,"60 Acorn Park Drive, Cambridge, MA 02140",42.399021,-71.153605,us-census
FOSL-HQ,"901 S Central Expressway, Richardson, TX 75080",32.939913,-96.744961,us-census
FOUR-HQ,"3501 Corporate Parkway, Center Valley, PA 18034",40.555175,-75.420605,us-census
FOUR.L-HQ,"25 Southampton Buildings, London, UK WC2A 1AL",51.517142,-0.112046,openstreetmap
FOXA-HQ,"1211 Avenue Of The Americas, New York, NY 10036",40.758425,-73.981585,us-census
FOXF-HQ,"2055 Sugarloaf Circle, Suite 300, Duluth, GA 30097",33.985548,-84.089169,us-census
FOXO-HQ,"477 South Rosemary Avenue Suite 224, West Palm Beach, FL 33401",26.709784,-80.057189,us-census
FOXX-HQ,"13284 Pond Springs Rd Ste 405, Austin, TX 78729",30.447568,-97.781584,us-census
FPG.PA-HQ,"68 RUE DE VILLIERS, Levallois-Perret, FR 92300",48.891344,2.278546,openstreetmap
FPI-HQ,"4600 S. Syracuse Street Suite 1450, Denver, CO 80237",39.629367,-104.899792,us-census
FPS-HQ,"5701 Smithway Street, Commerce, CA 90040",34.007548,-118.149864,us-census
FR-HQ,"1 North Wacker Drive Suite 4200, Chicago, IL 60606",41.881974,-87.636690,us-census
FR.PA-HQ,"100 RUE DE COURCELLES, Paris, FR 75017",48.879752,2.302685,openstreetmap
FRAF-HQ,"20 S Main St P O Box 6010, Chambersburg, PA 17201",39.937148,-77.661340,us-census
FRD-HQ,"1121 Judson Rd Suite 124, Longview, TX 75601",32.507218,-94.738540,us-census
FREVS-HQ,"505 Main Street Suite 400, Hackensack, NJ 07601",40.895115,-74.039706,us-census
FRGT-HQ,"2001 Timberloch Place Suite 500, The Woodlands, TX 77380",30.158236,-95.465640,us-census
FRHC-HQ,"40 Wall Street, 58Th Floor, New York, Ny, NY 10005",40.706610,-74.009751,us-census
FRME-HQ,"200 E Jackson St Po Box 792, Muncie, IN 47308",40.192860,-85.385343,us-census
FRMM-HQ,"2875 South Ocean Blvd Suite 200, Palm Beach, FL",26.629498,-80.038826,us-census
FROG-HQ,"270 E Caribbean Drive, Sunnyvale, CA 94089",37.416236,-122.013493,us-census
FRPH-HQ,"200 W. Forsyth St. 7Th Floor, Jacksonville, FL 32202",30.327541,-81.660493,us-census
FRPT-HQ,"1450 Us-206, Bedminster, NJ 07921",40.682274,-74.651004,us-census
FRSH-HQ,"2950 S. Delaware St. Suite 201, San Mateo, CA 94403",37.541705,-122.299261,us-census
FRST-HQ,"1676 International Drive Suite 900, Mclean, VA 22102",38.924600,-77.227956,us-census
FRT-HQ,"909 Rose Avenue, Suite 200, North Bethesda, MD 20852",39.051217,-77.115890,us-census
FRVO-HQ,"811 Main Street Suite 1700, Houston, TX",29.758301,-95.363774,us-census
FSBC-HQ,"3100 Zinfandel Drive Suite 100, Rancho Cordova, CA 95670",38.587759,-121.286790,us-census
FSBW-HQ,"6920 220Th Street Sw, Mountlake Terrace, WA 98043",47.799521,-122.326668,us-census
FSEA-HQ,"633 Central Avenue, Dover, NH 03820",43.204807,-70.875434,us-census
FSI-HQ,"2614 Queenswood Dr, Saanich, BC V8N 1X5",48.467985,-123.288672,openstreetmap
FSLR-HQ,"4300 E Camelback Road Suite 220, Phoenix, AZ 85018",33.509597,-111.987480,us-census
FSLY-HQ,"475 Brannan Suite 300, San Francisco, CA 94107",37.778886,-122.395717,us-census
FSP-HQ,"401 Edgewater Place Ste 200, Wakefield, MA 01880",42.522953,-71.042731,us-census
FSS-HQ,"1333 Butterfield Road Suite 500, Downers Grove, IL 60515",41.834056,-88.019988,us-census
FSTA.L-HQ,"Pier House, 86-93 Strand On The Green, London, UK W4 3NN",51.487578,-0.285349,openstreetmap
FSTJ-HQ,"1000 E. Armstrong St., Morris, IL 60450",41.365122,-88.409170,us-census
FSTR-HQ,"415 Holiday Dr, Pittsburgh, PA 15220",40.420968,-80.053881,us-census
FSUN-HQ,"1400 16Th Street, Denver, CO 80202",39.749881,-104.998424,us-census
FTAI-HQ,"405 West 13Th Street 3Rd Floor, New York, NY 10014",40.740420,-74.006080,us-census
FTCI-HQ,"10900 Stonelake Blvd. Suite 100 Quarry Oaks II Building, Austin, TX",30.399718,-97.734409,us-census
FTCO-HQ,"723 South Cascade Ave., Colorado Springs, CO 80903",38.824136,-104.825656,us-census
FTDR-HQ,"3400 Players Club Parkway, Ste. 300, Memphis, TN 38125",35.055892,-89.784153,us-census
FTEK-HQ,"27601 Bella Vista Parkway, Warrenville, IL 60555",41.808994,-88.158981,us-census
FTK-HQ,"5775 N. Sam Houston Parkway W. Suite 400, Houston, TX 77086",29.936453,-95.511179,us-census
FTLF-HQ,"5214 S. 136Th Street, Omaha, NE 68137",41.204790,-96.126210,us-census
FTNT-HQ,"909 Kifer Road, Sunnyvale, CA 94086",37.374272,-122.008621,us-census
FTV-HQ,"6920 Seaway Blvd., Everett, WA 98203",47.936998,-122.266458,us-census
FUBO-HQ,"1290 Avenue Of The Americas New York, New York, NY 10104",40.760835,-73.979655,us-census
FUL-HQ,"1200 Willow Lake Blvd, St Paul, MN 55110",45.046645,-93.048373,us-census
FULC-HQ,"26 Landsdowne Street, Cambridge, MA 02139",42.360970,-71.099112,us-census
FULT-HQ,"One Penn Sq Po Box 4887, Lancaster, PA 17604",40.038139,-76.305830,us-census
FUN-HQ,"8701 Red Oak Blvd., Charlotte, NC 28217",35.142305,-80.905825,us-census
FUNC-HQ,"19 S Second St, Oakland, MD 21550",39.410187,-79.407352,us-census
FUR.AS-HQ,"Prismastraat 3, Nootdorp, NL 2631RT",52.049401,4.414946,openstreetmap
FUSB-HQ,"3291 U.S. Highway 280, Birmingham, AL 35243",33.450229,-86.741224,us-census
FUSE-HQ,"2400 East Commercial Boulevard Suite 900, Fort Lauderdale, FL 33308",26.189479,-80.114729,us-census
FVCB-HQ,"11325 Random Hills Road Suite 240, Fairfax, VA 22030",38.856014,-77.337412,us-census
FVR-HQ,"3131 Mckinney Avenue Suite L10, Dallas, TX 75204",32.802253,-96.800807,us-census
FWDI-HQ,"111 Congress Avenue Suite 500, Austin, TX 78701",30.263506,-97.744451,us-census
FWONA-HQ,"12300 Liberty Boulevard, Englewood, CO 80112",39.552667,-104.846740,us-census
FXA-HQ,"C/O Invesco Specialized Products 3500 Lacey Road, Suite 700, Downers Grove, IL 60515",41.823802,-88.030136,us-census
FXB-HQ,"C/O Invesco Specialized Products 3500 Lacey Road, Suite 700, Downers Grove, IL 60515",41.823802,-88.030136,us-census
FXC-HQ,"C/O Invesco Specialized Products 3500 Lacey Road, Suite 700, Downers Grove, IL 60515",41.823802,-88.030136,us-census
FXE-HQ,"C/O Invesco Specialized Products 3500 Lacey Road, Suite 700, Downers Grove, IL 60515",41.823802,-88.030136,us-census
FXF-HQ,"C/O Invesco Specialized Products 3500 Lacey Road, Suite 700, Downers Grove, IL 60515",41.823802,-88.030136,us-census
FXNC-HQ,"112 West King Street, Strasburg, VA 22657",38.989405,-78.362060,us-census
FXY-HQ,"C/O Invesco Specialized Products 3500 Lacey Road, Suite 700, Downers Grove, IL 60515",41.823802,-88.030136,us-census
G.MI-HQ,"PIAZZA DUCA DEGLI ABRUZZI 2, Trieste, IT 34132",45.653608,13.770282,openstreetmap
GAB.MI-HQ,"VIA QUARANTA BERNARDO, 40, Milano, IT 20139",45.436419,9.205196,openstreetmap
GABC-HQ,"711 Main St P O Box 810, Jasper, IN 47546",38.392322,-86.930873,us-census
GAIA-HQ,"833 West Boulder Road Bldg G, Louisville, CO 80027",39.986983,-105.157338,us-census
GAM.PA-HQ,"30 AVENUE CHARLES DE GAULLE, Neuilly-Sur-Seine, FR 92200",48.879541,2.278003,openstreetmap
GATX-HQ,"233 South Wacker Drive, Chicago, IL 60606",41.878916,-87.636603,us-census
GBCI-HQ,"49 Commons Loop, Kalispell, MT 59901",48.219784,-114.329073,us-census
GBCS-HQ,"8480 E. Orchard Road Suite 4900, Greenwood Village, CO 80111",39.609256,-104.891252,us-census
GBFH-HQ,"9115 W. Russell Rd., Suite 110, Las Vegas, NV 89148",36.085093,-115.290580,us-census
GBLI-HQ,"3 Bala Plaza East Suite 300, Bala Cynwyd, PA 19004",40.007354,-75.232644,us-census
GBR-HQ,"1603 Lbj Freeway Suite 800, Dallas, TX 75234",32.907841,-96.920955,us-census
GBT.PA-HQ,"15 RUE DES VANESSES, Villepinte, FR 93420",48.972479,2.503633,openstreetmap
GBTG-HQ,"666 Third Avenue, New York, NY 10017",40.751290,-73.974157,us-census
GBX-HQ,"One Centerpointe Dr Ste 200, Lake Oswego, OR 97035",45.423268,-122.740302,us-census
GCBC-HQ,"302 Main Street, Catskill, NY 12414",42.216540,-73.864384,us-census
GCO-HQ,"535 Marriott Drive 12Th Floor, Nashville, TN 37214",36.152331,-86.689467,us-census
GCO.MC-HQ,"Méndez Álvaro 31, Madrid, ES 28045",40.399899,-3.684385,openstreetmap
GCT-HQ,"4388 Shirley Avenue, El Monte, CA 91731",34.087764,-118.048355,us-census
GCTS-HQ,"2290 North 1St Street Suite 201, San Jose, CA 95131",37.379018,-121.922424,us-census
GD-HQ,"11011 Sunset Hills Rd, Reston, VA 20190",38.947084,-77.326124,us-census
GDDY-HQ,"100 S. Mill Ave Suite 1600, Tempe, AZ 85281",33.429429,-111.940100,us-census
GDOT-HQ,"1675 N. Freedom Blvd (200 West) Building 1, Provo, UT 84604",40.257448,-111.661872,us-census
GDRX-HQ,"2701 Olympic Boulevard, Santa Monica, CA 90404",34.028709,-118.467519,us-census
GDS.PA-HQ,"39 RUE MSTISLAV ROSTROPOVITCH, Paris, FR 75017",48.889915,2.312281,openstreetmap
GDYN-HQ,"6101 Bollinger Canyon Road Suite 465, San Ramon, CA 94583",37.762513,-121.957160,us-census
GE-HQ,"1 Neumann Way, Evendale, OH 45215",39.246714,-84.446369,us-census
GEF-HQ,"425 Winter Road, Delaware, OH 43015",40.227467,-83.048519,us-census
GEHC-HQ,"500 West Monroe Street, Chicago, IL 60661",41.880647,-87.639725,us-census
GEL-HQ,"811 Louisiana St, Suite 1200, Houston, TX 77002",29.759862,-95.366388,us-census
GEMI-HQ,"600 Third Avenue, 2Nd Floor, New York, NY 10016",40.748938,-73.975866,us-census
GEN-HQ,"60 E Rio Salado Parkway Suite 1000, Tempe, AZ 85281",33.430409,-111.937681,us-census
GENB-HQ,"101 South Street, Suite 900, Somerville, MA 02143",42.374663,-71.091338,us-census
GENC-HQ,"5201 N Orange Blossom Trail, Orlando, FL 32810",28.605532,-81.421395,us-census
GENK-HQ,"11480 South St. Suite 205, Cerritos, CA 90703",33.858349,-118.089080,us-census
GEO-HQ,"4955 Technology Way, Boca Raton, FL 33431",26.391587,-80.102432,us-census
GEO.MI-HQ,"VIA FELTRINA CENTRO, 16 (BIADENE), Montebelluna, IT 31044",45.789200,12.048192,openstreetmap
GEOS-HQ,"7007 Pinemont Dr., Houston, TX 77040",29.841345,-95.496589,us-census
GERN-HQ,"919 East Hillsdale Boulevard Suite 250, Foster City, CA 94404",37.554912,-122.276706,us-census
GETY-HQ,"605 5Th Avenue S. Suite 400, Seattle, WA 98104",47.597424,-122.327765,us-census
GEV-HQ,"58 Charles Street, Cambridge, MA 02141",42.367453,-71.079776,us-census
GEVO-HQ,"345 INVERNESS DRIVE SOUTH, BUILDING C Suite 310, Englewood, CO 80112",39.559702,-104.859382,us-census
GFF-HQ,"712 Fifth Avenue, New York, NY 10019",40.762075,-73.974705,us-census
GFL-HQ,"1759 Purdy Avenue, 3Rd Floor, Miami, FL 33139",25.792795,-80.144303,us-census
GGG-HQ,"88 11Th Avenue Ne, Minneapolis, MN 55413",44.997888,-93.269174,us-census
GGL.KA-HQ,"10-N Model Town Ext, Lahore, PK 53100",31.470331,74.329259,openstreetmap
GGROU-HQ,"1002 Main Avenue West Suite 5, West Fargo, ND 58078",46.877046,-96.914893,us-census
GH-HQ,"3100 Hanover Street, Palo Alto, CA 94304",37.412132,-122.144698,us-census
GHC-HQ,"1812 North Moore Street Suite 2100, Arlington, VA 22209",38.896224,-77.071631,us-census
GHC.MI-HQ,"PIAZZALE DELLE BELLE ARTI, 6, Roma, IT 00196",41.918688,12.472064,openstreetmap
GHGL.KA-HQ,"40-L Model Town, Lahore, PK 53100",31.473000,74.310854,openstreetmap
GHI-HQ,"14301 Fnb Parkway Suite 211, Omaha, NE 68154",41.265369,-96.137038,us-census
GHM-HQ,"20 Florence Ave, Batavia, NY 14020",42.991874,-78.164012,us-census
GIC-HQ,"11 Harbor Park Drive, Port Washington, NY 11050",40.808031,-73.661512,us-census
GIFT-HQ,"1100 E Woodfield Road Suite 510, Schaumburg, IL 60172",42.043230,-88.052541,us-census
GIII-HQ,"512 Seventh Ave, New York, NY 10018",40.753317,-73.989017,us-census
GILD-HQ,"333 Lakeside Dr, Foster City, CA 94404",37.566411,-122.282904,us-census
GILT-HQ,"C/O Gilat Satellite Networks Inc 1651 Old Meadow Rd, Mclean, VA 22102",38.923245,-77.210286,us-census
GIPR-HQ,"401 East Jackson Street Suite 3300, Tampa, FL 33602",27.947186,-82.456675,us-census
GIS-HQ,"1 General Mills Blvd, Minneapolis, MN 55426",44.975591,-93.390943,us-census
GIW-HQ,"1731 Embarcadero Rd., Suite 200, Palo Alto, CA 94303",37.449970,-122.119262,us-census
GIX-HQ,"1731 Embarcadero Rd., Suite 200, Palo Alto, CA 94303",37.449970,-122.119262,us-census
GL-HQ,"7677 Henneman Way, Mckinney, TX 75070",33.136330,-96.711633,us-census
GLAS-HQ,"3645 Long Beach Blvd, Long Beach, CA 90807",33.823428,-118.189416,us-census
GLE.PA-HQ,"29 BOULEVARD HAUSSMANN, Paris, FR 75009",48.872950,2.332234,openstreetmap
GLGI-HQ,"1613 East 15Th Street, Tulsa, OK 74120",36.140671,-95.968894,us-census
GLIBA-HQ,"12300 Liberty Blvd, Englewood, CO 80112",39.552667,-104.846740,us-census
GLO.PA-HQ,"59 QUAI RAMBAUD, Lyon, FR 69002",45.733591,4.815991,openstreetmap
GLOO-HQ,"831 Pearl Street, Boulder, CO 80302",40.016981,-105.284629,us-census
GLP-HQ,"275 Grove Street Suite 3-400, Newton, MA 02466",42.338806,-71.251414,us-census
GLPI-HQ,"845 Berkshire Blvd, Suite 200, Wyomissing, PA 19610",40.349609,-75.969187,us-census
GLTK-HQ,"3550 Barron Way, Suite 13A, Reno, NV 89511",39.472046,-119.767958,us-census
GLUE-HQ,"321 Harrison Avenue Suite 900, Boston, MA 02118",42.345513,-71.063682,us-census
GLXZ-HQ,"6480 Cameron Street Suite 305, Las Vegas, NV 89118",36.073047,-115.203756,us-census
GM-HQ,"1240 Woodward Avenue, Detroit, MI 48265",42.333181,-83.047954,us-census
GME-HQ,"625 Westport Parkway, Grapevine, TX 76051",32.904229,-97.088374,us-census
GMED-HQ,"2560 General Armistead Avenue, Audubon, PA 19403",40.121610,-75.398539,us-census
GNE-HQ,"520 Broad Street, Newark, NJ 07012",40.743818,-74.169563,us-census
GNK-HQ,"299 Park Avenue 12Th Floor, New York, NY 10171",40.756477,-73.974411,us-census
GNL-HQ,"650 Fifth Ave 30Th Floor, New York, NY 10019",40.759532,-73.976563,us-census
GNLN-HQ,"4800 N Federal Hwy, Suite B200, Boca Raton, FL 33431",26.393857,-80.076538,us-census
GNLX-HQ,"2625 Townsgate Road, Suite 230, Westlake Village, CA 91361",34.157589,-118.829081,us-census
GNPX-HQ,"3300 Bee Cave Road Suite 650-227, Austin, TX 78746",30.274474,-97.800434,us-census
GNRC-HQ,"S45 W29290 Highway 59, Waukesha, WI 53187",42.960771,-88.332629,us-census
GNSS-HQ,"16262 West Bernardo Drive, San Diego, CA 92127",33.011013,-117.091537,us-census
GNTX-HQ,"600 N Centennial St, Zeeland, MI 49464",42.822580,-86.012128,us-census
GNW-HQ,"11011 West Broad Street, Glen Allen, VA 23060",37.647205,-77.586854,us-census
GO-HQ,"5650 Hollis Street, Emeryville, CA 94608",37.837990,-122.288525,us-census
GOAI-HQ,"1800 Century Park East, Suite 600,, Los Angeles, CA 90067",34.062832,-118.415717,us-census
GOGO-HQ,"105 Edgeview Dr., Suite 300, Broomfield, CO 80021",39.917902,-105.104568,us-census
GOLF-HQ,"333 Bridge Street, Fairhaven, MA 02719",41.649580,-70.880639,us-census
GOOD-HQ,"1521 Westbranch Drive Suite 100, Mclean, VA 22102",38.928544,-77.220524,us-census
GOOGL-HQ,"1600 Amphitheatre Parkway, Mountain View, CA 94043",37.423120,-122.083521,us-census
GOOS-HQ,"250 Bowie Avenue, York, ON M6E 4Y2",43.695484,-79.463980,openstreetmap
GOSS-HQ,"3115 Merryfield Row Suite 120, San Diego, CA 92121",32.901680,-117.238388,us-census
GOVB-HQ,"42 Church Street, Gouverneur, NY 13642",44.335025,-75.468945,us-census
GPC-HQ,"2999 Wildwood Parkway, Atlanta, GA 30339",33.912410,-84.455747,us-census
GPGI-HQ,"309 Pierce Street, Somerset, NJ 08873",40.536599,-74.543289,us-census
GPI-HQ,"730 Town & Country Boulevard Suite 500, Houston, TX 77024",29.777830,-95.560431,us-census
GPI.MI-HQ,"VIA RAGAZZI DEL '99, 13, Trento, IT 38123",46.037227,11.126731,openstreetmap
GPK-HQ,"1500 Riveredge Parkway Suite100, Atlanta, GA 30328",33.910350,-84.434321,us-census
GPN-HQ,"3550 Lenox Road, Atlanta, GA 30326",33.849600,-84.361358,us-census
GPOR-HQ,"713 Market Drive, Oklahoma City, OK 73114",35.595806,-97.500420,us-census
GPOX-HQ,"3571 E. Sunset Road Suite 300, Las Vegas, NV 89120",36.071389,-115.097230,us-census
GPRE-HQ,"1811 Aksarben Drive, Omaha, NE 68106",41.243282,-96.018763,us-census
GPRO-HQ,"3025 Clearview Way, San Mateo, CA 94402",37.532993,-122.333006,us-census
GPUS-HQ,"11411 Southern Highlands Parkway Suite 190, Las Vegas, NV 89141",35.983304,-115.191622,us-census
GRAL-HQ,"1525 O'brien Drive, Menlo Park, CA 94025",37.476650,-122.141315,us-census
GRBK-HQ,"5501 Headquarters Dr Suite 300W, Plano, TX 75024",33.084298,-96.814314,us-census
GRC-HQ,"600 South Airport Road P.O. Box 1217, Mansfield, OH 44901",40.810067,-82.507783,us-census
GRDN-HQ,"300 Galleria Parkway Se Suite 800, Atlanta, GA 30339",33.883544,-84.464353,us-census
GRDX-HQ,"433 Plaza Real Suite 275, Boca Raton, FL",26.355082,-80.085489,us-census
GRE.MC-HQ,"RAFAEL BOTI 26, Madrid, ES 28023",40.463790,-3.801967,openstreetmap
GRNT-HQ,"5217 Mckinney Avenue Suite 400, Dallas, TX 75205",32.829761,-96.783452,us-census
GROV-HQ,"1301 Sansome Street, San Francisco, CA 94111",37.802212,-122.403058,us-census
GROW-HQ,"7900 Callaghan Rd, San Antonio, TX 78229",29.509890,-98.553635,us-census
GRPN-HQ,"35 W. Wacker, Floor 25, Chicago, IL 60601",41.886822,-87.629187,us-census
GRWG-HQ,"5619 Dtc Parkway, Greenwood Village, CO 80111",39.613476,-104.892878,us-census
GS-84101,"222 S Main St, Salt Lake City, UT 84101",40.764478,-111.891169,us-census
GS-HQ,"200 West Street, New York, NY 10282",40.713827,-74.013979,us-census
GSAT-HQ,"1351 Holiday Square Blvd.,, Covington,, LA 70433",30.431147,-90.089031,us-census
GSBC-HQ,"218 S Glenstone Ave, Springfield, MO 65802",37.208875,-93.261778,us-census
GSG-HQ,"400 Howard Street, San Francisco, CA 94105",37.789231,-122.395252,us-census
GSIT-HQ,"1213 Elko Drive, Sunnyvale, CA 94089",37.406433,-121.991149,us-census
GSJ.MC-HQ,"ROSALIA DE CASTRO 44, Pontevedra, ES 36001",42.429044,-8.646462,openstreetmap
GSK.L-HQ,"79 New Oxford Street, London, UK WC1A 1DG",51.516743,-0.128062,openstreetmap
GSP.MI-HQ,"VIALE ENRICO FORLANINI, 17, Milano, IT 20134",45.461924,9.247303,openstreetmap
GTBIF-HQ,"325 West Huron Street Suite 700, Chicago, IL 60654",41.894694,-87.637045,us-census
GTES-HQ,"1144 Fifteenth Street Suite 1400, Denver, CO 80202",39.747067,-104.997153,us-census
GTIM-HQ,"651 Corporate Circle Suite 200, Golden, CO 80401",39.717855,-105.192463,us-census
GTLB-HQ,"268 Bush Street #350, San Francisco, CA 94104",37.791080,-122.401934,us-census
GTM-HQ,"330 W Columbia Way Floor 8, Vancouver, WA 98660",45.623532,-122.673937,us-census
GTN-HQ,"4370 Peachtree Road Ne, Atlanta, GA 30319",33.870360,-84.333395,us-census
GTT.PA-HQ,"1 ROUTE DE VERSAILLES, Saint-Remy-Les-Chevreuse, FR 78470",48.713807,2.085217,openstreetmap
GTY-HQ,"292 Madison Avenue 9Th Floor, New York, NY 10017",40.751862,-73.980060,us-census
GUER-HQ,"2000 Pisgah Church Road, Greensboro, NC 27455",36.118222,-79.826866,us-census
GUI.PA-HQ,"2 RUE DU CHENE HELEUC, Carentoir, FR 56910",47.811860,-2.130474,openstreetmap
GUTS-HQ,"3 Van De Graaff Drive Suite 200, Burlington, MA 01803",42.483769,-71.194508,us-census
GVA-HQ,"585 West Beach St, Watsonville, CA 95076",36.905872,-121.766590,us-census
GVS.MI-HQ,"VIA ROMA, 50, Zola Predosa, IT 40069",44.495030,11.242660,openstreetmap
GWAV-HQ,"4016 Raintree Rd, Ste 300, Chesapeake, VA 23321",36.828173,-76.407894,us-census
GWH-HQ,"26440 Sw Parkway Ave. Bldg. 83, Wilsonville, OR 97070",45.329027,-122.768777,us-census
GWRS-HQ,"21410 N. 19Th Avenue Suite 220, Phoenix, AZ 85027",33.680284,-112.099847,us-census
GXAI-HQ,"101 Eisenhower Pkwy Suite 300, Roseland, NJ 07068",40.827339,-74.319739,us-census
GYGY-HQ,"405 Waverley Street, Palo Alto, CA 94301",37.447853,-122.161485,us-census
GYRE-HQ,"12730 High Bluff Drive Suite 250, San Diego, CA 92130",32.949325,-117.240313,us-census
HAE-HQ,"125 Summer Street, Boston, MA 02110",42.353175,-71.057093,us-census
HAFC-HQ,"900 Wilshire Blvd., Suite 1250 900 Wilshire Blvd., Suite 1250, Los Angeles, CA 90017",34.050045,-118.259324,us-census
HAIN-HQ,"221 River Street, 12Th Floor, Hoboken, NJ 07030",40.738641,-74.028284,us-census
HALO-HQ,"12390 El Camino Real, San Diego, CA 92130",32.943190,-117.239899,us-census
HAPN-HQ,"88 Kearny St Suite 600, San Francisco, CA 94108",37.788812,-122.403571,us-census
HAS-HQ,"1027 Newport Avenue P O Box 1059, Pawtucket, RI 02861",41.883546,-71.354109,us-census
HASI-HQ,"One Park Place, Suite 200, Annapolis, MD 21401",38.960051,-76.488612,us-census
HAWK-HQ,"450 Springpark Pl Suite 500, Herndon, VA 20170",38.961970,-77.378165,us-census
HAYW-HQ,"1415 Vantage Park Drive, Suite 400, Charlotte, NC 28203",35.216891,-80.827392,us-census
HBB-HQ,"4421 Waterfront Drive, Glen Allen, VA 23060",37.658943,-77.579098,us-census
HBCP-HQ,"503 Kaliste Saloom Road, Lafayette, LA 70508",30.182790,-92.017272,us-census
HBIO-HQ,"84 October Hill Rd, Holliston, MA 01746",42.228371,-71.425720,us-census
HBNC-HQ,"515 Franklin Street, Michigan City, IN 46360",41.717035,-86.901796,us-census
HBR.L-HQ,"151 Buckingham Palace Road, London, UK SW1W 9SZ",51.492739,-0.147262,openstreetmap
HBT-HQ,"401 N. Hershey Road, Bloomington, IL 61702",40.481528,-88.943063,us-census
HCA-HQ,"One Park Plz, Nashville, TN 37203",36.154243,-86.812507,us-census
HCAR.KA-HQ,"1-Mcleod Road, Lahore, PK 53100",31.565530,74.314362,openstreetmap
HCAT-HQ,"10897 South River Front Parkway, #300, South Jordan, UT 84095",40.553415,-111.916313,us-census
HCC-HQ,"16243 Highway 216, Brookwood, AL 35444",33.262251,-87.308555,us-census
HCI-HQ,"3802 Coconut Palm Drive, Tampa, FL 33619",27.978855,-82.354159,us-census
HCKT-HQ,"1001 Brickell Bay Drive Suite 3000, Miami, FL 33131",25.764712,-80.189718,us-census
HCO.PA-HQ,"365 AVENUE ARCHIMEDE, Aix-En-Provence, FR 13290",43.490123,5.339508,openstreetmap
HCSG-HQ,"3220 Tillman Drive Suite 300, Bensalem, PA 19020",40.114831,-74.961770,us-census
HCWB-HQ,"2929 N Commerce Pkwy, Miramar, FL 33025",25.983220,-80.281193,us-census
HCWC-HQ,"3800 North 28Th Way, Unit 1, Hollywood, FL 33020",26.043556,-80.164641,us-census
HD-HQ,"2455 Paces Ferry Road, Atlanta, GA 30339",33.862057,-84.483234,us-census
HDRN-HQ,"1160 Battery St. Ste 100, Unit 1096, San Francisco, CA 94111",37.801945,-122.401652,us-census
HDSN-HQ,"Po Box 1541 One Blue Hill Plaza, 14Th Floor, Pearl River, NY 10965",41.049930,-74.007146,us-census
HE-HQ,"1001 Bishop Street, Suite 2900, Honolulu, HI 96813",21.308476,-157.861461,us-census
HEI-HQ,"3000 Taft St, Hollywood, FL 33021",26.025731,-80.168328,us-census
HEIA.AS-HQ,"Tweede Weteringplantsoen 21, Amsterdam, NL 1017ZD",52.358585,4.892954,openstreetmap
HEIJM.AS-HQ,"Graafsebaan 65, Rosmalen, NL 5248JT",51.702225,5.359712,openstreetmap
HEIO.AS-HQ,"Tweede Weteringplantsoen 5, Amsterdam, NL 1017ZD",52.359278,4.893081,openstreetmap
HEMO.L-HQ,"6 Heddon Street, London, UK W1B 4BT",51.510863,-0.139404,openstreetmap
HER.MI-HQ,"VIALE BERTI PICHAT, 2/4, Bologna, IT 40127",44.501369,11.355699,openstreetmap
HESM-HQ,"1400 Smith Street, Houston, TX 77002",29.756016,-95.370835,us-census
HFBL-HQ,"624 Market Street, Shreveport, LA 71101",32.525073,-93.758384,us-census
HFFG-HQ,"6325 South Rainbow Boulevard, Suite 420, Las Vegas, NV 89118",36.073423,-115.242634,us-census
HFUS-HQ,"8832 Glendon Way, Rosemead, CA 91770",34.073963,-118.076459,us-census
HFWA-HQ,"201 Fifth Avenue S.W. P O Box 1578, Olympia, WA 98501",47.043922,-122.902891,us-census
HGBL-HQ,"6130 Nancy Ridge Drive, San Diego, CA 92121",32.888554,-117.184653,us-census
HGIT-HQ,"845 Texas Avenue Suite 3300, Houston, TX 77002",29.760824,-95.363843,us-census
HGV-HQ,"6355 Metrowest Boulevard, Suite 180, Orlando, FL 32835",28.516789,-81.469817,us-census
HHH-HQ,"9950 Woodloch Forest Drive 11Th Floor, The Woodlands, TX 77380",30.159483,-95.455766,us-census
HHS-HQ,"1 Executive Drive Suite 303, Chelmsford, MA 01824",42.611760,-71.318082,us-census
HIG-HQ,"One Hartford Plaza Law-Ho-1-09, Hartford, CT 06155",41.769231,-72.686110,us-census
HII-HQ,"4101 Washington Avenue 909-7, 7J2, Newport News, VA 23607",36.986329,-76.435738,us-census
HIK.L-HQ,"1 New Burlington Place, London, UK W1S 2HR",51.512147,-0.140477,openstreetmap
HIMS-HQ,"2269 Chestnut St #523, San Francisco, CA 94123",37.800202,-122.440642,us-census
HIND-HQ,"1001 Calle Amanecer, San Clemente, CA 92673",33.452325,-117.599057,us-census
HIPO-HQ,"One Almaden Blvd Suite 400, San Jose, CA 95113",37.333132,-121.894335,us-census
HIT-HQ,"701 S. Colorado Ave Suite 1, Stuart, FL 34994",27.193860,-80.252803,us-census
HIW-HQ,"150 Fayetteville Street Ste 1400, Raleigh, NC 27601",35.778907,-78.639231,us-census
HKHC-HQ,"1270 Avenue Of The Americas 27Th Floor, New York, NY 10020",40.760214,-73.980111,us-census
HL-HQ,"6500 N Mineral Drive Suite 200 None, Coeur D'alene, ID 83815",47.731499,-116.796051,us-census
HLCL.L-HQ,"22 Ganton Street, London, UK W1F 7FD",51.513006,-0.139181,openstreetmap
HLI-HQ,"Houlihan Lokey, Inc. 10250 Constellation Blvd., 5Th Floor, Los Angeles, CA 90067",34.057056,-118.418132,us-census
HLIO-HQ,"7456 Sixteenth Street East, Sarasota, FL 34243",27.407974,-82.545333,us-census
HLIT-HQ,"2590 Orchard Parkway, San Jose, CA 95131",37.383757,-121.931255,us-census
HLMN-HQ,"1280 Kemper Meadow Dr., Cincinnati, OH 45240",39.292464,-84.528219,us-census
HLNE-HQ,"110 Washington Street Suite 1300, Conshohocken, PA 19428",40.071541,-75.306822,us-census
HLT-HQ,"7930 Jones Branch Drive, Suite 1100, Mclean, VA 22102",38.928569,-77.216410,us-census
HMH-HQ,"3300 North Sam Houston Parkway East, Houston, TX 77032",29.938810,-95.334687,us-census
HNGE-HQ,"455 Market Street 7Th Floor, San Francisco, CA 94105",37.791265,-122.398661,us-census
HNI-HQ,"600 East Second Street - Po Box 1109, Muscatine, IA 52761",41.424254,-91.040295,us-census
HNNA-HQ,"7250 Redwood Blvd. Suite 200, Novato, CA 94945",38.103595,-122.570416,us-census
HNRG-HQ,"1183 East Canvasback Drive, Terre Haute, IN 47802",39.398317,-87.398416,us-census
HNST-HQ,"12130 Millennium Dr., #500, Los Angeles, CA 90094",33.979877,-118.407315,us-census
HNVR-HQ,"80 East Jericho Turnpike, Mineola, NY 11501",40.752328,-73.631804,us-census
HO.PA-HQ,"4 Rue de la Verrerie, Meudon, FR 92400",48.820797,2.233292,openstreetmap
HOC.L-HQ,"17 Cavendish Square, London, UK W1G 0PH",51.516665,-0.146186,openstreetmap
HODO-HQ,"261 Ne 61St Street, Miami, FL 33137",25.832442,-80.190969,us-census
HOFT-HQ,"440 E Commonwealth Blvd Pob 4708, Martinsville, VA 24115",36.693790,-79.857140,us-census
HOG-HQ,"3700 W Juneau Ave, Milwaukee, WI 53208",43.045951,-87.959651,us-census
HOLCO.AS-HQ,"Halvemaanweg 1, Apeldoorn, NL 7323RW",52.240483,5.976730,openstreetmap
HOLO-HQ,"100 Park Avenue, New York, NY 10017",40.750918,-73.978638,us-census
HOMB-HQ,"719 Harkrider, Conway, AR 72032",35.089498,-92.436834,us-census
HON-HQ,"855 S. Mint Street, Charlotte, NC 28202",35.224196,-80.852567,us-census
HONA-HQ,"1944 E Sky Harbor Cir N, Phoenix, AZ 85034",33.441358,-112.040004,us-census
HOOD-HQ,"85 Willow Road, Menlo Park, CA 94025",37.452989,-122.166071,us-census
HOPE-HQ,"3200 Wilshire Blvd Suite 1400, Los Angeles, CA 90010",34.061733,-118.291705,us-census
HOS-HQ,"103 Northpark Boulevard Suite 300, Covington, LA 70433",30.442492,-90.085432,us-census
HOUR-HQ,"8201 164Th Ave Ne #200, Redmond, WA 98052",47.676101,-122.121700,us-census
HOV-HQ,"90 Matawan Road, 5Th Floor, Matawan, NJ 07747",40.426863,-74.230134,us-census
HP-HQ,"222 N. Detroit Ave., Tulsa, OK 74120",36.159764,-95.990355,us-census
HPE-HQ,"1701 E Mossy Oaks Road, Spring, TX 77389",30.096494,-95.440668,us-census
HPK-HQ,"421 W. 3Rd Street Suite 1000, Fort Worth, TX 76102",32.753837,-97.334062,us-census
HPP-HQ,"11601 Wilshire Blvd. Ninth Floor, Los Angeles, CA 90025",34.050785,-118.459319,us-census
HPQ-HQ,"1501 Page Mill Road, Palo Alto, CA 94304",37.413843,-122.149693,us-census
HQI-HQ,"111 Springhall Drive, Goose Creek, SC 29445",33.010518,-80.052403,us-census
HR-HQ,"3310 West End Avenue, Suite 700, Nashville, TN 37203",36.140865,-86.817529,us-census
HRL-HQ,"1 Hormel Pl, Austin, MN 55912",43.681676,-92.967796,us-census
HRMY-HQ,"630 W Germantown Pike Suite 215, Plymouth Meeting, PA 19462",40.119177,-75.286601,us-census
HRTG-HQ,"1401 N Westshore Blvd, Tampa, FL 33607",27.955213,-82.524073,us-census
HRTX-HQ,"4242 Campus Point Court, Suite 200, San Diego, CA 92121",32.887931,-117.224249,us-census
HSBA.L-HQ,"8 Canada Square, London, UK E14 5HQ",51.505432,-0.017440,openstreetmap
HSCS-HQ,"550 Reserve St, Suite 360, Southlake, TX 76092",32.947251,-97.130263,us-census
HSDT-HQ,"1650 Market Street Suite 3600, Philadelphia, PA 19103",39.952823,-75.167676,us-census
HSIC-HQ,"135 Duryea Rd, Melville, NY 11747",40.767230,-73.418282,us-census
HST-HQ,"4747 Bethesda Avenue Suite 1300, Bethesda, MD 20814",38.981051,-77.094470,us-census
HSTM-HQ,"500 11Th Avenue North Suite 850, Nashville, TN",36.163522,-86.791300,us-census
HSY-HQ,"19 East Chocolate Avenue External Rptg & Compliance, Hershey, PA 17033",40.286042,-76.649536,us-census
HTB-HQ,"10 Woodfin Street, Asheville, NC 28801",35.598426,-82.552161,us-census
HTFL-HQ,"135 Main Street, Suite 1000, San Francisco, CA 94105",37.791444,-122.394340,us-census
HTH-HQ,"6565 Hillcrest Ave., Dallas, TX 75205",32.846398,-96.787192,us-census
HTO-HQ,"110 W. Taylor Street, San Jose, CA 95110",37.348365,-121.901583,us-census
HUBB-HQ,"40 Waterview Dr, Shelton, CT 06484",41.296620,-73.084719,us-census
HUM-HQ,"101 E. Main Street, Louisville, KY",38.256038,-85.750735,us-census
HUMA-HQ,"2525 East North Carolina Highway 54, Durham, NC 27713",35.900060,-78.884034,us-census
HUN-HQ,"10003 Woodloch Forest Drive, The Woodlands, TX 77380",30.160327,-95.455839,us-census
HURA-HQ,"10500 University Center Dr. Suite 110, Tampa, FL 33612",28.045135,-82.422052,us-census
HURC-HQ,"One Technology Way, Indianapolis, IN 46268",39.884098,-86.250445,us-census
HURN-HQ,"550 West Van Buren Street, Chicago, IL 60607",41.876797,-87.641776,us-census
HUT-HQ,"777 Brickell Avenue Suite 200, Miami, FL",25.766401,-80.190566,us-census
HVT-HQ,"780 Johnson Ferry Road Suite 800, Atlanta, GA 30342",33.907170,-84.361984,us-census
HWBK-HQ,"132 East High Street, Jefferson City, MO 65101",38.576631,-92.172053,us-census
HWDN.L-HQ,"105 Wigmore Street, London, UK W1U 1QY",51.515268,-0.154028,openstreetmap
HWH-HQ,"4800 Montgomery Lane, Suite 210, Bethesda, MD 20814",38.956633,-77.096946,us-census
HWK.AS-HQ,"Brediusweg 33, Bussum, NL 1401AB",52.281350,5.168728,openstreetmap
HWKN-HQ,"2381 Rosegate, Roseville, MN 55113",45.013082,-93.188385,us-census
HWM-HQ,"201 Isabella Street Suite 200, Pittsburgh, PA 15212",40.447883,-80.001965,us-census
HXL-HQ,"Two Stamford Plaza 281 Tresser Blvd., 16Th Floor, Stamford, CT 06901",41.051790,-73.535010,us-census
HY-HQ,"5875 Landerbrook Drive Suite 300, Cleveland, OH 44124",41.501417,-81.470894,us-census
HYDRA.AS-HQ,"Spoetnik 20, Amersfoort, NL 3824MG",52.198228,5.395543,openstreetmap
HYFM-HQ,"1510 Main Street, Shoemakersville, PA 19555",40.520823,-75.971067,us-census
HYLN-HQ,"1202 Bmc Drive, Suite 100, Cedar Park, TX 78613",30.503231,-97.801699,us-census
HYNE-HQ,"810 S. Oak Park Avenue, Oak Park, IL 60304",41.874088,-87.793977,us-census
HZO-HQ,"2600 Mccormick Drive Suite200, Clearwater, FL 33759",27.999313,-82.729196,us-census
IA-HQ,"720 Pennsylvania Drive, Exton, PA 19341",40.068432,-75.686558,us-census
IART-HQ,"1100 Campus Road, Princeton, NJ 08540",40.352151,-74.607080,us-census
IBEX-HQ,"1717 Pennsylvania Avenue Nw Suite 825, Washington, DC 20006",38.899009,-77.039841,us-census
IBG.MC-HQ,"AVDA. SANCHO EL SABIO 2 1º, Donostia/San Sebastián, ES 20010",43.309397,-1.979810,openstreetmap
IBIO-HQ,"600 Madison Avenue, Suite 1601, New York, NY 10022",40.762940,-73.971970,us-census
IBM-HQ,"1 New Orchard Road, Armonk, NY 10504",41.109728,-73.724620,us-census
IBO-HQ,"1400 Broadfield Blvd. Suite 130, Houston, TX 77084",29.788415,-95.659604,us-census
IBP-HQ,"155 E. Broad Street, Suite 300, Columbus, OH",39.962623,-82.996585,us-census
IBRX-HQ,"3530 John Hopkins Court, San Diego, CA 92121",32.892172,-117.238590,us-census
IBST.L-HQ,"Leicester Road, Ibstock, UK LE67 6HS",52.698103,-1.388178,openstreetmap
IBTA-HQ,"1400 16Th Street, Suite 600, Denver, CO",39.749881,-104.998424,us-census
ICAD.PA-HQ,"1 AVENUE DU GENERAL DE GAULLE, Puteaux, FR 92800",48.889745,2.239136,openstreetmap
ICCC-HQ,"56 Evergreen Dr, Portland, ME 04103",43.707552,-70.314146,us-census
ICFI-HQ,"1902 Reston Metro Plaza, Reston, VA 20190",38.949046,-77.337960,us-census
ICHR-HQ,"3185 Laurelview Ct., Fremont, CA 94538",37.472071,-121.938548,us-census
ICL.KA-HQ,"39 Empress Road, Lahore, PK 53100",31.562878,74.335266,openstreetmap
ICON.L-HQ,"Mappin House, 4 Winsley Street, London, UK W1W 8HF",51.516046,-0.138279,openstreetmap
ICR-PA-HQ,"2901 Butterfield Road, Oak Brook, IL 60523",41.843926,-87.988252,us-census
ICU-HQ,"3513 Brighton Blvd Suite 410, Denver, CO 80216",39.770501,-104.978713,us-census
ICUI-HQ,"951 Calle Amanecer, San Clemente, CA 92763",33.450934,-117.603382,us-census
IDA-HQ,"1221 West Idaho Street, Boise, ID 83702",43.618876,-116.207776,us-census
IDAI-HQ,"3423 Piedmont Road, Atlanta, GA 30305",33.846632,-84.372791,us-census
IDL.PA-HQ,"55 CHEMIN DES ENGRENAUDS, Orgon, FR 13660",43.790010,5.017962,openstreetmap
IDR-HQ,"201 N. 3Rd Street, Coeur D'alene, ID 83814",47.674384,-116.782693,us-census
IDR.MC-HQ,"AVENIDA DE BRUSELAS 33 - 35, Alcobendas, ES 28108",40.530999,-3.633729,openstreetmap
IDT-HQ,"520 Broad St, Newark, NJ 07102",40.743818,-74.169563,us-census
IDXG-HQ,"Waterview Plaza, Suite 310 2001 Route 46, Parsippany, NJ 07054",40.869470,-74.416753,us-census
IDXX-HQ,"One Idexx Drive, Westbrook, ME 04092",43.660772,-70.374878,us-census
IDYA-HQ,"5000 Shoreline Ct, Suite 300, South San Francisco, CA 94080",37.671563,-122.388440,us-census
IE-HQ,"450 E Rio Salado Parkway Suite 130, Tempe, AZ 85281",33.429427,-111.933130,us-census
IEG.MI-HQ,"VIA EMILIA, 155, Rimini, IT 47921",44.071959,12.526462,openstreetmap
IEHC-HQ,"140 58Th St Bldg B Unit 8E, Brooklyn, NY 11220",40.645326,-74.022956,us-census
IEP-HQ,"16690 Collins Ave, Ph-1, Sunny Isles Beach, FL 33160",25.927033,-80.122326,us-census
IESC-HQ,"13131 Dairy Ashford Road Suite 500, Houston, TX 77478",29.630778,-95.597752,us-census
IEX-HQ,"3100 Sanders Road Suite 301, Northbrook, IL 60062",42.097315,-87.874642,us-census
IFF-HQ,"521 W 57Th St, New York, NY 10019",40.769354,-73.988965,us-census
IGC-HQ,"10224 Falls Road, Potomac, MD 20854",39.023436,-77.206975,us-census
IGV.MI-HQ,"VIA DELLA MOSCOVA, 36, Milano, IT 20121",45.477091,9.188258,openstreetmap
IHRT-HQ,"20880 Stone Oak Parkway, San Antonio, TX 78258",29.649030,-98.451759,us-census
IHT-HQ,"Innsuites Hotels Centre 1625 E Northern Ave Ste 105, Phoenix, AZ 85020",33.554942,-112.047453,us-census
III-HQ,"400 Atlantic Street Sixth Floor, Stamford, CT 06901",41.050658,-73.539455,us-census
III.L-HQ,"1 Knightsbridge, London, UK SW1X 7LX",51.502148,-0.153249,openstreetmap
IIIN-HQ,"1373 Boggs Dr, Mount Airy, NC 27030",36.528393,-80.635025,us-census
IIIV-HQ,"40 Burton Hills Blvd. Suite 415, Nashville, TN 37215",36.094147,-86.822544,us-census
IIPR-HQ,"1389 Center Drive Suite 200, Park City, UT 84098",40.723437,-111.537884,us-census
IKT-HQ,"1000 N. West Street, Suite 1200, Wilmington, DE 19801",39.747140,-75.550497,us-census
ILLR-HQ,"7119 West Sunset Boulevard Suite 782, Los Angeles, CA 90046",34.098026,-118.344891,us-census
IMA-HQ,"12526 High Bluff Drive, San Diego, CA 92130",32.945562,-117.240691,us-census
IMAX-HQ,"2525 Speakman Drive, Mississauga, ON L5K 1B1",43.516339,-79.664004,openstreetmap
IMB.L-HQ,"121 Winterstoke Road, Bristol, UK BS3 2LL",51.435993,-2.621379,openstreetmap
IMC.MC-HQ,"AVDA. CAMINO DE SANTIAGO 50, Madrid, ES 28034",40.498002,-3.674668,openstreetmap
IMCD.AS-HQ,"Wilhelminaplein 32, Rotterdam, NL 3072DE",51.907976,4.492585,openstreetmap
IMDX-HQ,"2 International Plaza Dr., Suite 510, Nashville, TN 37217",36.127175,-86.695759,us-census
IMMR-HQ,"2999 N. E. 191St Street Suite 610, Aventura, FL 33180",25.952306,-80.142867,us-census
IMNM-HQ,"18702 N. Creek Parkway Suite 100, Bothell, WA 98011",47.768308,-122.184856,us-census
IMS.MI-HQ,"PIAZZA VILFREDO PARETO, 3, Mantova, IT 46100",45.165654,10.827415,openstreetmap
IMSR-HQ,"2730 W. Tyvola Road, Suite 100, Charlotte, NC 28217",35.187097,-80.921354,us-census
IMXI-HQ,"9100 South Dadeland Blvd Suite 1100, Miami, FL 33156",25.685354,-80.314870,us-census
INBK-HQ,"8701 E. 116Th Street, Fishers, IN 46038",39.956732,-86.014917,us-census
INBP-HQ,"225 Long Avenue Building 15, Hillside, NJ 07205",40.696556,-74.227596,us-census
INBS-HQ,"135 W 41St St, Floor 5, New York, NY 10036",40.754534,-73.985290,us-census
INBX-HQ,"11025 N. Torrey Pines Road, Suite 140, La Jolla, CA 92037",32.908415,-117.244031,us-census
INCH.L-HQ,"22A St James's Square, London, UK SW1Y 5LP",51.506589,-0.134953,openstreetmap
INCY-HQ,"1801 Augustine Cut-Off, Wilmington, DE 19803",39.761961,-75.553654,us-census
INDB-HQ,"288 Union Street, Rockland, MA 02370",42.130032,-70.915652,us-census
INDB.MI-HQ,"VIA SARSINATE, 27, Sant'agata Feltria, IT 47866",43.863226,12.192227,openstreetmap
INDI-HQ,"32 Journey, Aliso Viejo, CA 92656",33.567158,-117.723830,us-census
INDV-HQ,"10710 Midlothian Turnpike Suite 125, North Chesterfield, VA 23235",37.507026,-77.595104,us-census
INF.L-HQ,"5 Howick Place, London, UK SW1P 1WG",51.496830,-0.136377,openstreetmap
INFQ-HQ,"1315 West Century Drive Suite 150, Louisville, CO 80027",39.973191,-105.168680,us-census
INFU-HQ,"3851 West Hamlin Road, Rochester Hills, MI 48309",42.646654,-83.209923,us-census
INGA.AS-HQ,"BIJLMERDREEF 106, Amsterdam, NL 1102 CT",52.315355,4.949761,openstreetmap
INGM-HQ,"3351 Michelson Drive Suite 100, Irvine, CA 92612",33.670470,-117.840784,us-census
INIS-HQ,"4137 Commerce Circle, Idaho Falls, ID 83401",43.532646,-112.007526,us-census
INLX-HQ,"2190 Dividend Drive, Columbus, OH 43228",39.997222,-83.120410,us-census
INMB-HQ,"225 Ne Mizner Blvd, Suite 640, Boca Raton, FL 33432",26.352617,-80.083801,us-census
INN-HQ,"13215 Bee Cave Parkway Suite B-300, Austin, TX 78738",30.312243,-97.943824,us-census
INNV-HQ,"8950 E. Lowry Boulevard, Denver, CO 80230",39.723991,-104.883925,us-census
INO-HQ,"660 W. Germantown Pike Suite 110, Plymouth Meeting, PA 19462",40.120233,-75.287263,us-census
INOD-HQ,"55 Challenger Road Suite 202, Ridgefield Park, NJ 07660",40.847353,-74.013832,us-census
INRE-HQ,"2901 Butterfield Road, Oak Brook, IL 60523",41.843926,-87.988252,us-census
INSE-HQ,"250 West 57Th Street, Suite 415, New York,, NY 10107",40.766387,-73.982250,us-census
INSG-HQ,"9710 Scranton Road Suite 200, San Diego, CA 92121",32.896795,-117.202864,us-census
INSM-HQ,"700 US Highway 202/206, Bridgewater, NJ 08807",40.574696,-74.658434,us-census
INSW-HQ,"600 Third Avenue 39Th Floor, New York, NY 10016",40.748938,-73.975866,us-census
INTA-HQ,"3101 Park Boulevard, Palo Alto, CA 94306",37.425017,-122.136551,us-census
INTC-HQ,"2200 Mission College Blvd Rnb-4-151, Santa Clara, CA 95054",37.388659,-121.964940,us-census
INTG-HQ,"11620 Wilshire Boulevard Suite 350, Los Angeles, CA 90025",34.050476,-118.459500,us-census
INTT-HQ,"804 East Gate Dr., Suite 200, Mt. Laurel, NJ 08054",39.942999,-74.952260,us-census
INTU-HQ,"2700 Coast Avenue, Mountain View, CA 94043",37.430669,-122.098000,us-census
INTZ-HQ,"101 East Park Blvd, Suite 1200, Plano, TX 75074",33.028837,-96.706322,us-census
INUV-HQ,"500 President Clinton Ave., Ste. 300, Little Rock, AR 72201",34.747493,-92.265443,us-census
INVA-HQ,"1350 Old Bayshore Highway Suite 400, Burlingame, CA 94010",37.595484,-122.364930,us-census
INVE-HQ,"1900-B Carnegie Ave., Santa Ana, CA 92705",33.710639,-117.843710,us-census
INVH-HQ,"5420 Lbj Freeway, Suite 600, Dallas, TX 75240",32.925404,-96.817047,us-census
INVP.L-HQ,"30 Gresham Street, London, UK EC2V 7QP",51.514885,-0.093077,openstreetmap
INVU-HQ,"521 W. Lancaster Ave Floor 2, Haverford, PA 19041",40.016834,-75.308600,us-census
INVX-HQ,"19120 Kenswick Drive, Humble, TX 77338",29.994903,-95.297125,us-census
INW.MI-HQ,"LARGO DONEGANI, 2, Milano, IT 20121",45.475384,9.194790,openstreetmap
IOND-HQ,"2332 Galiano Street 2Nd Floor, Coral Gables, FL 33134",25.750583,-80.256825,us-census
IOSP-HQ,"8310 South Valley Highway Suite 350, Englewood, CO 80112",39.560004,-104.869021,us-census
IOT-HQ,"1 De Haro Street, San Francisco, CA 94107",37.769828,-122.401997,us-census
IOT.MI-HQ,"VIA ACHILLE GRANDI, 20, Arezzo, IT 52100",43.459175,11.822605,openstreetmap
IOVA-HQ,"825 Industrial Road 4Th Floor, San Carlos, CA 94070",37.507172,-122.251418,us-census
IP-HQ,"6400 Poplar Avenue, Memphis, TN 38197",35.100261,-89.850384,us-census
IP.MI-HQ,"VIA ENRICO FERMI, 25, Sant'ilario D'enza, IT 42049",44.751196,10.480186,openstreetmap
IPAR-HQ,"551 Fifth Ave Ste 1500, New York, NY 10176",40.755690,-73.979185,us-census
IPDN-HQ,"55 East Monroe Street Suite 2120, Chicago, IL 60603",41.880737,-87.625959,us-census
IPGP-HQ,"377 Simarano Drive, Marlborough, MA 01752",42.320962,-71.579207,us-census
IPH.PA-HQ,"117 AVENUE DE LUMINY, Marseille, FR 13009",43.246223,5.436488,openstreetmap
IPI-HQ,"707 17Th Street Suite 4200, Denver, CO 80202",39.746242,-104.991028,us-census
IPN.PA-HQ,"70 RUE BALARD, Paris, FR 75015",48.840412,2.278006,openstreetmap
IPS.PA-HQ,"35 RUE DU VAL DE MARNE, Paris, FR 75013",48.815982,2.345572,openstreetmap
IPSC-HQ,"25 N 38Th Street, 12Th Floor, Philadelphia, PA",39.957945,-75.197506,us-census
IPW-HQ,"8798 9Th Street, Rancho Cucamonga, CA 91730",34.095780,-117.613535,us-census
IQST-HQ,"300 Aragon Avenue, Suite 375, Coral Gables, FL 33134",25.750283,-80.260808,us-census
IQV-HQ,"2400 Ellis Road, Durham, NC 27703",35.938174,-78.851091,us-census
IR-HQ,"525 Harbour Place Drive, Suite 600, Davidson, NC 28036",35.504948,-80.863385,us-census
IRC.MI-HQ,"VIA LASIE 12/A, Imola, IT 40026",44.378929,11.723396,openstreetmap
IRD-HQ,"8 Davis Drive Suite 220, Durham, NC 27713",35.900256,-78.858712,us-census
IRDM-HQ,"1676 International Drive Suite 1100, Mclean, VA 22102",38.924600,-77.227956,us-census
IRE.MI-HQ,"VIA NUBI DI MAGELLANO, 30, Reggio Emilia, IT 42123",44.686423,10.597961,openstreetmap
IRIX-HQ,"1212 Terra Bella Ave, Mountain View, CA 94043",37.408531,-122.078535,us-census
IRM-HQ,"85 New Hampshire Avenue, Suite 150 Pease International Tradeport, Portsmouth, NH 03801",43.082386,-70.809471,us-census
IRMD-HQ,"12705 Ingenuity Drive, Orlando, FL 32826",28.575822,-81.197363,us-census
IRT-HQ,"1835 Market Street Suite 2601, Philadelphia, PA 19103",39.953298,-75.170567,us-census
IRTC-HQ,"699 8Th Street Suite 600, San Francisco, CA 94103",37.770142,-122.403879,us-census
IRWD-HQ,"100 Summer Street, Suite 2300, Boston, MA 02110",42.353577,-71.057659,us-census
ISBA-HQ,"401 North Main Street, Mt Pleasant, MI 48858",43.607298,-84.776786,us-census
ISCO-HQ,"9745 Businesspark Avenue, San Diego, CA 92131",32.900252,-117.112117,us-census
ISPR-HQ,"19700 Magellan Drive, Los Angeles, CA 90502",33.852449,-118.292857,us-census
ISRG-HQ,"1020 Kifer Road, Sunnyvale, CA 94086",37.373862,-122.003636,us-census
ISUR.MC-HQ,"Angel Gelán 2, Sevilla, ES 41013",37.374826,-5.976558,openstreetmap
IT-HQ,"56 Top Gallant Rd P O Box 10212, Stamford, CT 06904",41.031373,-73.549882,us-census
ITG-HQ,"2400 E Commercial Blvd, Ste. 1000, Fort Lauderdale, FL 33308",26.189479,-80.114729,us-census
ITGR-HQ,"5830 Granite Parkway., Suite 1150, Plano, TX 75024",33.087997,-96.820667,us-census
ITIC-HQ,"121 N Columbia St P O Drawer 2687, Chapel Hill, NC 27514",35.913335,-79.055985,us-census
ITM.MI-HQ,"VIA BORGONUOVO, 0020, Milano, IT 20121",45.471401,9.190728,openstreetmap
ITP.PA-HQ,"10 RUE DE SOLFERINO, Paris, FR 75007",48.859753,2.323033,openstreetmap
ITRI-HQ,"2111 N Molter Road, Liberty Lake, WA 99019",47.674056,-117.089748,us-census
ITRK.L-HQ,"33 Cavendish Square, London, UK W1G 0PS",51.516024,-0.144032,openstreetmap
ITT-HQ,"100 Washington Blvd 6Th Floor, Stamford, CT 06902",41.041364,-73.542461,us-census
ITW.MI-HQ,"VIALE ACHILLE PAPA, 30, Milano, IT 20149",45.489562,9.141219,openstreetmap
ITXP-HQ,"14114 N. Dallas Parkway Suite 200, Dallas, TX 75254",32.940014,-96.821692,us-census
IVA.PA-HQ,"50 RUE DE DIJON, Daix, FR 21121",47.346685,5.001535,openstreetmap
IVDA-HQ,"1744 S. Val Vista Drive Ste. 213, Mesa, AZ 85204",33.383430,-111.753992,us-census
IVF-HQ,"5582 Broadcast Court, Sarasota, FL 34240",27.378585,-82.419988,us-census
IVFH-HQ,"2528 S 27Th Ave, Broadview, IL 60155",41.857152,-87.864681,us-census
IVT-HQ,"3025 Highland Parkway Suite 350, Downers Grove, IL 60515",41.833327,-88.010815,us-census
IVVD-HQ,"205 Church Street, New Haven, CT",41.308364,-72.923933,us-census
IVZ-HQ,"1331 Spring Street Nw Suite 2500, Atlanta, GA 30309",33.791195,-84.389183,us-census
IWB.MI-HQ,"VIALE ABRUZZI, 94, Milano, IT 20131",45.485466,9.217511,openstreetmap
IZEA-HQ,"1317 Edgewater Dr #1880, Orlando, FL 32804",28.563443,-81.389268,us-census
J-HQ,"1999 Bryan Street, Suite 3500, Dallas, TX 75201",32.784654,-96.796686,us-census
JAGX-HQ,"200 Pine Street Suite 400, San Francisco, CA 94104",37.792303,-122.399845,us-census
JAKK-HQ,"2951 28Th Street, Santa Monica, CA 90405",34.016849,-118.453798,us-census
JAN-HQ,"4600 South Syracuse Street, Suite 500 Suite 500, Denver, CO 80237",39.629367,-104.899792,us-census
JANL-HQ,"80 Eighth Avenue, New York, NY 10011",40.739944,-74.002295,us-census
JANX-HQ,"10955 Vista Sorrento Parkway Suite 200, San Diego, CA 92130",32.915377,-117.229275,us-census
JBGS-HQ,"4747 Bethesda Avenue Suite 200, Bethesda, MD 20814",38.981051,-77.094470,us-census
JBHT-HQ,"615 Jb Hunt Corporate Dr Po Box 130, Lowell, AR 72745",36.246936,-94.147858,us-census
JBL-HQ,"10800 Roosevelt Boulevard North, St Petersburg, FL 33716",27.870568,-82.647911,us-census
JBLU-HQ,"27-01 Queens Plaza North, Long Island City, NY 11101",40.750627,-73.939341,us-census
JBSS-HQ,"1703 N. Randall Road, Elgin, IL 60123",42.055722,-88.338340,us-census
JBTM-HQ,"333 West Wacker Drive Suite 3400, Chicago, IL 60606",41.886422,-87.635860,us-census
JCQ.PA-HQ,"7 RUE MICHEL JACQUET, St Priest, FR 69800",45.696455,4.919201,openstreetmap
JCTC-HQ,"32275 Nw Hillcrest, North Plains, OR 97133",45.599592,-123.008651,us-census
JDEP.AS-HQ,"Oosterdoksstraat 80, Amsterdam, NL 1011DK",52.376467,4.907187,openstreetmap
JEF-HQ,"520 Madison Avenue, New York, NY 10022",40.760050,-73.974083,us-census
JELD-HQ,"2645 Silver Crescent Drive, Charlotte, NC 28273",35.137548,-80.928569,us-census
JETMF-HQ,"4200 Nw 36Th Street, Building 5A Miami Int'l Airport, 4Th Floor, Miami, FL 33166",25.808202,-80.268932,us-census
JFB-HQ,"1300 S. Dixie Highway Suite B, Lantana, FL 33462",26.574266,-80.053443,us-census
JILL-HQ,"4 Batterymarch Park, Quincy, MA 02169",42.230245,-71.026713,us-census
JJSF-HQ,"350 Fellowship Road Suite 100, Mount Laurel, NJ 08054",39.945328,-74.951147,us-census
JLL-HQ,"200 E Randolph Dr, Chicago, IL 60601",41.884582,-87.622211,us-census
JMSB-HQ,"1943 Isaac Newton Square Suite 100, Reston, VA 20190",38.952318,-77.339542,us-census
JOB-HQ,"7751 Belfort Parkway Suite 150, Jacksonville, FL 32256",30.242470,-81.582915,us-census
JOBY-HQ,"333 Encinal Street, Santa Cruz, CA 95060",36.986800,-122.034689,us-census
JOUT-HQ,"555 Main Street, Racine, WI 53403",42.727570,-87.782824,us-census
JPM-HQ,"270 Park Avenue, New York, NY 10017",40.755849,-73.975037,us-census
JRSH-HQ,"260 East Main Street Suite 2706, Rochester, NY 14604",43.157385,-77.605628,us-census
JRVR-HQ,"1414 Raleigh Road, Suite 405, Chapel Hill, NC 27517",35.904746,-79.015574,us-census
JSDA-HQ,"4786 1St Avenue South Suite 103, Seattle, WA 98134",47.559464,-122.334141,us-census
JTAI-HQ,"10845 Griffith Peak Dr., Suite 200, Las Vegas, NV 89135",36.156834,-115.329724,us-census
JUBS.KA-HQ,"503-E, Johar Town, Lahore, PK 53100",31.461634,74.282519,openstreetmap
JUNS-HQ,"1001 North US Hwy 1 Suite 504, Jupiter, FL 33477",26.942505,-80.084179,us-census
JUVF-HQ,"Bridge And Main Streets Po Box 66, Mifflintown, PA 17059",40.570021,-77.396937,us-census
JVA-HQ,"3475 Victory Blvd, Staten Island, NY 10314",40.602658,-74.174519,us-census
JYNT-HQ,"16767 N Perimeter Drive Suite 110, Scottsdale, AZ 85260",33.639139,-111.895853,us-census
KAI-HQ,"One Technology Park Drive, Westford, MA 01886",42.570485,-71.413959,us-census
KALA-HQ,"1167 Massachusetts Avenue, Arlington, MA 02476",42.423154,-71.174259,us-census
KALU-HQ,"1550 W. Mcewen Drive, Suite 500, Franklin, TN 37067",35.935911,-86.826770,us-census
KBH-HQ,"10990 Wilshire Blvd, Los Angeles, CA 90024",34.057771,-118.447328,us-census
KBR-HQ,"601 Jefferson Street Suite 3400, Houston, TX 77002",29.753082,-95.373009,us-census
KBSR-HQ,"800 Newport Center Drive Suite 700, Newport Beach, CA 92660",33.618508,-117.877756,us-census
KDK-HQ,"1049 Terra Bella Avenue, Mountain View, CA 94043",37.408393,-122.073884,us-census
KDP-HQ,"6425 Hall Of Fame Lane, Frisco, TX 75034",33.111854,-96.830842,us-census
KE-HQ,"1205 Kimball Blvd., Jasper, IN 47546",38.371785,-86.951565,us-census
KEEL-HQ,"120 Broadway, Suite 1075, New York, NY 10004",40.708515,-74.010988,us-census
KELYA-HQ,"999 W Big Beaver Rd, Troy, MI 48084",42.561811,-83.162618,us-census
KEQU-HQ,"2700 W Front St, Statesville, NC 28677",35.791960,-80.931036,us-census
KEX-HQ,"55 Waugh Drive Suite 1000, Houston, TX 77007",29.767562,-95.398052,us-census
KEY-HQ,"127 Public Sq, Cleveland, OH 44114",41.500492,-81.694052,us-census
KFFB-HQ,"479 Main Street, Hazard, KY 41702",37.248071,-83.195179,us-census
KFY-HQ,"1900 Avenue Of The Stars Ste. 1225, Los Angeles, CA 90067",34.059957,-118.416995,us-census
KGEI-HQ,"925 Broadbeck Dr Suite 220, Thousand Oaks, CA 91320",34.191137,-118.936243,us-census
KGF.L-HQ,"1 Paddington Square, London, UK W2 1GG",51.516527,-0.175830,openstreetmap
KGS-HQ,"9950 Woodloch Forest Drive, 19Th Floor, The Woodlands, TX 77380",30.159483,-95.455766,us-census
KIDS-HQ,"2850 Frontier Drive, Warsaw, IN 46582",41.283091,-85.854441,us-census
KIDZ-HQ,"450 7Th Avenue Suite 905, New York, NY 10123",40.751542,-73.990305,us-census
KINS-HQ,"120 Wood Road, Kingston, NY",41.991470,-73.973012,us-census
KIQSF-HQ,"13966 18B Avenue, Surrey, BC V4A 8J1",49.035692,-122.835995,openstreetmap
KITT-HQ,"17146 Feathercraft Lane Suite 450, Webster, TX 77598",29.548304,-95.121415,us-census
KLAC-HQ,"One Technology Drive, Milpitas, CA 95035",37.420978,-121.922084,us-census
KLC-HQ,"5005 Meadows Road, Lake Oswego, OR 97035",45.417582,-122.727178,us-census
KLNG-HQ,"1310 Rankin Road, Houston, TX 77073",29.965639,-95.386698,us-census
KLR.L-HQ,"2 Kingdom Street, London, UK W2 6BD",51.519670,-0.181193,openstreetmap
KLTR-HQ,"250 Park Avenue South 10Th Floor, New York, NY 10003",40.738299,-73.987828,us-census
KLXE-HQ,"3040 Post Oak Boulevard 15Th Floor, Houston, TX 77056",29.734304,-95.460641,us-census
KMB-HQ,"351 Phelps Drive, Irving, TX 75038",32.868845,-96.949266,us-census
KME.MI-HQ,"FORO BUONAPARTE, 44, Milano, IT 20121",45.472302,9.181316,openstreetmap
KMI-HQ,"1001 Louisiana Street Suite 1000, Houston, TX 77002",29.758442,-95.367496,us-census
KMPR-HQ,"200 E. Randolph St. Suite 3300, Chicago, IL 60601",41.884582,-87.622211,us-census
KMT-HQ,"525 William Penn Place Suite 3300, Pittsburgh, PA 15219",40.439964,-79.997644,us-census
KMTS-HQ,"3933 Lake Washington Blvd Ne Suite 200, Kirkland, WA 98033",47.646226,-122.201973,us-census
KMX-HQ,"12800 Tuckahoe Creek Parkway, Richmond, VA 23238",37.638082,-77.676161,us-census
KN-HQ,"1151 Maplewood Drive, Itasca, IL 60143",41.971737,-88.028591,us-census
KNF-HQ,"1150 W. Century Ave,, Bismarck, ND 58503",46.833281,-100.810208,us-census
KNSL-HQ,"2025 Staples Mill Road, Richmond, VA 23230",37.583734,-77.491757,us-census
KNTK-HQ,"2700 Post Oak Blvd. Suite 300, Houston, TX 77056",29.739345,-95.460754,us-census
KNX-HQ,"2200 South 75Th Avenue, Phoenix, AZ 85043",33.428056,-112.221227,us-census
KO-84020,"12634 S 265 W, Draper, UT 84020",40.523070,-111.899024,us-census
KO-HQ,"One Coca Cola Plaza, Atlanta, GA 30313",33.753603,-84.381024,us-census
KODK-HQ,"343 State St, Rochester, NY 14650",43.161231,-77.619321,us-census
KOF.PA-HQ,"17 QUAI DU PRESIDENT PAUL DOUMER, Courbevoie, FR 92400",48.891097,2.256927,openstreetmap
KOP-HQ,"436 Seventh Avenue, Pittsburgh, PA 15219",40.442373,-79.995718,us-census
KOPN-HQ,"125 North Drive, Westborough, MA 01581",42.288921,-71.630892,us-census
KOS-HQ,"8176 Park Lane Suite 500, Dallas, TX 75231",32.871733,-96.765283,us-census
KOSS-HQ,"4129 N Port Washington Ave, Milwaukee, WI 53212",43.092288,-87.917208,us-census
KPLT-HQ,"1345 Avenue Of The Americas 11Th Fl, New York, NY 10105",40.762666,-73.978488,us-census
KPN.AS-HQ,"Wilhelminakade 123, Rotterdam, NL 3072AP",51.907175,4.489408,openstreetmap
KPRX-HQ,"169 Saxony Rd. Suite 212, Encinitas, CA 92024",33.050221,-117.285585,us-census
KPTI-HQ,"85 Wells Avenue Second Floor, Newton, MA 02459",42.292442,-71.199104,us-census
KR-HQ,"1014 Vine St, Cincinnati, OH 45201",39.106397,-84.514203,us-census
KRC-HQ,"12200 W. Olympic Blvd., Suite 200, Los Angeles, CA 90064",34.032086,-118.455038,us-census
KRG-HQ,"30 S Meridian Street Suite 1100, Indianapolis, IN 46204",39.766113,-86.158203,us-census
KRMD-HQ,"100 Corporate Drive, Mahwah, NJ 07430",41.089190,-74.153554,us-census
KRMN-HQ,"5351 Argosy Ave, Huntington Beach, CA 92649",33.741169,-118.036571,us-census
KRNY-HQ,"120 Passaic Avenue, Fairfield, NJ 07004",40.872300,-74.278481,us-census
KRO-HQ,"5430 Lbj Freeway Suite 1700, Dallas, TX 75240",32.925410,-96.816937,us-census
KROS-HQ,"1050 Waltham Street, Suite 302, Lexington, MA 02421",42.414434,-71.232190,us-census
KRP-HQ,"777 Taylor St., Suite 810, Fort Worth, TX 76102",32.751708,-97.332315,us-census
KRRO-HQ,"60 First Street 2Nd Floor, Suite 250, Cambridge, MA 02141",42.369217,-71.077170,us-census
KRT-HQ,"6185 Kimball Avenue, Chino, CA 91708",33.968367,-117.667961,us-census
KRUS-HQ,"17461 Derian Ave. Suite 200, Irvine, CA 92614",33.685897,-117.840040,us-census
KRYS-HQ,"2100 Wharton Street Suite 701, Pittsburgh, PA 15203",40.430235,-79.975961,us-census
KSCP-HQ,"305 North Mathilda Avenue, Sunnyvale, CA 94085",37.384728,-122.032041,us-census
KTB-HQ,"400 N. Elm Street, Greensboro, NC 27401",36.077051,-79.789832,us-census
KTCC-HQ,"4424 N. Sullivan Road, Spokane, WA 99216",47.697769,-117.196891,us-census
KTEL-HQ,"500 N. Central Expressway, Suite 202, Plano, TX 75074",33.006469,-96.707170,us-census
KTML.KA-HQ,"42-Lawrence Road, Lahore, PK 53100",31.546991,74.330340,openstreetmap
KTOS-HQ,"10680 Treena Street Suite 600, San Diego, CA 92131",32.912771,-117.113932,us-census
KULR-HQ,"555 Forge River Road, Webster, TX 77598",29.548233,-95.118062,us-census
KURA-HQ,"4930 Directors Place, Suite 500, San Diego, CA 92121",32.894835,-117.210746,us-census
KUST-HQ,"1475 N Winchester St, Olathe, KS 66061",38.906159,-94.787954,us-census
KVHI-HQ,"500 Wood Street Unit 320, 1St Fl, Bristol, RI",41.673167,-71.271788,us-census
KVYO-HQ,"125 Summer Street, Floor 6, Boston, MA 02110",42.353175,-71.057093,us-census
KYNB-HQ,"350 Bay Street Suite 100 #6009, San Francisco, CA 94133",37.805778,-122.412803,us-census
L-HQ,"9 West 57Th Street, New York, NY 10019",40.763147,-73.974250,us-census
LAB-HQ,"50 Milk Street 10Th Floor, Boston, MA 02109",42.356893,-71.056986,us-census
LAD-HQ,"150 North Bartlett Street, Medford, OR 97501",42.328272,-122.872492,us-census
LAKE-HQ,"1525 Perimeter Parkway, Suite 325, Huntsville, AL 35806",34.745249,-86.673101,us-census
LAMR-HQ,"C/O Lamar Advertising Company 5321 Corporate Boulevard, Baton Rouge, LA 70808",30.425035,-91.135055,us-census
LAND-HQ,"1521 Westbranch Drive Suite 100, Mclean, VA 22102",38.928544,-77.220524,us-census
LARK-HQ,"701 Poyntz Avenue, Manhattan, KS 66502",39.179339,-96.566826,us-census
LASE-HQ,"1101 North Keller Road Suite G-2, Orlando, FL 32810",28.638349,-81.398624,us-census
LASR-HQ,"4637 Nw 18Th Avenue, Camas, WA 98607",45.592018,-122.458955,us-census
LAT.PA-HQ,"135 RUE DE PERIOLE, Toulouse, FR 31500",43.619186,1.465623,openstreetmap
LAUR-HQ,"Pmb 1158, 1000 Brickell Ave., Suite 715, Miami, FL 33131",25.764136,-80.191285,us-census
LAW-HQ,"111 Congress Ave Suite 900, Austin, TX 78701",30.263506,-97.744451,us-census
LAWIL-HQ,"6601 Bermuda Road, Las Vegas, NV 89119",36.070352,-115.154621,us-census
LAZ-HQ,"30 Rockefeller Plaza, New York, NY 10112",40.758778,-73.978746,us-census
LB-HQ,"5555 San Felipe Street, Suite 1200, Houston, TX 77056",29.750013,-95.472711,us-census
LBIRD.PA-HQ,"2 RUE PAUL SABATIER, Lannion, FR 22300",48.760802,-3.469214,openstreetmap
LBRA-HQ,"590 Madison Avenue 21St Floor, New York, NY 10022",40.762050,-73.972621,us-census
LBRT-HQ,"950 17Th Street Suite 2400, Denver, CO 80202",39.747753,-104.993231,us-census
LCFY-HQ,"246A Churchill Avenue, Perth, AU 6008",-31.947974,115.836186,openstreetmap
LCID-HQ,"7373 Gateway Blvd., Newark, CA 94560",37.542331,-122.059899,us-census
LCLN-HQ,"110 North Wacker Drive 51St Floor, Chicago, IL 60606",41.884631,-87.637145,us-census
LCNB-HQ,"2 North Broadway Po Box 59, Lebanon, OH 45036",39.434481,-84.208182,us-census
LCTC-HQ,"12441 West 49Th Ave Unit #4, Wheat Ridge, CO 80033",39.786893,-105.138441,us-census
LCTX-HQ,"2173 Salk Avenue Suite 200, Carlsbad, CA 92008",33.139093,-117.276759,us-census
LCUT-HQ,"1000 Stewart Avenue, Garden City, NY 11530",40.735924,-73.592320,us-census
LDA.MC-HQ,"ISAAC NEWTON 7, Tres Cantos, ES 28760",40.591902,-3.707702,openstreetmap
LDI-HQ,"6561 Irvine Center Drive, Irvine, CA 92618",33.668358,-117.762175,us-census
LDO.MI-HQ,"Piazza Monte Grappa 4, Roma, IT 00195",41.918019,12.469571,openstreetmap
LDOS-HQ,"1750 Presidents Street, Reston, VA 20190",38.958937,-77.355528,us-census
LEA-HQ,"21557 Telegraph Road, Southfield, MI 48033",42.448807,-83.278468,us-census
LECO-HQ,"22801 St Clair Ave, Cleveland, OH 44117",41.585829,-81.521755,us-census
LEE-HQ,"4600 E. 53Rd Street, Davenport, IA 52807",41.575181,-90.504503,us-census
LEGH-HQ,"1600 Airport Freeway, #100, Bedford, TX 76022",32.836499,-97.141312,us-census
LEGN-HQ,"2101 Cottontail Lane, Somerset, NJ 08873",40.533361,-74.549532,us-census
LENZ-HQ,"201 Lomas Santa Fe Drive, Suite 300, Solana Beach, CA 92075",32.992312,-117.269138,us-census
LESL-HQ,"2005 E. Indian School Road, Phoenix, AZ 85016",33.494725,-112.038749,us-census
LEU-HQ,"6901 Rockledge Dr Suite 800, Bethesda, MD 20817",39.028564,-77.138936,us-census
LEVI-HQ,"1155 Battery St, San Francisco, CA 94111",37.801877,-122.401786,us-census
LFCR-HQ,"3515 Lyman Boulevard, Chaska, MN 55318",44.849688,-93.600126,us-census
LFMD-HQ,"236 Fifth Avenue Suite 400, New York, NY 10001",40.744289,-73.987670,us-census
LFST-HQ,"4800 N. Scottsdale Road Suite 2500, Scottsdale, AZ 85251",33.509339,-111.926140,us-census
LFTO-HQ,"555 Bryant Street, Suite 133, Palo Alto, CA 94301",37.445402,-122.160699,us-census
LFUS-HQ,"6133 North River Road Suite 500, Rosemont, IL 60018",41.988299,-87.860239,us-census
LGCY-HQ,"31625 Deportola Road, Suite 200, Temecula, CA 92592",33.482942,-117.106913,us-census
LGEN.L-HQ,"One Coleman Street, London, UK EC2R 5AA",51.517089,-0.089650,openstreetmap
LGIH-HQ,"1450 Lake Robbins Drive, Suite 430, The Woodlands, TX 77380",30.161334,-95.456094,us-census
LGL-HQ,"2525 Shader Road, Orlando, FL 32804",28.585501,-81.413455,us-census
LGMK-HQ,"2801 Diode Lane, Louisville, KY 40299",38.201738,-85.547581,us-census
LGN-HQ,"1601 Las Plumas Avenue, San Jose, CA 95133",37.359850,-121.869291,us-census
LGND-HQ,"3911 Sorrento Valley Blvd Suite 110, San Diego, CA 92121",32.902620,-117.221060,us-census
LGT.MC-HQ,"COLMENARES 5 1º, Valladolid, ES 47004",41.646543,-4.726975,openstreetmap
LGVN-HQ,"1951 Nw 7Th Avenue Suite 520, Miami, FL 33136",25.794619,-80.206953,us-census
LH-HQ,"358 S Main St, Burlington, NC 27215",36.093386,-79.437210,us-census
LIB.MC-HQ,"CABALLEROS 36 2, Valencia, ES 46001",39.476625,-0.378583,openstreetmap
LIF-HQ,"1900 South Norfolk Street, Suite 310, San Mateo, CA 94403",37.553765,-122.291339,us-census
LIFD-HQ,"14155 Pine Island Drive, Jacksonville, FL 32224",30.307760,-81.433335,us-census
LIFE-HQ,"1606 Headway Circle #9013, Austin, TX 78754",30.334021,-97.682928,us-census
LIGHT.AS-HQ,"HIGH TECH CAMPUS 48, Eindhoven, NL 5656 AE",51.412396,5.460692,openstreetmap
LII-HQ,"2140 Lake Park Blvd, Richardson, TX 75080",32.981270,-96.760241,us-census
LILA-HQ,"1550 Wewatta Street Suite 1000, Denver, CO 80202",39.752162,-105.002598,us-census
LIME-HQ,"444 Townsend St Fl 1, San Francisco, CA 94107",37.774579,-122.398262,us-census
LIN.PA-HQ,"27 RUE D'ORLEANS, Neuilly-Sur-Seine, FR 92200",48.882953,2.273163,openstreetmap
LINC-HQ,"14 Sylvan Way Suite A, Parsippany, NJ 07054",40.845573,-74.444551,us-census
LIND-HQ,"11 West 42Nd Street Suite 22 B3, New York, NY 10036",40.753689,-73.981234,us-census
LINE-HQ,"46500 Humboldt Drive, Novi, MI 48377",42.502115,-83.506473,us-census
LINK-HQ,"48389 Fremont Boulevard Suite 110, Fremont, CA 94538",37.466447,-121.933687,us-census
LIO.L-HQ,"2 Savoy Court, London, UK WC2R 0EZ",51.510402,-0.121037,openstreetmap
LITE-HQ,"1001 Ridder Park Drive, San Jose, CA 95131",37.382290,-121.900694,us-census
LITS-HQ,"9920 Pacific Heights Blvd Suite 150, San Diego, CA 92121",32.900284,-117.189871,us-census
LIVE-HQ,"325 East Warm Springs Road Suite 102, Las Vegas, NV 89119",36.056883,-115.157734,us-census
LKFN-HQ,"202 E Center St P O Box 1387, Warsaw, IN 46581",41.238034,-85.855243,us-census
LKQ-HQ,"5846 Crossings Blvd., Antioch, TN 37013",36.036220,-86.641197,us-census
LLOY.L-HQ,"33 Old Broad Street, London, UK EC2N 1HZ",51.515824,-0.083529,openstreetmap
LLYVA-HQ,"12300 Liberty Blvd., Englewood, CO 80112",39.552667,-104.846740,us-census
LMAT-HQ,"63 Second Avenue, Burlington, MA 01803",42.486350,-71.224613,us-census
LMB-HQ,"5102 W Laurel Street, Suite 700, Tampa, FL 33607",27.955948,-82.530325,us-census
LMND-HQ,"5 Crosby Street 3Rd Floor, New York, NY 10013",40.719728,-74.000383,us-census
LMNR-HQ,"1141 Cummings Road, Santa Paula, CA 93060",34.334430,-119.122104,us-census
LMRI-HQ,"4200 Six Forks Road Suite 1000, Raleigh, NC 27609",35.836092,-78.639914,us-census
LMT-HQ,"6801 Rockledge Dr, Bethesda, MD 20817",39.030248,-77.137313,us-census
LNA.PA-HQ,"7 BOULEVARD AUGUSTE PRIOU, Vertou, FR 44120",47.180147,-1.499985,openstreetmap
LNC-HQ,"150 N Radnor Chester Rd, Radnor, PA 19087",40.039165,-75.365969,us-census
LNG-HQ,"845 Texas Avenue Suite 1250, Houston, TX 77002",29.760824,-95.363843,us-census
LNN-HQ,"18135 Burke Street Suite 100, Omaha, NE 68022",41.258726,-96.198578,us-census
LNSR-HQ,"2800 Discovery Drive Suite 100, Orlando, FL 32826",28.586099,-81.192599,us-census
LNT-HQ,"4902 North Biltmore Lane Suite 1000, Madison, WI 53718",43.151973,-89.294695,us-census
LNTH-HQ,"201 Burlington Road, South Building, Bedford, MA 01730",42.502585,-71.240134,us-census
LNZA-HQ,"8045 Lamon Avenue Suite 400, Skokie, IL 60077",42.027446,-87.749882,us-census
LOAN-HQ,"60 Cutter Mill Rd., Suite 205, Great Neck,, NY 11021",40.785922,-73.730878,us-census
LOAR-HQ,"20 New King St., White Plains, NY 10604",41.084149,-73.715413,us-census
LOB-HQ,"1741 Tiburon Drive, Wilmington, NC 28403",34.201115,-77.907054,us-census
LOCAL.PA-HQ,"204 ROND-POINT DU PONT DE SEVRES, Boulogne-Billancourt, FR 92100",48.828756,2.231410,openstreetmap
LOCL-HQ,"490 Foley Lane, Hamilton, MT 59840",46.210086,-114.128756,us-census
LOCO-HQ,"575 Anton Blvd Ste 1100, Costa Mesa, CA 92626",33.690026,-117.878827,us-census
LOG.MC-HQ,"TRIGO 39 POLÍGONO INDUSTRIAL POLVORANCA., Leganés, ES 28914",40.327459,-3.781146,openstreetmap
LOGI-HQ,"3930 North First Street C/O Logitech Inc, San Jose, CA 95134",37.412795,-121.950034,us-census
LOOP-HQ,"480 Fernand Poitras, Lanaudière, QC J6Y 1Y4",45.686617,-73.775029,openstreetmap
LOPE-HQ,"2600 W. Camelback Road, Phoenix, AZ 85017",33.509536,-112.114903,us-census
LOVE-HQ,"421 Atlantic Street, Suite 200, Stamford, CT",41.050032,-73.539658,us-census
LOW-HQ,"1000 Lowes Blvd., Mooresville, NC 28117",35.545757,-80.851487,us-census
LPG-HQ,"27 Signal Road, Stamford, CT 06902",41.027868,-73.551391,us-census
LPLA-HQ,"4707 Executive Drive, San Diego, CA 92121",32.876731,-117.205116,us-census
LPSN-HQ,"530 7Th Avenue Floor M1, New York, NY 10018",40.753776,-73.988682,us-census
LPTH-HQ,"2603 Challenger Tech Ct Ste 100, Orlando, FL 32826",28.574366,-81.201532,us-census
LPX-HQ,"1610 West End Ave. Suite 200, Nashville, TN 37203",36.154249,-86.793127,us-census
LQDA-HQ,"419 Davis Drive, Suite 100, Morrisville, NC 27560",35.876815,-78.862748,us-census
LQDT-HQ,"6931 Arlington Road Suite 460, Bethesda, MD 20814",38.978473,-77.098654,us-census
LRCX-HQ,"4650 Cushing Blvd, Fremont, CA 94538",37.483842,-121.964505,us-census
LRHC-HQ,"1420 Celebration Blvd Ste 200, Celebration, FL 34747",28.312072,-81.562250,us-census
LSBK-HQ,"31 East Fourth Street, Dunkirk, NY 14048",42.483182,-79.333698,us-census
LSCC-HQ,"5555 Ne Moore Ct, Hillsboro, OR 97124",45.526914,-122.927001,us-census
LSEG.L-HQ,"10 Paternoster Square, London, UK EC4M 7LS",51.515044,-0.099079,openstreetmap
LSF-HQ,"5303 Spine Road Suite 204, Boulder, CO 80301",40.070702,-105.202214,us-census
LSTA-HQ,"110 Allen Road Second Floor, Basking Ridge, NJ 07920",40.667118,-74.629888,us-census
LSTR-HQ,"13410 Sutton Park Drive South, Jacksonville, FL 32224",30.257183,-81.465145,us-census
LTBR-HQ,"11710 Plaza America Drive Suite 2000, Reston, VA 20190",38.951363,-77.347340,us-census
LTC-HQ,"3011 Townsgate Road Suite 220, Westlake Village, CA 91361",34.151304,-118.821134,us-census
LTCH-HQ,"1220 N Price Road Suite 2, Olivette, MO 63132",38.677796,-90.367842,us-census
LTH-HQ,"2902 Corporate Place, Chanhassen, MN 55317",44.861859,-93.592426,us-census
LTRX-HQ,"48 Discovery, Suite 250, Irvine, CA 92618",33.662275,-117.759209,us-census
LUCD-HQ,"360 Madison Avenue 25Th Floor, New York, NY 10017",40.754969,-73.977785,us-census
LUCK-HQ,"7313 Bell Creek Road, Mechanicsville, VA 23111",37.603831,-77.354338,us-census
LUCYW-HQ,"11900 Biscayne Blvd Ste 630, Miami, FL 33181",25.885950,-80.164867,us-census
LULU-HQ,"1818 Cornwall Avenue, Vancouver, BC V6J 1C7",49.271996,-123.147093,openstreetmap
LUMN-HQ,"P O Box 4065 100 Centurylink Dr, Monroe, LA 71203",32.589897,-92.069173,us-census
LUNG-HQ,"700 Chesapeake Drive, Redwood City, CA 94063",37.500383,-122.213998,us-census
LUNR-HQ,"13467 Columbia Shuttle Street, Houston, TX 77059",29.604142,-95.147223,us-census
LUV-HQ,"2702 Love Field Dr P O Box 36611, Dallas, TX 75235",32.846781,-96.863552,us-census
LUVE.MI-HQ,"VIA VITTORIO VENETO, 11, Varese, IT 21100",45.817350,8.830067,openstreetmap
LUVU-HQ,"2745 Bankers Industrial Drive, Atlanta, GA 30360",33.920663,-84.259802,us-census
LVLU-HQ,"495 Ryan Avenue Suite 125, Chico, CA 95973",39.807416,-121.849334,us-census
LVO-HQ,"269 South Beverly Drive Suite 1450, Beverly Hills, CA 90212",34.064479,-118.399135,us-census
LVS-HQ,"5420 S. Durango Drive, Las Vegas, NV 89113",36.089951,-115.279145,us-census
LVWR-HQ,"3700 W Juneau Avenue, Milwaukee, WI 53208",43.045951,-87.959651,us-census
LW-HQ,"599 S. Rivershore Lane, Eagle, ID 83616",43.689158,-116.355458,us-census
LWAY-HQ,"6431 W Oakton, Morton Grove, IL 60053",42.026389,-87.787832,us-census
LWLG-HQ,"369 Inverness Parkway Suite 350, Englewood, CO 80112",39.559689,-104.865255,us-census
LXRX-HQ,"2445 Technology Forest Blvd. Suite 1100, The Woodlands, TX 77381",30.174788,-95.473902,us-census
LXU-HQ,"3503 Nw 63Rd Street Suite 500, Oklahoma City, OK 73116",35.536809,-97.579339,us-census
LYB-HQ,"2800 Post Oak Blvd Suite 5100, Houston, TX 77056",29.737872,-95.460731,us-census
LYEL-HQ,"201 Haskins Way, South San Francisco, CA 94080",37.650216,-122.387180,us-census
LYFT-HQ,"185 Berry Street, Suite 400, San Francisco, CA 94107",37.776025,-122.392947,us-census
LYTS-HQ,"10000 Alliance Rd P O Box 42728, Cincinnati, OH 45242",39.243086,-84.380937,us-census
LYV-HQ,"9348 Civic Center Drive, Beverly Hills, CA 90210",34.074152,-118.399215,us-census
LZ-HQ,"954 Villa Street, Mountain View, CA 94041",37.394536,-122.080619,us-census
M-HQ,"151 West 34Th Street, New York, NY 10001",40.750487,-73.989269,us-census
MA-HQ,"2000 Purchase Street, Purchase, NY 10577",41.020993,-73.709709,us-census
MAA-HQ,"6815 Poplar Avenue Suite 500, Germantown, TN 38138",35.097775,-89.835917,us-census
MAB.L-HQ,"27 Fleet Street, Birmingham, UK B3 1JP",52.482178,-1.906759,openstreetmap
MACF.L-HQ,"3 Park Gardens, Glasgow, UK G3 7YE",55.867824,-4.279742,openstreetmap
MAGN-HQ,"9335 Harris Corners Pkwy Suite 300, Charlotte, NC 28269",35.345180,-80.846241,us-census
MAIA-HQ,"444 West Lake Street, Suite 1700, Chicago, IL 60606",41.885779,-87.639431,us-census
MAIR-HQ,"444 West Lake Street, Suite 4460, Chicago, IL 60606",41.885779,-87.639431,us-census
MAIRE.MI-HQ,"VIALE CASTELLO DELLA MAGLIANA, 27, Roma, IT 00148",41.823333,12.413997,openstreetmap
MAMA-HQ,"25 Branca Road, East Rutherford, NJ 07073",40.819246,-74.093227,us-census
MAMO-HQ,"3101 W Miller Road, Garland, TX 75041",32.894575,-96.675882,us-census
MAN-HQ,"100 Manpower Place, Milwaukee, WI 53212",43.049348,-87.912287,us-census
MANH-HQ,"2300 Windy Ridge Parkway Tenth Floor, Atlanta, GA 30339",33.905061,-84.460002,us-census
MAPS-HQ,"41 Discovery, Irvine, CA 92618",33.665262,-117.756434,us-census
MAR-HQ,"7750 Wisconsin Avenue, Bethesda, MD 20814",38.987480,-77.095084,us-census
MARA-HQ,"1010 South Federal Highway Suite 2700, Hallandale Beach, FL 33009",25.975452,-80.142273,us-census
MAS-HQ,"17450 College Parkway, Livonia, MI 48152",42.415183,-83.426548,us-census
MASS-HQ,"44 Third Avenue, Burlington, MA 01803",42.488262,-71.225318,us-census
MAT-HQ,"333 Continental Blvd, El Segundo, CA 90245",33.920176,-118.390925,us-census
MATX-HQ,"1411 Sand Island Parkway, Honolulu, HI 96819",21.306329,-157.877538,us-census
MAX-HQ,"700 South Flower Street Suite 640, Los Angeles, CA 90017",34.048607,-118.258751,us-census
MAYS-HQ,"9 Bond St, Brooklyn, NY 11201",40.689323,-73.983042,us-census
MAZE-HQ,"171 Oyster Point Boulevard, Suite 300, South San Francisco, CA 94080",37.662379,-122.395257,us-census
MB.MI-HQ,"PIAZZETTA ENRICO CUCCIA, 1, Milan, IT 20121",45.467613,9.188320,openstreetmap
MBBC-HQ,"500 Scott Street, Wausau, WI 54403",44.960551,-89.625401,us-census
MBC-HQ,"3300 Enterprise Parkway, Suite 300, Beachwood, OH 44122",41.469519,-81.494743,us-census
MBGL-HQ,"1906 Reston Metro Plaza, Reston, VA 20190",38.948996,-77.337993,us-census
MBI-HQ,"1 Manhattanville Road Suite 202, Purchase, NY",41.024890,-73.716466,us-census
MBIN-HQ,"410 Monon Blvd, Carmel, IN 46032",39.973164,-86.129811,us-census
MBOT-HQ,"25 Recreation Park Dr Suite 108, Hingham, MA 02043",42.178521,-70.903894,us-census
MBRX-HQ,"5300 Memorial Drive Suite 950, Houston, TX 77007",29.762656,-95.414480,us-census
MBUU-HQ,"5075 Kimberly Way, Loudon, TN 37774",35.760432,-84.328458,us-census
MBWM-HQ,"310 Leonard Street Nw, Grand Rapids, MI 49504",42.984757,-85.675576,us-census
MCB-HQ,"99 Park Avenue, New York, NY 10016",40.750762,-73.978578,us-census
MCB.L-HQ,"Middleton Way, Middleton, Manchester, UK M24 4DP",53.547468,-2.202380,openstreetmap
MCD-HQ,"110 North Carpenter Street, Chicago, IL 60607",41.883203,-87.653315,us-census
MCFT-HQ,"100 Cherokee Cove Drive, Vonore, TN 37885",35.612688,-84.262843,us-census
MCHB-HQ,"1111 Civic Drive Suite 390, Walnut Creek, CA 94596",37.906442,-122.058838,us-census
MCHP-HQ,"2355 W Chandler Blvd, Chandler, AZ 85224",33.305898,-111.881625,us-census
MCHX-HQ,"1448 Nw Market St Suite 500, Seattle, WA 98107",47.668713,-122.374897,us-census
MCO-HQ,"7 World Trade Center At 250 Greenwich Street, New York, NY 10007",40.715117,-74.011355,us-census
MCRI-HQ,"3800 S Virginia Street Executive Offices, Reno, NV 89502",39.488942,-119.794912,us-census
MCS-HQ,"111 East Kilbourn Avenue Suite 1200, Milwaukee, WI 53202",43.041809,-87.911863,us-census
MCY-HQ,"4484 Wilshire Blvd, Los Angeles, CA 90010",34.061843,-118.326917,us-census
MD-HQ,"1301 Concord Terrace, Sunrise, FL 33323",26.140298,-80.342492,us-census
MDAI-HQ,"2515 Mckinney Ave #1000, Dallas, TX 75201",32.795871,-96.801954,us-census
MDB-HQ,"1633 Broadway 38Th Floor, New York, NY 10019",40.761560,-73.984044,us-census
MDIA-HQ,"48 West 25Th Street, Third Floor, New York, NY 10010",40.743535,-73.990496,us-census
MDLZ-HQ,"905 West Fulton Market Suite 200, Chicago, IL 60607",41.886707,-87.650207,us-census
MDM.PA-HQ,"8 RUE MARIE CURIE, Vertou, FR 44120",47.176647,-1.505592,openstreetmap
MDU-HQ,"1200 West Century Avenue, Bismarck, ND 58503",46.832809,-100.811722,us-census
MDXG-HQ,"1775 W Oak Commons Court, Ne, Marietta, GA 30062",33.982615,-84.521801,us-census
MEC-HQ,"715 South Street, Mayville, WI 53050",43.486565,-88.554978,us-census
MED-HQ,"1501 S. Clinton Street Suite 500, Baltimore, MD 21224",39.275434,-76.569206,us-census
MEDCL.PA-HQ,"3 RUE DES FRERES LUMIERE, Jacou, FR 34830",43.657698,3.900861,openstreetmap
MEDP-HQ,"5375 Medpace Way, Cincinnati, OH 45227",39.160370,-84.401613,us-census
MEGP.L-HQ,"Unit 3B, Blenheim Road, Epsom, UK KT19 9AP",51.341167,-0.263713,openstreetmap
MEHA-HQ,"8605 Santa Monica Blvd, West Hollywood, CA 90069",34.089242,-118.377512,us-census
MEI-HQ,"25650 West Eleven Mile Road, Southfiled, MI 48034",42.486216,-83.295928,us-census
MET-HQ,"200 Park Avenue, New York, NY 10166",40.754131,-73.976305,us-census
MET.MI-HQ,"VIA RUGABELLA, 17, Milano, IT 20122",45.458717,9.188784,openstreetmap
METC-HQ,"250 West Main Street Suite 1800, Lexington, KY 40507",38.047794,-84.498686,us-census
MFIN-HQ,"667 Madison Avenue 22Nd Floor, New York, NY 10065",40.764766,-73.970468,us-census
MFP-HQ,"1400 Toastmaster Drive, Elgin, IL 60120",42.062597,-88.246128,us-census
MG-HQ,"195 Clarksville Road, Princeton Junction, NJ 08550",40.296681,-74.646162,us-census
MGLD-HQ,"120 Calle Iglesia, Unit B, San Clemente, CA 92672",33.448660,-117.592213,us-census
MGM-HQ,"3600 Las Vegas Blvd S, Las Vegas, NV 89109",36.113746,-115.172937,us-census
MGNI-HQ,"1250 Broadway 9Th Floor, New York, NY",40.747586,-73.988221,us-census
MGNS.L-HQ,"Kent House, 14 - 17 Market Place, London, UK W1W 8AJ",51.516154,-0.139882,openstreetmap
MGNX-HQ,"9704 Medical Center Drive, Rockville, MD 20850",39.101505,-77.195404,us-census
MGPI-HQ,"1300 Main St, Atchison, KS 66002",39.560849,-95.134454,us-census
MGRX-HQ,"15110 Dallas Pkwy, Suite 600, Dallas, TX 75248",32.954405,-96.821646,us-census
MGTE-HQ,"411 Theodore Fremd Avenue, Suite 206S, Rye, NY 10580",40.975700,-73.698955,us-census
MGTX-HQ,"655 Third Avenue Suite 1115, New York, NY 10017",40.750426,-73.974613,us-census
MGX-HQ,"5959 Horton Street 7Th Floor, Emeryville, CA 94608",37.841285,-122.291543,us-census
MGYR-HQ,"400 Somerset Street, New Brunswick, NJ 08901",40.491186,-74.459447,us-census
MHH-HQ,"1305 Cherrington Parkway Building 210, Suite 400, Moon Township, PA 15108",40.495526,-80.205422,us-census
MHK-HQ,"160 S Industrial Blvd Po Box 12069, Calhoun, GA 30701",34.474500,-84.938600,us-census
MHO-HQ,"4131 Worth Avenue Ste 500, Columbus, OH 43219",40.054252,-82.911498,us-census
MIAX-HQ,"7 Roszel Road Fifth Floor, Suite 1-A, Princeton, NJ 08540",40.321309,-74.637260,us-census
MICC.AS-HQ,"Reguliersdwarsstraat 63, Amsterdam, NL 1017BK",52.366353,4.891923,openstreetmap
MIDD-HQ,"1400 Toastmaster Drive, Elgin, IL 60120",42.062597,-88.246128,us-census
MIND-HQ,"2002 Timberloch Place, Suite 400, The Woodlands, TX 77380",30.158335,-95.465771,us-census
MIR-HQ,"1218 Menlo Drive, Atlanta, GA 30318",33.788022,-84.424338,us-census
MIRM-HQ,"989 East Hillsdale Boulevard, Suite 300, Foster City, CA 94404",37.557281,-122.273031,us-census
MITK-HQ,"770 First Avenue Suite 425, San Diego, CA",32.713281,-117.163873,us-census
MITQ-HQ,"17760 Newhope Street, Fountain Valley, CA 92708",33.705475,-117.931126,us-census
MKC-HQ,"24 Schilling Road Suite 1, Hunt Valley, MD 21031",39.492890,-76.651904,us-census
MKL-HQ,"4521 Highwoods Parkway, Glen Allen, VA 23060",37.661330,-77.578679,us-census
MKS.L-HQ,"Waterside House, 35 North Wharf Road, London, UK W2 1NW",51.518652,-0.175001,openstreetmap
MKSI-HQ,"2 Tech Drive, Andover, MA 01810",42.688014,-71.210406,us-census
MKTW-HQ,"1125 N. Charles Street, Baltimore, MD 21201",39.302696,-76.615927,us-census
MKZR-HQ,"89 Davis Road, Ste. 100, Orinda, CA 94563",37.880105,-122.181288,us-census
ML.PA-HQ,"23 PLACE DES CARMES-DÉCHAUX, Clermont-Ferrand, FR 63000",45.783233,3.092821,openstreetmap
MLAB-HQ,"12100 W 6Th Ave, Lakewood, CO 80228",39.725223,-105.135390,us-census
MLCF.KA-HQ,"42-Lawrence Road, Lahore, PK 53100",31.546991,74.330340,openstreetmap
MLCI-HQ,"650 Madison Ave. 3Rd Floor, New York, NY 10022",40.764156,-73.971086,us-census
MLGO-HQ,"340 Madison Avenue,19Th Floor, New York, NY 10173",40.754075,-73.978436,us-census
MLI-HQ,"Suite 100 150 Schilling Boulevard, Collierville, TN 38017",35.041690,-89.702980,us-census
MLKN-HQ,"855 E Main Ave Po Box 302, Zeeland, MI 49464",42.812424,-85.997461,us-census
MLM-HQ,"4123 Parklake Ave, Raleigh, NC 27612",35.833850,-78.689138,us-census
MLP-HQ,"500 Office Road, Lahaina, HI 96761",20.992777,-156.653005,us-census
MLR-HQ,"8503 Hilltop Dr Ste 100, Ooltewah, TN 37363",35.081127,-85.086297,us-census
MLSS-HQ,"220 South Orange Avenue, Livingston, NJ 07039",40.773037,-74.353820,us-census
MMB.PA-HQ,"4 RUE DE PRESBOURG, Paris, FR 75016",48.872408,2.295725,openstreetmap
MMED-HQ,"18000 Devonshire St., Northridge, CA 91325",34.257205,-118.524519,us-census
MMI-HQ,"23975 Park Sorrento Suite 400, Calabasas, CA 91302",34.152517,-118.648176,us-census
MMLP-HQ,"4200 Stone Road, Kilgore, TX 75662",32.381775,-94.828043,us-census
MMS-HQ,"Attn: Treasury Dept. 1600 Tysons Blvd, #1400, Mclean, VA 22102",38.926719,-77.226169,us-census
MMSI-HQ,"1600 West Merit Park Way, South Jordan, UT 84095",40.571728,-111.936194,us-census
MMT.PA-HQ,"89 AVENUE CHARLES DE GAULLE, Neuilly-Sur-Seine, FR 92200",48.884017,2.263509,openstreetmap
MN.MI-HQ,"VIA GIAN BATTISTA VICO, 42, Milano, IT 20123",45.462925,9.166612,openstreetmap
MNG.L-HQ,"10 Fenchurch Avenue, London, UK EC3M 5AG",51.512549,-0.081539,openstreetmap
MNKD-HQ,"1 Casper Street, Danbury, CT 06810",41.393512,-73.439249,us-census
MNOV-HQ,"4275 Executive Square Suite 300, La Jolla, CA 92037",32.873950,-117.214561,us-census
MNPR-HQ,"1000 Skokie Blvd Suite 350, Wilmette, IL 60091",42.079557,-87.754341,us-census
MNR-HQ,"14201 Wireless Way, Suite 300, Oklahoma City, OK 73134",35.614986,-97.582442,us-census
MNRO-HQ,"295 Woodcliff Drive, Suite 202, Fairport, NY 14450",43.041940,-77.458237,us-census
MNSB-HQ,"10089 Fairfax Boulevard, Fairfax, VA 22030",38.862250,-77.292255,us-census
MNTK-HQ,"5313 Campbells Run Road Suite 200, Pittsburgh, PA 15205",40.443883,-80.158903,us-census
MNTN-HQ,"823 Congress Avenue #1827, Austin, TX 78768",30.270128,-97.741958,us-census
MNTS-HQ,"1762 Automation Parkway, San Jose, CA 95131",37.391864,-121.885383,us-census
MO-HQ,"6601 West Broad Street, Richmond, VA 23230",37.602120,-77.515128,us-census
MOBI-HQ,"2802 Flintrock Trace, Suite 226, Austin, TX 78738",30.336265,-97.970681,us-census
MOBX-HQ,"15420 Laguna Canyon Rd, Ste 100, Irvine, CA 92618",33.668419,-117.759599,us-census
MOD-HQ,"1500 Dekoven Ave, Racine, WI 53403",42.707630,-87.797481,us-census
MODE.L-HQ,"2 Leman Street, London, UK E1W 9US",51.514851,-0.071875,openstreetmap
MOH-HQ,"200 Oceangate, Suite 100, Long Beach, CA 90802",33.766567,-118.198454,us-census
MOL.MI-HQ,"VIA CASATI FELICE, 1/A, Milano, IT 20124",45.477032,9.207200,openstreetmap
MONC.MI-HQ,"VIA STENDHAL, 47, Milano, IT 20144",45.455050,9.158057,openstreetmap
MOON.L-HQ,"10 Back Hill, London, UK EC1R 5EN",51.522679,-0.109041,openstreetmap
MORN-HQ,"22 West Washington Street, Chicago, IL 60602",41.883273,-87.628619,us-census
MOS-HQ,"101 East Kennedy Blvd. Suite 2500, Tampa, FL 33602",27.947077,-82.459573,us-census
MOVE-HQ,"3401 North Fairfax Drive, Arlington, VA 22226",38.884422,-77.101047,us-census
MP-HQ,"1700 S. Pavilion Center Dr. Suite 800, Las Vegas, NV 89135",36.152013,-115.330693,us-census
MPAA-HQ,"2929 California Street, Torrance, CA 90503",33.841860,-118.336933,us-census
MPB-HQ,"2407 Park Drive, Harrisburg, PA 17110",40.309032,-76.841464,us-census
MPC-HQ,"539 South Main Street, Findlay, OH 45840",41.036515,-83.650199,us-census
MPLX-HQ,"200 E. Hardin Street, Findlay, OH 45840",41.035747,-83.648457,us-census
MPTI-HQ,"2525 Shader Road, Orlando, FL 32804",28.585501,-81.413455,us-census
MPWR-HQ,"1555 Palm Beach Lakes Blvd., West Palm Beach, FL 33401",26.725098,-80.078810,us-census
MQ-HQ,"180 Grand Avenue 6Th Floor, Oakland, CA 94612",37.811109,-122.263050,us-census
MRAI-HQ,"615 Channelside Drive Suite 207, Tampa, FL 33602",27.943519,-82.447995,us-census
MRAM-HQ,"5670 W. Chandler Boulevard Suite 130, Chandler, AZ 85226",33.305440,-111.939689,us-census
MRBK-HQ,"9 Old Lincoln Highway, Malvern, PA 19355",40.042075,-75.518077,us-census
MRCY-HQ,"50 Minuteman Road, Andover, MA 01810",42.688831,-71.218661,us-census
MRDN-HQ,"3651 Lindell Road Suite D555, Las Vegas, NV",36.123591,-115.216555,us-census
MRK-HQ,"126 East Lincoln Avenue P.O. Box 2000, Rahway, NJ 07065",40.609187,-74.258250,us-census
MRKR-HQ,"2450 Holcombe Blvd Tmc Partners Office 1.311, Houston, TX 77021",29.703814,-95.381678,us-census
MRLN-HQ,"1345 Avenue Of The Americas 47Th Fl, New York, NY 10105",40.762666,-73.978488,us-census
MRMD-HQ,"10 Oceana Way 2Nd Floor, Norwood, MA 02062",42.201682,-71.163009,us-census
MRN.PA-HQ,"1 B PL DE LA DEFENSE, Courbevoie, FR 92400",48.890947,2.241490,openstreetmap
MRNA-HQ,"325 Binney Street, Cambridge, MA 02142",42.366743,-71.088453,us-census
MRO.L-HQ,"Stratton House, 5 Stratton Street, London, UK W1J 8LA",51.506946,-0.143477,openstreetmap
MRP-HQ,"C/O Corporate Creations Network Inc. 2 Wisconsin Circle #700, Chevy Chase, MD 20815",38.961888,-77.086073,us-census
MRSH-HQ,"1166 Avenue Of The Americas, New York, NY 10036",40.757305,-73.982229,us-census
MRTN-HQ,"129 Marten Street, Mondovi, WI 54755",44.567716,-91.655394,us-census
MRVI-HQ,"10770 Wateridge Circle Suite 200, San Diego, CA 92121",32.900076,-117.209967,us-census
MRVL-HQ,"1000 N. West Street Suite 1200, Wilmington, DE 19801",39.747140,-75.550497,us-census
MS-HQ,"1585 Broadway, New York, NY 10036",40.759460,-73.985123,us-census
MSA-HQ,"1000 Cranberry Woods Drive, Cranberry Township, PA 16066",40.689883,-80.105947,us-census
MSAI-HQ,"24 Greenway Plaza, Ste 1800, Houston, TX 77046",29.732636,-95.431567,us-census
MSCI-HQ,"7 World Trade Center 250 Greenwich Street 49Th Floor, New York, NY 10007",40.715117,-74.011355,us-census
MSGM-HQ,"3350 Sw 148Th Avenue Suite 207, Miramar, FL 33027",25.978201,-80.343896,us-census
MSI-HQ,"500 W. Monroe St., Chicago, IL 60661",41.880647,-87.639725,us-census
MSN-HQ,"959 Route 46 East Suite 210, Parsippany, NJ 07054",40.862445,-74.380684,us-census
MSS-HQ,"127 N Garfield Ave, Monterey Park, CA 91754",34.062889,-118.122883,us-census
MSTR-HQ,"1850 Towers Crescent Plaza, Tysons Corner, VA 22182",38.914336,-77.221366,us-census
MTCH-HQ,"8750 North Central Expressway Suite 1400, Dallas, TX 75231",32.868750,-96.769698,us-census
MTDR-HQ,"5400 Lbj Freeway Suite 1500, Dallas, TX 75240",32.925388,-96.817252,us-census
MTEX-HQ,"1410 Lakeside Parkway Suite 200, Flower Mound, TX 75028",32.995008,-97.049690,us-census
MTG-HQ,"250 East Kilbourn Avenue, Milwaukee, WI 53202",43.042392,-87.908861,us-census
MTN-HQ,"390 Interlocken Crescent Suite 1000, Broomfield, CO 80021",39.924621,-105.116604,us-census
MTRN-HQ,"6070 Parkland Blvd., Mayfield Hts., OH 44124",41.509530,-81.456295,us-census
MTRO.L-HQ,"One Southampton Row, London, UK WC1B 5HA",51.517839,-0.121102,openstreetmap
MTRX-HQ,"15 East 5Th Street Suite 1100, Tulsa, OK 74103",36.151553,-95.989953,us-census
MTSI-HQ,"100 Chelmsford Street, Lowell, MA 01851",42.636499,-71.316681,us-census
MTU.PA-HQ,"430 RUE DE L AUBINIERE, Ancenis-Saint-Gereon, FR 44150",47.386463,-1.184647,openstreetmap
MTUS-HQ,"1835 Dueber Avenue Sw, Canton, OH 44706",40.778719,-81.395120,us-census
MTV.MI-HQ,"VIA BRENTA, 11, Roma, IT 00198",41.918472,12.502961,openstreetmap
MTVW.L-HQ,"Mountview House, 151 High Street, London, UK N14 6EW",51.631016,-0.128125,openstreetmap
MTW-HQ,"11270 West Park Place Suite 10000, Milwaukee, WI 53224",43.150798,-88.053157,us-census
MTX-HQ,"622 Third Avenue, New York, NY 10017",40.749848,-73.975205,us-census
MTZ-HQ,"800 S. Douglas Road 10Th Floor, Coral Gables, FL 33134",25.764632,-80.255201,us-census
MUR-HQ,"9805 Katy Fwy Suite G-200, Houston, TX 77024",29.783788,-95.536014,us-census
MVBF-HQ,"301 Virginia Avenue, Fairmont, WV 26554",39.480075,-80.145866,us-census
MVC.MC-HQ,"PUERTO DE SOMPORT 23 1, Madrid, ES 28050",40.495329,-3.668265,openstreetmap
MVIS-HQ,"18390 Ne 68Th Street, Redmond, WA 98052",47.667318,-122.096308,us-census
MWA-HQ,"1200 Abernathy Rd, Ne Suite 1200, Atlanta, GA 30328",33.933241,-84.352901,us-census
MWH-HQ,"16680 West Bernardo Drive, San Diego, CA 92127",33.014609,-117.083268,us-census
MWYN-HQ,"2955 Main Street, Ste 100A, Irvine, CA 92614",33.679571,-117.836727,us-census
MXC-HQ,"415 West Wall Street Suite 475, Midland, TX 79701",31.997371,-102.078276,us-census
MXCT-HQ,"9713 Key West Avenue, Suite 400, Rockville, MD 20850",39.103744,-77.205569,us-census
MXL-HQ,"5966 La Place Ct., Carlsbad, CA 92008",33.132615,-117.272184,us-census
MYE-HQ,"1293 S Main St, Akron, OH 44301",41.051166,-81.528073,us-census
MYFW-HQ,"1900 Sixteenth St, #1200, Denver, CO 80202",39.753193,-105.002681,us-census
MYGN-HQ,"322 North 2200 West, Salt Lake City, UT 84116",40.776954,-111.953464,us-census
MYND-HQ,"4550 North Point Parkway Suite 370, Alpharetta, GA 30022",34.058106,-84.268072,us-census
MYO-HQ,"137 Portland Street 4Th Floor, Boston, MA 02114",42.363784,-71.061004,us-census
MYPS-HQ,"10150 Covington Cross Drive, Las Vegas, NV 89144",36.188631,-115.316591,us-census
MYRG-HQ,"12121 Grant Street Suite 610, Thornton, CO 80241",39.916101,-104.985226,us-census
MYSE-HQ,"65 Church Street Suite 230, New Brunswick, NJ 08901",40.496122,-74.443212,us-census
MZTI-HQ,"380 Polaris Parkway, Westerville, OH 43082",40.145897,-82.941571,us-census
N91.L-HQ,"55 Gresham Street, London, UK EC2V 7EL",51.515856,-0.094112,openstreetmap
NABL-HQ,"1209 Orange Street, Wilmington, DE 19801",39.747978,-75.547855,us-census
NAGE-HQ,"10900 Wilshire Blvd Suite 600, Los Angeles, CA 90024",34.058686,-118.444010,us-census
NAII-HQ,"1535 Faraday Avenue, Carlsbad, CA 92008",33.136847,-117.295120,us-census
NAKA-HQ,"300 10Th Ave South, Nashville, TN 37203",36.154924,-86.781966,us-census
NANO.PA-HQ,"60 RUE DE WATTIGNIES, Paris, FR 75012",48.835262,2.398163,openstreetmap
NATH-HQ,"One Jericho Plaza, Jericho, NY 11753",40.784994,-73.546412,us-census
NATL-HQ,"864 Spring Street Nw, Atlanta, GA 30308",33.777703,-84.388850,us-census
NATR-HQ,"2901 West Bluegrass Blvd. Suite 100, Lehi, UT 84048",40.435165,-111.897042,us-census
NAUT-HQ,"2701 Eastlake Ave East, Seattle, WA 98102",47.644549,-122.325968,us-census
NAVI-HQ,"13865 Sunrise Valley Drive, Herndon, VA 20171",38.949617,-77.422076,us-census
NAVN-HQ,"260 California Avenue Floor 2, Palo Alto, CA 94306",37.427873,-122.143640,us-census
NBBK-HQ,"1063 Great Plain Avenue, Needham, MA 02492",42.280287,-71.238061,us-census
NBHC-HQ,"7800 East Orchard Road Suite 300, Greenwood Village, CO 80111",39.609503,-104.898270,us-census
NBIX-HQ,"6027 Edgewood Bend Court, San Diego, CA 92130",32.955712,-117.194402,us-census
NBTB-HQ,"52 S Broad St, Norwich, NY 13815",42.529349,-75.523692,us-census
NC-HQ,"22901 Millcreek Blvd Suite 600, Cleveland, OH 44122",41.448738,-81.517088,us-census
NCL-HQ,"2251 Catawba River Rd, Fort Lawn, SC 29714",34.690190,-80.894290,us-census
NCMI-HQ,"6300 S. Syracuse Way Suite 300, Centennial, CO 80111",39.602240,-104.899416,us-census
NCNO-HQ,"6770 Parker Farm Drive, Wilmington, NC 28405",34.235248,-77.832925,us-census
NCPL-HQ,"1 Lincoln Street, Boston, MA 02111",42.353294,-71.057917,us-census
NCRA-HQ,"620 Seibles Road, Montgomery, AL 36116",32.312319,-86.292805,us-census
NDAQ-HQ,"151 W. 42Nd Street, New York, NY 10036",40.755386,-73.985242,us-census
NDLS-HQ,"520 Zang St., Suite D, Broomfield, CO 80021",39.926992,-105.132457,us-census
NDSN-HQ,"28601 Clemens Rd, Westlake, OH 44145",41.470241,-81.936731,us-census
NDT.MI-HQ,"VIA PROVINCIALE, 2, Filago, IT 24040",45.637944,9.540934,openstreetmap
NE-HQ,"2101 City West Boulevard Suite 600, Houston, TX 77042",29.744849,-95.560980,us-census
NEA.MC-HQ,"Alcalde Martín Cobos 16 A, Burgos, ES 09007",42.363328,-3.653851,openstreetmap
NECB-HQ,"325 Hamilton Avenue, White Plains, NY 10601",41.033763,-73.768257,us-census
NEDAP.AS-HQ,"Parallelweg 2, Groenlo, NL 7141DC",52.036498,6.626487,openstreetmap
NEE-HQ,"700 Universe Blvd, Juno Beach, FL 33408",26.858161,-80.059753,us-census
NEN-HQ,"39 Brighton Ave, Allston, MA 02134",42.352508,-71.127041,us-census
NEO-HQ,"9490 Neogenomics Way, Fort Myers, FL 33912",26.503502,-81.797721,us-census
NEOG-HQ,"620 Lesher Place, Lansing, MI 48912",42.739358,-84.539275,us-census
NEOV-HQ,"12195 Dearborn Place, Poway, CA 92064",32.937479,-117.037667,us-census
NEPH-HQ,"380 Lackawanna Place, South Orange, NJ 07079",40.740132,-74.264997,us-census
NESR-HQ,"777 Post Oak Blvd. 7Th Floor, Houston, TX 77056",29.753740,-95.457459,us-census
NET-HQ,"101 Townsend St., San Francisco, CA 94107",37.780528,-122.390528,us-census
NEU-HQ,"330 S Fourth St Po Box 2189, Richmond, VA 23218",37.538005,-77.443445,us-census
NEX.PA-HQ,"39 ESPLANADE DU GENERAL DE GAULLE, Puteaux, FR 92800",48.889722,2.243621,openstreetmap
NEXI.MI-HQ,"CORSO SEMPIONE, 55, Milano, IT 20149",45.485390,9.159035,openstreetmap
NEXT-HQ,"1000 Louisiana Street Suite 3300, Houston, TX 77002",29.758508,-95.367604,us-census
NFE-HQ,"111 W. 19Th Street 8Th Floor, New York, NY 10011",40.740639,-73.994898,us-census
NFG-HQ,"6363 Main Street, Williamsville, NY 14221",42.966145,-78.717080,us-census
NFLX-HQ,"121 Albright Way, Los Gatos, CA 95032",37.256115,-121.965541,us-census
NG-HQ,"201 South Main Suite 400, Salt Lake City, UT 84111",40.764942,-111.891018,us-census
NG.L-HQ,"1-3 Strand, London, UK WC2N 5EH",51.507874,-0.126725,openstreetmap
NGL-HQ,"6120 S. Yale Suite 1300, Tulsa, OK 74136",36.073964,-95.922225,us-census
NGNE-HQ,"535 W 24Th Street 5Th Floor, New York, NY 10011",40.748884,-74.004790,us-census
NGS-HQ,"404 Veterans Airpark Lane Suite 300, Midland, TX 79705",32.035832,-102.087428,us-census
NGVC-HQ,"12612 W. Alameda Parkway, Lakewood, CO 80228",39.703366,-105.139121,us-census
NGVT-HQ,"4920 O'hear Avenue Suite 400, North Charleston, SC 29405",32.883943,-79.975630,us-census
NHC-HQ,"100 E. Vine St, Murfreesboro, TN 37130",35.844870,-86.391529,us-census
NHI-HQ,"222 Robert Rose Drive, Murfreesboro, TN 37129",35.850818,-86.422784,us-census
NHP-HQ,"540 Madison Ave, 27Th Floor, New York, NY 10022",40.760704,-73.973603,us-census
NHTC-HQ,"609 Deep Valley Drive, Suite 395, Rolling Hills Estates, CA 90274",33.770979,-118.372322,us-census
NI-HQ,"801 East 86Th Ave, Merrillville, IN 46410",41.462181,-87.329557,us-census
NIC-HQ,"111 N Washington St, Green Bay, WI 54301",44.514480,-88.016091,us-census
NINE-HQ,"2001 Kirby Drive Suite 200, Houston, TX 77019",29.748339,-95.418755,us-census
NIQ-HQ,"200 West Jackson Boulevard, Chicago, IL 60606",41.878174,-87.633805,us-census
NIXX-HQ,"1178 Broadway, 3Rd Floor, New York, NY 10001",40.745482,-73.988617,us-census
NK.PA-HQ,"43 QUAI DE GRENELLE, Paris, FR 75015",48.853298,2.287116,openstreetmap
NKSH-HQ,"101 Hubbard Street Po Box 90002, Blacksburg, VA 24060",37.209295,-80.399413,us-census
NKTR-HQ,"455 Mission Bay Boulevard South, San Francisco, CA 94158",37.770660,-122.389042,us-census
NKTX-HQ,"1150 Veterans Boulevard, South San Francisco, CA 94080",37.664050,-122.394031,us-census
NL-HQ,"5430 Lbj Freeway Suite 1700, Dallas, TX 75240",32.925410,-96.816937,us-census
NLCP-HQ,"50 Locust Avenue, New Canaan, CT 06840",41.149496,-73.491280,us-census
NLOP-HQ,"C/O W. P. Carey Inc. One Manhattan West, 395 9Th Ave. 58 Fl, New York, NY 10001",40.752483,-73.997047,us-census
NLST-HQ,"111 Academy, Suite 100, Irvine, CA 92617",33.648768,-117.853455,us-census
NMAX-HQ,"750 Park Of Commerce Drive Suite 100, Boca Raton, FL 33487",26.400538,-80.101468,us-census
NMIH-HQ,"2100 Powell Street, 12Th Floor, Emeryville, CA 94608",37.837385,-122.300472,us-census
NMRK-HQ,"125 Park Avenue, New York, NY 10017",40.751537,-73.978015,us-census
NMTC-HQ,"7599 Anagram Dr, Eden Prairie, MN 55344",44.864642,-93.446407,us-census
NN-HQ,"11911 Freedom Drive Ste 200, Reston, VA 20190",38.959462,-77.356797,us-census
NN.AS-HQ,"Schenkkade 65, 's-Gravenhage, NL 2595AS",52.076716,4.335618,openstreetmap
NNBR-HQ,"6210 Ardrey Kell Road Suite 120, Charlotte, NC 28277",35.051561,-80.765524,us-census
NNDM-HQ,"60 Tower Road,, Waltham, MA 02451",42.378923,-71.264686,us-census
NNN-HQ,"450 S Orange Ave Suite 900, Orlando, FL 32801",28.537702,-81.378753,us-census
NNVC-HQ,"1 Controls Drive, Shelton, CT 06484",41.281221,-73.107531,us-census
NOBH-HQ,"3741 S W 7Th St, Ocala, FL 34474",29.180131,-82.183673,us-census
NOC-HQ,"2980 Fairview Park Drive C/O Northrop Grumman Corp, Falls Church, VA 22042",38.873485,-77.215794,us-census
NODK-HQ,"1101 First Avenue North, Fargo, ND 58102",46.877414,-96.795614,us-census
NOG-HQ,"4350 Baker Road Suite 400, Minnetonka, MN 55343",44.923534,-93.447721,us-census
NOG.L-HQ,"20 Eastbourne Terrace, London, UK W2 6LG",51.516666,-0.179063,openstreetmap
NOMA-HQ,"5015 Highway 59 N, Marshall, TX 75670",32.597928,-94.337560,us-census
NOTE-HQ,"1201 Pennsylvania Avenue Nw, 6Th Floor, Washington, DC 20004",38.895095,-77.028140,us-census
NOV-HQ,"10353 Richmond Ave., Houston, TX 77042",29.727559,-95.555070,us-census
NOW-HQ,"2225 Lawson Lane, Santa Clara, CA 95054",37.375274,-121.962608,us-census
NP-HQ,"400 6Th St S, St. Petersburg, FL 33701",27.767049,-82.641662,us-census
NPCE-HQ,"455 N. Bernardo Avenue, Mountain View, CA 94043",37.389047,-122.050043,us-census
NPKI-HQ,"9320 Lakeside Boulevard Suite 100, The Woodlands, TX 77381",30.170958,-95.477275,us-census
NPL.KA-HQ,"53 - A Lawrence Road, Lahore, PK 53100",31.546991,74.330340,openstreetmap
NPO-HQ,"5605 Carnegie Boulevard Suite 500, Charlotte, NC 28209",35.153682,-80.837611,us-census
NPWR-HQ,"11700 Katy Freeway Suite 700, Houston, TX 77079",29.785283,-95.590799,us-census
NRC-HQ,"1245 Q Street, Lincoln, NE 68508",40.815791,-96.703364,us-census
NRDS-HQ,"19 S. B Street Suite 9, San Mateo, CA 94401",37.567433,-122.324413,us-census
NRDY-HQ,"8001 Forsyth Blvd., Suite 1050, St. Louis, MO 63105",38.650429,-90.339702,us-census
NRG-84604,"4931 N 300 W, Provo, UT 84604",40.299803,-111.662881,us-census
NRG-HQ,"1301 Mckinney Street, Houston, TX 77010",29.755404,-95.362236,us-census
NRGV-HQ,"4165 East Thousand Oaks Blvd. Suite 100, Westlake Villiage, CA 91362",34.159236,-118.818891,us-census
NRL.KA-HQ,"7-B, Korangi Industrial Area, Karachi, PK 74000",24.828582,67.111830,openstreetmap
NROM-HQ,"One Virginia Ave Ste 800, Indianapolis, IN 46204",39.765763,-86.154589,us-census
NRP-HQ,"1415 Louisiana St. Ste 3325, Houston, TX 77002",29.755361,-95.369935,us-census
NRR.L-HQ,"89 Whitfield Street, London, UK W1T 4DE",51.521676,-0.136675,openstreetmap
NRT-HQ,"P O Box 187 5 N. Lincoln Street, Keene, NH 03431",42.936468,-72.267699,us-census
NRXP-HQ,"1201 Orange Street Suite 600, Wilmington, DE 19801",39.747934,-75.547884,us-census
NRXS-HQ,"11611 N. Meridian St Suite 330, Carmel, IN 46032",39.956506,-86.157550,us-census
NSC-HQ,"650 W Peachtree Street Nw, Atlanta, GA 30308",33.772371,-84.387421,us-census
NSP-HQ,"19001 Crescent Springs Dr, Kingwood, TX 77339",30.048445,-95.251328,us-census
NSSC-HQ,"333 Bayview Ave, Amityville, NY 11701",40.681280,-73.409324,us-census
NSYS-HQ,"7550 Meridian Circle N Suite 150, Maple Grove, MN 55369",45.092097,-93.404816,us-census
NTAP-HQ,"3060 Olsen Drive, San Jose, CA 95128",37.319166,-121.947791,us-census
NTCT-HQ,"310 Littleton Road, Westford, MA 01886",42.550152,-71.463715,us-census
NTGR-HQ,"3553 N. First Street, San Jose, CA 95134",37.406495,-121.942923,us-census
NTGY.MC-HQ,"Avenida de América 38, Madrid, ES 28028",40.437989,-3.676282,openstreetmap
NTH.MC-HQ,"Claudio Coello 91 4, Madrid, ES 28006",40.431629,-3.685703,openstreetmap
NTHI-HQ,"23975 Park Sorrento Suite 205, Calabasas, CA 91302",34.152517,-118.648176,us-census
NTIC-HQ,"4201 Woodland Road Po Box 69, Circle Pines, MN 55014",45.138899,-93.163525,us-census
NTIP-HQ,"65 Locust Avenue, New Canaan, CT 06840",41.149748,-73.490968,us-census
NTLA-HQ,"40 Erie Street Suite 130, Cambridge, MA 02139",42.358302,-71.104857,us-census
NTNX-HQ,"1740 Technology Drive Suite 150, San Jose, CA 95110",37.367390,-121.918521,us-census
NTRA-HQ,"13011 Mccallen Pass Building A Suite 100, Austin, TX 78753",30.411749,-97.663691,us-census
NTRB-HQ,"121 S. Orange Ave. Suite 1500, Orlando, FL 32801",28.541114,-81.378911,us-census
NTRS-HQ,"50 S Lasalle St, Chicago, IL 60603",41.881006,-87.632414,us-census
NTSK-HQ,"2445 Augustine Drive 3Rd Floor, Santa Clara, CA 95054",37.382255,-121.971202,us-census
NTST-HQ,"2021 Mckinney Avenue Suite 1150, Dallas, TX 75201",32.790954,-96.803559,us-census
NTWK-HQ,"16000 Ventura Blvd., Suite 770, Encino,, CA 91436",34.156028,-118.481512,us-census
NUAI-HQ,"200 N. Loraine Street Suite 1324, Midland, TX 79701",31.998590,-102.075563,us-census
NUE-HQ,"1915 Rexford Rd, Charlotte, NC 28211",35.158514,-80.834336,us-census
NUTX-HQ,"1776 Yorktown St Suite 700, Houston, TX 77056",29.747450,-95.470904,us-census
NUVB-HQ,"1500 Broadway Suite 1401, New York, NY 10036",40.756615,-73.986057,us-census
NUVR-HQ,"27 North Minnesota St., New Ulm, MN 56073",44.313537,-94.459293,us-census
NUWE-HQ,"12988 Valley View Road, Eden Prairie, MN 55344",44.866804,-93.442148,us-census
NVAX-HQ,"21 Firstfield Rd, Gaithersburg, MD",39.140007,-77.224769,us-census
NVDA-HQ,"2788 San Tomas Expressway, Santa Clara, CA 95051",37.371629,-121.965831,us-census
NVEC-HQ,"11409 Valley View Road, Eden Prairie, MN 55344",44.866776,-93.420550,us-census
NVR-HQ,"11700 Plaza America Dr. Suite 500, Reston, VA 20190",38.953067,-77.349563,us-census
NVRI-HQ,"Two Logan Square 100-120 N. 18Th Street, Suite 1700, Philadelphia, PA 19103",39.955845,-75.169503,us-census
NVST-HQ,"200 S. Kraemer Blvd., Bldg. E, Brea, CA 92821",33.916370,-117.863749,us-census
NVTS-HQ,"3520 Challenger St., Torrance, CA 90503",33.851053,-118.347443,us-census
NWBI-HQ,"100 Liberty Street, Warren, PA 16365",41.844398,-79.147147,us-census
NWE-HQ,"3010 West 69Th Street, Sioux Falls, SD 57108",43.489786,-96.757471,us-census
NWFL-HQ,"717 Main St Po Box 269, Honesdale, PA 18431",41.571584,-75.255203,us-census
NWG.L-HQ,"36 St Andrew Square, Edinburgh, UK EH2 2YB",55.954484,-3.191423,openstreetmap
NWL-HQ,"5 Concourse Parkway Ne 8Th Floor, Atlanta, GA",33.916523,-84.351063,us-census
NWL.MI-HQ,"VIA KENNEDY, 16, Reggio Emilia, IT 42124",44.689617,10.530911,openstreetmap
NWN-HQ,"250 Sw Taylor Street, Portland, OR 97204",45.516737,-122.675803,us-census
NWSA-HQ,"1211 Avenue Of The Americas, New York, NY 10036",40.758425,-73.981585,us-census
NWTG-HQ,"551 Calle San Pablo, Camarillo, CA 93012",34.206309,-119.039165,us-census
NX-HQ,"945 Bunker Hill Rd Suite 900, Houston, TX 77024",29.781823,-95.531791,us-census
NXB-HQ,"1701 Jel Wade Dr, Wilmington, NC 28401",34.254911,-77.946596,us-census
NXDR-HQ,"420 Taylor Street, San Francisco, CA 94012",37.786234,-122.411301,us-census
NXDT-HQ,"300 Crescent Court Suite 700, Dallas, TX 75201",32.794020,-96.803939,us-census
NXFIL.AS-HQ,"Haaksbergerstraat 95, Hengelo, NL 7554 PA",52.245913,6.766605,openstreetmap
NXI.PA-HQ,"67 RUE ARAGO, Saint-Ouen-Sur-Seine, FR 93400",48.902397,2.323634,openstreetmap
NXL-HQ,"1776 Yorktown Suite 550, Houston, TX 77056",29.747450,-95.470904,us-census
NXPL-HQ,"400 Ansin Blvd Suite A, Hallandale Beach, FL 33009",25.988989,-80.164329,us-census
NXRT-HQ,"300 Crescent Court Suite 700, Dallas, TX 75201",32.794020,-96.803939,us-census
NXST-HQ,"545 East John Carpenter Freeway Suite 700, Irving, TX 75062",32.858703,-96.932937,us-census
NXT-HQ,"6200 Paseo Padre Parkway, Fremont, CA 94555",37.559641,-122.064925,us-census
NXTS-HQ,"156 Fifth Avenue 10Th Floor Co Earthbound LLC, New York, NY 10010",40.739855,-73.990901,us-census
NXXT-HQ,"407 Lincoln Rd. #9F, Miami Beach, FL 33139",25.790730,-80.132012,us-census
NYC-HQ,"222 Bellevue Avenue, Newport, RI 02840",41.482085,-71.308408,us-census
NYT-HQ,"620 Eighth Avenue, New York, NY 10018",40.755974,-73.990624,us-census
O-HQ,"11995 El Camino Real, San Diego, CA 92130",32.938232,-117.239748,us-census
OABIW-HQ,"5980 Horton Street Suite 600, Emeryville, CA 94608",37.841425,-122.291421,us-census
OAK-PA-HQ,"333 South Grand Avenue 28Th Floor, Los Angeles, CA 90071",34.052703,-118.251623,us-census
OBAI-HQ,"292 Newbury Street, No. 485, Boston, MA 02115",42.349016,-71.084503,us-census
OBIO-HQ,"150 Union Square Drive, New Hope, PA 18938",40.364818,-74.953970,us-census
OBK-HQ,"500 S Service Road East, Ruston, LA 71270",32.539760,-92.631944,us-census
OBT-HQ,"212 Dolson Avenue, Middletown, NY 10940",41.427129,-74.427275,us-census
OBX-HQ,"1030 Massachusetts Avenue, Cambridge, MA 02138",42.369701,-71.112397,us-census
OC-HQ,"One Owens Corning Parkway, Toledo, OH 43659",41.647611,-83.535064,us-census
OCC-HQ,"5290 Concourse Dr, Roanoke, VA 24019",37.334771,-79.991885,us-census
OCFC-HQ,"975 Hooper Ave, Toms River, NJ 08753",39.965860,-74.185420,us-census
OCGN-HQ,"11 Great Valley Parkway, Malvern, PA 19355",40.063689,-75.535794,us-census
OCLN-HQ,"600 Cleveland St Suite 307, Clearwater, FL 33755",27.965687,-82.798620,us-census
OCUL-HQ,"14 Crosby Drive, 3Rd Floor, Bedford, MA 01730",42.505938,-71.242560,us-census
ODC-HQ,"410 North Michigan Avenue Suite 400, Chicago, IL 60611",41.889729,-87.624408,us-census
ODFL-HQ,"500 Old Dominion Way, Thomasville, NC 27360",35.909646,-80.058319,us-census
ODTX-HQ,"51 Sleeper Street, Boston, MA 02210",42.352472,-71.048819,us-census
ODYS-HQ,"14201 N. Hayden Road, Suite A-1, Scottsdale, AZ 85260",33.613962,-111.908367,us-census
OESX-HQ,"2210 Woodland Drive, Manitowoc, WI 54220",44.127838,-87.620528,us-census
OFG-HQ,"254 Mu?Oz Rivera Avenue, San Juan, PR 00918",18.465544,-66.097025,us-census
OFIX-HQ,"3451 Plano Parkway, Lewisville, TX 75056",33.068610,-96.864535,us-census
OFLX-HQ,"451 Creamery Way, Exton, PA 19341",40.018740,-75.656418,us-census
OFRM-HQ,"2111 San Pablo Avenue, Suite 2216, Berkeley, CA 94702",37.867732,-122.291578,us-census
OGN-HQ,"30 Hudson Street Fl 33, Jersey City, NJ 07302",40.712772,-74.034695,us-census
OHI-HQ,"303 International Circle, Suite 200, Hunt Valley, MD 21030",39.498941,-76.665434,us-census
OHLA.MC-HQ,"PASEO DE LA CASTELLANA 259 D, Madrid, ES 28046",40.479104,-3.686821,openstreetmap
OII-HQ,"5875 North Sam Houston Parkway West Suite 400, Houston, TX 77086",29.936470,-95.511817,us-census
OIS-HQ,"Three Allen Center 333 Clay Street, Suite 4620, Houston, TX 77002",29.757586,-95.372617,us-census
OKE-HQ,"100 West 5Th St, Tulsa, OK 74103",36.150920,-95.991360,us-census
OKLO-HQ,"3190 Coronado Dr., Santa Clara, CA 95054",37.378423,-121.974560,us-census
OKTA-HQ,"100 First Street Suite 600, San Francisco, CA 94105",37.789681,-122.397575,us-census
OKUR-HQ,"6707 Winchester Circle, Suite 400, Boulder, CO 80301",40.077909,-105.191366,us-census
OLB-HQ,"1120 Avenue Of The Americas 4Th Floor, New York, NY 10036",40.756063,-73.983138,us-census
OLE.MC-HQ,"Calle Marie Curie 7, Rivas-Vaciamadrid, ES 28521",40.338048,-3.525173,openstreetmap
OLED-HQ,"250 Phillips Boulevard, Ewing, NJ 08618",40.279569,-74.792238,us-census
OLI.MI-HQ,"VIA GIULIO VINCENZO BONA, 120, Roma, IT 00156",41.928208,12.600879,openstreetmap
OLLI-HQ,"6295 Allentown Boulevard, Suite 1, Harrisburg, PA 17112",40.324367,-76.781591,us-census
OLN-HQ,"Olin Corporation 190 Carondelet Plaza Suite 1530, Clayton, MO 63105",38.649326,-90.330092,us-census
OLOX-HQ,"1207 N Fm 3083 Rd E Bldg C, Conroe, TX 77304",30.347320,-95.434851,us-census
OM-HQ,"3052 Orchard Drive, San Jose, CA 95134",37.395173,-121.937654,us-census
OMC-HQ,"280 Park Avenue, New York, NY 10017",40.756002,-73.974926,us-census
OMCC-HQ,"1601 Dodge St. Suite 3350, Omaha, NE 68102",41.259653,-95.937229,us-census
OMDA-HQ,"611 Gateway Blvd. Suite 120, South San Francisco, CA 94080",37.656877,-122.400863,us-census
OMER-HQ,"201 Elliott Avenue West, Seattle, WA 98119",47.620189,-122.360551,us-census
OMEX-HQ,"205 S. Hoover Blvd. Suite 210, Tampa, FL 33609",27.941395,-82.534621,us-census
OMF-HQ,"601 N.W. Second Street, Evansville, IN 47708",37.975184,-87.578061,us-census
OMQS-HQ,"696 W Confluence Ave, Murray, UT 84123",40.678602,-111.909589,us-census
ON-HQ,"5701 North Pima Road, Scottsdale, AZ 85250",33.523183,-111.891461,us-census
ONB-HQ,"1 Main St, Evansville, IN 47708",37.969338,-87.575335,us-census
ONCO-HQ,"201 E. Fifth Street Suite 1900, Cincinnati, OH 45202",39.101562,-84.509650,us-census
ONDS-HQ,"222 Lakeview Avenue Suite 800, West Palm Beach, FL 33401",26.706135,-80.050936,us-census
ONEW-HQ,"6275 Lanier Islands Parkway, Buford, GA 30518",34.158669,-83.993144,us-census
ONFO-HQ,"1007 North Orange Street 4Th Floor, Wilmington, DE 19801",39.746206,-75.549073,us-census
ONIT-HQ,"1661 Worthington Road Suite 100, West Palm Beach, FL 33409",26.696072,-80.076045,us-census
ONL-HQ,"3200 E. Camelback Road, Suite 100, Phoenix, AZ 85018",33.510022,-112.012957,us-census
ONT-HQ,"4 Park Plaza, Suite 790, Irvine, CA 92614",33.678571,-117.838565,us-census
ONTO-HQ,"16 Jonspin Road, Wilmington, MA 01887",42.595946,-71.150146,us-census
ONWD.AS-HQ,"Schimmelt 2, Eindhoven, NL 5611ZX",51.442691,5.475631,openstreetmap
OOMA-HQ,"525 Almanor Avenue Suite 200, Sunnyvale, CA 94085",37.396289,-122.028773,us-census
OPAD-HQ,"433 S Farmer Ave Suite 500, Tempe, AZ 85281",33.426122,-111.944215,us-census
OPAL-HQ,"200 Clarendon Street, 55Th Floor, Boston, MA 02116",42.349893,-71.074891,us-census
OPCH-HQ,"3000 Lakeside Dr Suite 300N, Bannockburn, IL 60015",42.200257,-87.884635,us-census
OPEN-HQ,"410 N. Scottsdale Road, Suite 1000, Tempe, AZ 85288",33.433807,-111.926327,us-census
OPFI-HQ,"130 E. Randolph Street Suite 3400, Chicago, IL 60601",41.884528,-87.623846,us-census
OPHC-HQ,"2929 East Commercial Boulevard, Fort Lauderdale, FL 33308",26.189916,-80.107554,us-census
OPI-HQ,"C/O The Rmr Group Two Newton Pl., 255 Wash. St., Ste. 300, Newton, MA 02458",42.357214,-71.185744,us-census
OPK-HQ,"4400 Biscayne Blvd., Miami, FL 33137",25.816365,-80.188517,us-census
OPLN-HQ,"11299 N. Illinois Street, Carmel, IN 46032",39.956083,-86.162325,us-census
OPRT-HQ,"1825 South Grant Street, Suite 850, San Mateo, CA 94402",37.554984,-122.302085,us-census
OPRX-HQ,"260 Charles Street Suite 302, Waltham, MA 02453",42.372923,-71.247853,us-census
OPTT-HQ,"28 Engelhard Drive Suite B, Monroe Township, NJ 08831",40.323140,-74.465130,us-census
OPTX-HQ,"1111 Lincoln Road Suite 500, Miami Beach, FL 33139",25.790528,-80.140166,us-census
OPXS-HQ,"1420 Presidential Drive, Richardson, TX 75081",32.965021,-96.703000,us-census
OPY-HQ,"85 Broad Street 22Nd Floor, New York, NY 10004",40.704189,-74.011496,us-census
OR.PA-HQ,"14 RUE ROYALE, Paris, FR 75008",48.868147,2.323297,openstreetmap
ORA-HQ,"6884 Sierra Center Parkway, Reno, NV 89511",39.464568,-119.777878,us-census
ORA.PA-HQ,"111 QUAI DU PRESIDENT ROOSEVELT, Issy-Les-Moulineaux, FR 92130",48.830846,2.261779,openstreetmap
ORBS-HQ,"101 Larry Holmes Dr. Suite 313, Easton, PA 18042",40.690566,-75.205267,us-census
ORGO-HQ,"85 Dan Road, Canton, MA 02021",42.157525,-71.116664,us-census
ORI-HQ,"307 N Michigan Ave, Chicago, IL 60601",41.887497,-87.624475,us-census
ORKA-HQ,"855 Oak Grove Ave. Suite 100, Menlo Park, CA 94025",37.451106,-122.186945,us-census
ORLY-HQ,"233 S Patterson Ave, Springfield, MO 65802",37.207925,-93.248222,us-census
ORMP-HQ,"1185 Avenue Of The Americas, 3Rd Floor, New York, NY 10036",40.757580,-73.982201,us-census
ORNT.L-HQ,"Eastcastle House, 27/28 Eastcastle Street, London, UK W1W 8DH",51.516717,-0.138486,openstreetmap
ORRF-HQ,"4750 Lindle Rd, Harrisburg, PA 17111",40.243138,-76.801744,us-census
ORS.MI-HQ,"VIA VEZZA D'OGLIO, 7, Milano, IT 20139",45.441445,9.204304,openstreetmap
OSBC-HQ,"37 S River St, Aurora, IL 60507",41.758138,-88.318076,us-census
OSCR-HQ,"75 Varick Street 5Th Floor, New York, NY 10013",40.723184,-74.006298,us-census
OSE.PA-HQ,"22 BOULEVARD BENONI GOULLIN, Nantes, FR 44200",47.201721,-1.552588,openstreetmap
OSG-HQ,"40 Wall Street 55Th Floor, New York, NY 10005",40.706610,-74.009751,us-census
OSIS-HQ,"12525 Chadron Ave, Hawthorne, CA 90250",33.918853,-118.329544,us-census
OSPN-HQ,"1 Marina Park Drive Unit 1410, Boston, MA 02210",42.352738,-71.045325,us-census
OSRH-HQ,"10900 Ne 4Th Street, Suite 2300, Bellevue, WA 98004",47.613803,-122.194886,us-census
OSS-HQ,"2235 Enterprise St Ste 110, Escondido, CA 92029",33.112514,-117.116295,us-census
OTB.L-HQ,"5 Adair Street, Manchester, UK M1 2NQ",53.478400,-2.223232,openstreetmap
OTIS-HQ,"One Carrier Place, Farmington, CT 06032",41.715283,-72.801603,us-census
OTLK-HQ,"111 S. Wood Avenue Unit #100, Iselin, NJ 08830",40.565580,-74.330507,us-census
OTTR-HQ,"215 S Cascade St Po Box 496, Fergus Falls, MN 56538",46.282455,-96.072329,us-census
OUST-HQ,"350 Treat Avenue, San Francisco, CA 94110",37.764507,-122.413483,us-census
OUT-HQ,"90 Park Avenue 9Th Floor, New York, NY 10016",40.750401,-73.979013,us-census
OVBC-HQ,"420 Third Ave, Gallipolis, OH 45631",38.809138,-82.205825,us-census
OVH.PA-HQ,"2 RUE KELLERMANN, Roubaix, FR 59100",50.691161,3.200381,openstreetmap
OVID-HQ,"441 Ninth Avenue, 14Th Floor, New York, NY 10001",40.753465,-73.996332,us-census
OVLY-HQ,"125 N. Third Ave., Oakdale, CA 95361",37.766627,-120.848013,us-census
OVS.MI-HQ,"VIA TERRAGLIO, 17, Venezia, IT 30174",45.512628,12.233687,openstreetmap
OVV-HQ,"Suite 1700 370 - 17 Street, Denver, CO",39.743830,-104.988111,us-census
OWL-HQ,"399 Park Avenue, 37Th Floor, New York, NY 10022",40.759548,-73.972165,us-census
OXM-HQ,"999 Peachtree Street Ne Suite 1225, Atlanta, GA",33.781639,-84.383946,us-census
OXY-HQ,"5 Greenway Plaza Suite 110, Houston, TX 77046",29.732473,-95.431402,us-census
OZ-HQ,"255 Glenville Road, Greenwich, CT 06831",41.037970,-73.663904,us-census
P-HQ,"2555 Augustine Drive, Santa Clara, CA 95054",37.382384,-121.972786,us-census
PAA-HQ,"333 Clay Street Suite 1600, Houston, TX 77002",29.757586,-95.372617,us-census
PACB-HQ,"1305 O'brien Drive, Menlo Park, CA 94025",37.476397,-122.145811,us-census
PACK-HQ,"7990 Auburn Road, Concord Township, OH 44077",41.653325,-81.243611,us-census
PACS-HQ,"90 S. 400 W. Suite 700, Salt Lake City, UT 84101",40.767397,-111.902608,us-census
PAG-HQ,"2555 Telegraph Rd, Bloomfield Hills, MI 48302",42.602501,-83.288736,us-census
PAG.L-HQ,"51 Homer Road, Solihull, UK B91 3QJ",52.411262,-1.781106,openstreetmap
PAGP-HQ,"333 Clay St Suite 1600, Houston, TX 77002",29.757586,-95.372617,us-census
PAHC-HQ,"Glenpointe Centre East, 3Rd Floor 300 Frank W. Burr Blvd., Suite 21, Teaneck, NJ 07666",40.873513,-74.006785,us-census
PAL-HQ,"10057 103Rd Street, Jacksonville, FL 32210",30.247482,-81.826929,us-census
PALI-HQ,"7750 El Camino Real, Suite 5200, Carlsbad, CA 92009",33.103014,-117.266549,us-census
PAMT-HQ,"297 West Henri De Tonti Blvd, Tontitown, AR 72770",36.176442,-94.238067,us-census
PANL-HQ,"109 Long Wharf, Newport, RI 02840",41.489570,-71.318589,us-census
PANW-HQ,"3000 Tannery Way, Santa Clara, CA 95054",37.384204,-121.979554,us-census
PAR-HQ,"Par Technology Park 8383 Seneca Turnpike, New Hartford, NY 13413",43.083105,-75.329193,us-census
PARA-HQ,"435 Ericksen Ave Ne Suite 250, Bainbridge Island, WA 98110",47.627896,-122.517092,us-census
PARK-HQ,"2200 County Road C West Suite 2210, Roseville, MN 55113",45.020491,-93.192873,us-census
PARP.PA-HQ,"10 AVENUE DE LA GRANDE ARMEE, Paris, FR 75017",48.874901,2.292604,openstreetmap
PATK-HQ,"107 West Franklin Street, Elkhart, IN 46516",41.684101,-85.972022,us-census
PAVM-HQ,"360 Madison Avenue 25Th Floor, New York, NY 10017",40.754969,-73.977785,us-census
PAY-HQ,"15601 Dallas Parkway Suite 600, Addison, TX 75001",32.961735,-96.821757,us-census
PAYC-HQ,"7501 W. Memorial Road, Oklahoma City, OK 73142",35.610456,-97.645774,us-census
PAYD-HQ,"200 Friberg Parkway Suite 4004, Westborough, MA 01581",42.287577,-71.581910,us-census
PAYO-HQ,"195 Broadway, 27Th Floor, New York, NY 10007",40.710491,-74.009496,us-census
PAYS-HQ,"2615 St. Rose Parkway, Henderson, NV 89052",36.015246,-115.102483,us-census
PAYX-HQ,"911 Panorama Trail S, Rochester, NY 14625",43.125930,-77.491899,us-census
PB-HQ,"4295 San Felipe N/A, Houston, TX 77027",29.746603,-95.450793,us-census
PBAM-HQ,"9404 Genesee Avenue, Suite 100, La Jolla, CA 92037",32.876390,-117.214105,us-census
PBEE.L-HQ,"209 Blackfriars Road, London, UK SE1 8NL",51.504956,-0.104190,openstreetmap
PBFS-HQ,"652 Albany-Shaker Road, Albany, NY 12211",42.726152,-73.793567,us-census
PBH-HQ,"660 White Plains Rd., Tarrytown, NY 10591",41.061559,-73.835633,us-census
PBHC-HQ,"214 West First Street, Oswego, NY 13126",43.456059,-76.511054,us-census
PBI-HQ,"Pitney Bowes Inc 27 Waterview Drive, Shelton, CT 06484",41.296215,-73.086240,us-census
PBLS-HQ,"30 Acorn Park Drive 6Th Floor, Cambridge, MA 02140",42.399021,-71.153605,us-census
PBYI-HQ,"10880 Wilshire Blvd. Suite 1700, Los Angeles, CA",34.059046,-118.442634,us-census
PCAR-HQ,"Paccar Building 777 106Th Avenue Ne, Bellevue, WA 98004",47.617169,-122.199075,us-census
PCB-HQ,"3701 Wilshire Blvd Suite 900, Los Angeles, CA 90010",34.061767,-118.306660,us-census
PCOR-HQ,"6309 Carpinteria Ave., Carpinteria, CA 93013",34.384910,-119.488521,us-census
PCSV-HQ,"941 S. Industry Way, Meridian, ID 83642",43.596048,-116.387181,us-census
PCT-HQ,"20 North Orange Ave Suite 106, Orlando, FL 32801",28.542562,-81.379103,us-census
PCTY-HQ,"1400 American Lane, Schaumburg, IL 60173",42.047488,-88.043980,us-census
PCYO-HQ,"34501 E. Quincy Ave Bldg. 34, Watkins, CO 80137",39.638055,-104.583798,us-census
PD-HQ,"600 Townsend Street #200, San Francisco, CA 94103",37.771816,-122.401759,us-census
PDEX-HQ,"2361 Mcgaw Avenue, Irvine, CA 92614",33.689705,-117.840491,us-census
PDFS-HQ,"2858 De La Cruz Boulevard, Santa Clara, CA 95050",37.369696,-121.941337,us-census
PDLB-HQ,"2244 Westchester Ave, Bronx, NY 10462",40.834286,-73.850230,us-census
PDM-HQ,"5565 Glenridge Connector Ste 450, Atlanta, GA 30342",33.902717,-84.357581,us-census
PDYN-HQ,"650 South 500 West, Salt Lake City, UT 84101",40.756239,-111.905461,us-census
PEB-HQ,"4747 Bethesda Avenue Suite 1100, Bethesda, MD 20814",38.981051,-77.094470,us-census
PEBK-HQ,"518 West C Street Po Box 467, Newton, NC 28658",35.660842,-81.228386,us-census
PEBO-HQ,"138 Putnam St P O Box 738, Marietta, OH 45750",39.414975,-81.455193,us-census
PECO-HQ,"11501 Northlake Drive, Cincinnati, OH 45249",39.276247,-84.347362,us-census
PEGA-HQ,"225 Wyman Street Ste 300, Waltham, MA 02451",42.403384,-71.258461,us-census
PENG-HQ,"45800 Northport Loop West, Fremont, CA 94538",37.490741,-121.955993,us-census
PENN-HQ,"825 Berkshire Blvd Ste 200 Wyomissing Professional Center, Wyomissing, PA 19610",40.349926,-75.968851,us-census
PEP-HQ,"700 Anderson Hill Rd, Purchase, NY 10577",41.038503,-73.698248,us-census
PESI-HQ,"8302 Dunwoody Place Suite 250, Atlanta, GA 30350",33.984409,-84.341551,us-census
PETS-HQ,"420 South Congress Avenue, Delray Beach, FL 33445",26.452729,-80.093323,us-census
PEVM-HQ,"401 South Doubleday Avenue, Ontario, CA 91761",34.059867,-117.565378,us-census
PEW-HQ,"200 East Beltline Road Suite 403, Coppell, TX 75019",32.947752,-96.990706,us-census
PFE-HQ,"66 Hudson Boulevard East, New York, NY 10001",40.718403,-74.008785,us-census
PFG-HQ,"711 High Street, Des Moines, IA 50392",41.588199,-93.626981,us-census
PFGC-HQ,"12500 West Creek Parkway, Richmond, VA 23238",37.602738,-77.643430,us-census
PFHO-HQ,"19800 Macarthur Boulevard Suites 306 & 307, Irvine, CA 92612",33.656344,-117.862324,us-census
PFIS-HQ,"30 E D Preate Drive, Moosic, PA 18507",41.369930,-75.678829,us-census
PFS-HQ,"830 Bergen Avenue, Jersey City, NJ 07306",40.727757,-74.066958,us-census
PFSA-HQ,"207 West 25Th St, 9Th Floor, New York, NY 10001",40.745534,-73.994904,us-census
PFSB-HQ,"1730 Fourth Street, Peru, IL 61354",41.327564,-89.128272,us-census
PFSI-HQ,"3043 Townsgate Road, Westlake Village, CA 91361",34.151007,-118.820535,us-census
PG-HQ,"One Procter & Gamble Plaza, Cincinnati, OH 45202",39.103109,-84.506634,us-census
PGC-HQ,"500 Hills Drive, Bedminster, NJ 07921",40.652175,-74.640968,us-census
PGNY-HQ,"1359 Broadway 2Nd Floor, New York, NY 10018",40.751881,-73.987625,us-census
PGR-HQ,"300 North Commons Blvd., Mayfield Village, OH 44143",41.566356,-81.442280,us-census
PGY-HQ,"335 Madison Avenue 16Th Floor, New York, NY 10017",40.753673,-73.978555,us-census
PH-HQ,"6035 Parkland Boulevard, Cleveland, OH 44124",41.505959,-81.459746,us-census
PHAR.L-HQ,"48 Dover Street, London, UK W1S 4FF",51.507810,-0.141892,openstreetmap
PHARM.AS-HQ,"Darwinweg 24, Leiden, NL 2333CR",52.165853,4.473134,openstreetmap
PHAT-HQ,"100 Campus Drive, Suite 102, Florham Park, NJ 07932",40.783300,-74.430251,us-census
PHGE-HQ,"850 New Burton Road Suite 201, Dover, DE 19904",39.148124,-75.530762,us-census
PHIA.AS-HQ,"High Tech Campus 34, Eindhoven, NL 5656AE",51.411670,5.458536,openstreetmap
PHIN-HQ,"3000 University Drive, Auburn Hills, MI 48326",42.669499,-83.233190,us-census
PHM-HQ,"3350 Peachtree Road Northeast Suite 1500, Atlanta, GA 30326",33.849040,-84.365617,us-census
PHM.MC-HQ,"Avenida de los Reyes 1 Polígono Industrial La Mina, Colmenar Viejo, ES 28770",40.657257,-3.753946,openstreetmap
PHN.MI-HQ,"VIA CAMPODAVELA, 1, Pisa, IT 56122",43.731849,10.373900,openstreetmap
PHR-HQ,"1521 Concord Pike Suite 301 Pmb 221, Wilmington, DE 19803",39.778328,-75.544785,us-census
PHUN-HQ,"1002 West Avenue, Austin, TX 78701",30.274050,-97.749253,us-census
PHXE-P-HQ,"4643 S. Ulster Street, Suite 1510, Denver, CO 80237",39.630867,-104.896524,us-census
PI-HQ,"400 Fairview Avenue North Suite 1200, Seattle, WA 98109",47.622085,-122.334241,us-census
PIA.MI-HQ,"VIALE RINALDO PIAGGIO, 25, Pontedera, IT 56025",43.661587,10.628063,openstreetmap
PIII-HQ,"2045 W Grand Ave Ste B Pmb # 82152, Chicago, IL 60612",41.890746,-87.678115,us-census
PINE-HQ,"369 N. New York Ave. Suite 201, Winter Park, FL 32789",28.600161,-81.352870,us-census
PINF.MI-HQ,"VIA RAIMONDO MONTECUCCOLI, 9, Torino, IT 10121",45.070244,7.670805,openstreetmap
PINS-HQ,"651 Brannan Street, San Francisco, CA 94107",37.775687,-122.399767,us-census
PIOC.KA-HQ,"64 - B/ 1, Gulberg 3, Lahore, PK 53100",31.485756,74.341636,openstreetmap
PIPR-HQ,"350 North 5Th Street, Suite 1000, Minneapolis, MN 55401",44.982626,-93.276676,us-census
PIRC.MI-HQ,"VIALE PIERO E ALBERTO PIRELLI, 25, Milano, IT 20126",45.512320,9.209491,openstreetmap
PJT-HQ,"280 Park Avenue 16Th Floor, New York, NY 10017",40.756002,-73.974926,us-census
PK-HQ,"1775 Tysons Blvd 7Th Floor, Tysons, VA 22102",38.922685,-77.221859,us-census
PKBK-HQ,"601 Delsea Drive, Washington Township, NJ 08080",39.747910,-75.113193,us-census
PKG-HQ,"1 North Field Ct, Lake Forest, IL 60045",42.243211,-87.897485,us-census
PKGP.KA-HQ,"53-A, Lawrence Road, Lahore, PK 53100",31.546991,74.330340,openstreetmap
PKOH-HQ,"6065 Parkland Blvd., Cleveland, OH 44124",41.506559,-81.458588,us-census
PL-HQ,"645 Harrison Street Floor 4, San Francisco, CA 94107",37.783444,-122.396158,us-census
PLAB-HQ,"15 Secor Road Po Box 5226, Brookfield, CT 06804",41.426876,-73.379114,us-census
PLAY-HQ,"2481 Manana Drive, Dallas, TX 75220",32.873923,-96.894095,us-census
PLBC-HQ,"5525 Kietzke Lane, Ste. 100, Reno, NV 89511",39.464083,-119.789247,us-census
PLBY-HQ,"10960 Wilshire Blvd Suite 2200, Los Angeles, CA 90024",34.058084,-118.446207,us-census
PLC.MI-HQ,"VIA DELLE INDUSTRIE, 100, Acerra, IT 80011",40.983708,14.378871,openstreetmap
PLCE-HQ,"500 Plaza Drive, Secaucus, NJ 07094",40.787522,-74.043105,us-census
PLD-HQ,"Pier 1 Bay 1, San Francisco, CA 94111",37.806510,-122.405841,us-census
PLMR-HQ,"7979 Ivanhoe Avenue Suite 500, La Jolla, CA 92037",32.848700,-117.272478,us-census
PLNH-HQ,"2548 West Desert Inn Road, Las Vegas, NV 89109",36.129740,-115.175986,us-census
PLNT-HQ,"4 Liberty Lane West, Hampton, NH 03842",42.952013,-70.859275,us-census
PLNW.PA-HQ,"200 AVENUE DE PARIS, Chatillon, FR 92320",48.810841,2.300213,openstreetmap
PLOW-HQ,"11270 W. Park Place Suite 300, Milwaukee, WI 53224",43.150798,-88.053157,us-census
PLRX-HQ,"331 Oyster Point Boulevard, South San Francisco, CA 94080",37.662544,-122.389941,us-census
PLSE-HQ,"3957 Point Eden Way, Hayward, CA 94545",37.625719,-122.124653,us-census
PLTR-HQ,"19505 Biscayne Boulevard Suite 2350, Aventura, FL 33180",25.957041,-80.146841,us-census
PLUG-HQ,"125 Vista Boulevard, Slingerlands, NY 12159",42.640479,-73.860436,us-census
PLUS-HQ,"13595 Dulles Technology Drive, Herndon, VA 20171",38.953596,-77.416113,us-census
PLX-HQ,"2 University Plaza Suite 100, Hackensack, NJ 07601",40.895913,-74.039707,us-census
PM-HQ,"677 Washington Blvd, Ste. 1100, Stamford, CT 06901",41.049176,-73.542863,us-census
PMCB-HQ,"3960 Howard Hughes Parkway Suite 500, Las Vegas, NV 89169",36.117150,-115.157439,us-census
PMI-HQ,"1992 E. Silverlake Rd., Tucson, AZ 85713",32.201518,-110.943208,us-census
PMNT-HQ,"244 Fifth Avenue Suite 1219, New York, NY 10001",40.744587,-73.987454,us-census
PMT-HQ,"3043 Townsgate Road, Westlake Village, CA 91361",34.151007,-118.820535,us-census
PMTS-HQ,"10368 West Centennial Rd, Littleton, CO 80127",39.567420,-105.115028,us-census
PNBK-HQ,"900 Bedford St, Stamford, CT 06901",41.061089,-73.537687,us-census
PNC-HQ,"The Tower At Pnc Plaza 300 Fifth Avenue, Pittsburgh, PA 15222",40.440660,-80.000354,us-census
PNL.AS-HQ,"Waldorpstraat 3, 's-Gravenhage, NL 2521CA",52.067094,4.318639,openstreetmap
PNRG-HQ,"9821 Katy Freeway Suite 1050, Houston, TX 77024",29.783792,-95.536234,us-census
PNTG-HQ,"1675 E. Riverside Drive, Eagle, ID 83616",43.687564,-116.334314,us-census
PNW-HQ,"400 North Fifth Street Ms 8695, Phoenix, AZ 85004",33.452424,-112.067544,us-census
POCI-HQ,"550 King Street, Bldg. A, Ste. 100, Littleton, MA 01460",42.547877,-71.470261,us-census
PODC-HQ,"345 North Maple Drive Suite 295, Beverly Hills, CA 90210",34.073905,-118.393567,us-census
PODD-HQ,"100 Nagog Park, Acton, MA 01720",42.490262,-71.433128,us-census
POLA-HQ,"249 E. Gardena Boulevard, Gardena, CA 90248",33.882205,-118.272103,us-census
POLN.L-HQ,"11-12 Hanover Square, London, UK W1S 1JJ",51.514223,-0.143454,openstreetmap
POMRY.PA-HQ,"5 PLACE DU GENERAL GOURAUD, Reims, FR 51100",49.244079,4.050067,openstreetmap
POOL-HQ,"109 Northpark Blvd 4Th Floor, Covington, LA 70433",30.442510,-90.085670,us-census
POR-HQ,"121 Sw Salmon St 1Wtc0501, Portland, OR 97204",45.515849,-122.674882,us-census
PORF.AS-HQ,"Rotterdamseweg 196, Delft, NL 2628AR",52.001492,4.366873,openstreetmap
POST-HQ,"2503 S. Hanley Road, St. Louis, MO 63144",38.616660,-90.334523,us-census
POWI-HQ,"5245 Hellyer Ave, San Jose, CA 95138",37.272508,-121.794134,us-census
POWL-HQ,"8550 Mosley Dr Post Office Box 12818, Houston, TX 77075",29.645677,-95.253673,us-census
PPC-HQ,"1770 Promontory Circle, Greeley, CO 80634",40.412019,-104.857460,us-census
PPHC-HQ,"800 North Capitol St Nw Ste 800, Washington, DC 20002",38.900265,-77.009137,us-census
PPIH-HQ,"25025 I-45 Suite 200, The Woodlands, TX 77380",30.125103,-95.443410,us-census
PPL-HQ,"Two N Ninth St, Allentown, PA 18101",40.601232,-75.475579,us-census
PPLI-HQ,"555 West 18Th Street, New York, NY 10011",40.745097,-74.007298,us-census
PPP.L-HQ,"6 Heddon Street, London, UK W1B 4BT",51.510863,-0.139404,openstreetmap
PPSI-HQ,"400 Kelby Street, 12Th Floor, Fort Lee, NJ 07024",40.856799,-73.974019,us-census
PR-HQ,"300 N. Marienfeld St. Suite 1000, Midland, TX 79701",31.999562,-102.079279,us-census
PRAA-HQ,"120 Corporate Blvd Ste 100, Norfolk, VA 23502",36.841553,-76.214608,us-census
PRAX-HQ,"99 High Street, 30Th Floor, Boston, MA 02110",42.354568,-71.054595,us-census
PRCH-HQ,"411 1St Avenue S., Suite 501, Seattle, WA 98104",47.599065,-122.334276,us-census
PRCT-HQ,"150 Baytech Drive, San Jose, CA 95134",37.421652,-121.954810,us-census
PRDO-HQ,"1750 E. Golf Road, Schaumburg, IL 60173",42.050782,-88.035602,us-census
PREM-HQ,"2006 Palomar Airport Road Suite 210, Carlsbad, CA 92011",33.122325,-117.279090,us-census
PRG-HQ,"256 W. Data Drive, Draper, UT 84020",40.508195,-111.899577,us-census
PRGS-HQ,"15 Wayside Road, Suite 400, Burlington, MA 01803",42.485249,-71.191962,us-census
PRHI-HQ,"3001 West Big Beaver Road Suite 319, Troy, MI 48084",42.561005,-83.187071,us-census
PRIM-HQ,"2300 N. Field Street, Suite 1900, Dallas, TX 75201",32.789187,-96.806970,us-census
PRK-HQ,"50 North Third St, Newark, OH 43055",40.059192,-82.403141,us-census
PRKA-HQ,"1300 Oak Grove Rd, Pine Mountain, GA 31822",32.904746,-84.923488,us-census
PRKS-HQ,"6240 Sea Harbor Drive, Orlando, FL 32821",28.415558,-81.460327,us-census
PRL.KA-HQ,"Korangi Creek Road, Karachi, PK 74000",24.826630,67.086409,openstreetmap
PRLB-HQ,"5540 Pioneer Creek, Maple Plain, MN 55359",45.012544,-93.664624,us-census
PRM-HQ,"8000 Maryland Ave., Suite 350, Clayton, MO 63105",38.651756,-90.339523,us-census
PRME-HQ,"60 First St., Cambridge, MA 02141",42.369217,-71.077170,us-census
PRO.MI-HQ,"VIA CERVA, 28, Milano, IT 20122",45.465075,9.199390,openstreetmap
PROK-HQ,"2000 Frontis Plaza Blvd. Suite 250, Winston-Salem, NC 27103",36.062378,-80.305052,us-census
PROP-HQ,"55 Waugh Drive Suite 400, Houston, TX 77007",29.767562,-95.398052,us-census
PROV-HQ,"3756 Central Ave, Riverside, CA 92506",33.953478,-117.395362,us-census
PRPL-HQ,"4100 N. Chapel Ridge Rd Suite 200, Lehi, UT 84043",40.440253,-111.892698,us-census
PRS.MC-HQ,"Miguel Yuste 40, Madrid, ES 28037",40.437576,-3.624143,openstreetmap
PRSI-HQ,"11620 Wilshire Boulevard Suite 350, Los Angeles, CA 90025",34.050476,-118.459500,us-census
PRSO-HQ,"2033 Gateway Place, Suite 500, San Jose, CA 95110",37.370658,-121.922806,us-census
PRSU-HQ,"1401 17Th Street Suite 1400, Denver, CO 80202",39.750906,-104.997073,us-census
PRT.MI-HQ,"VIA ENERGY PARK, 20, Vimercate, IT 20871",45.598303,9.356615,openstreetmap
PRTS-HQ,"4910 Airport Plaza Drive, Suite 300, Long Beach, CA 90815",33.809280,-118.136860,us-census
PRU-HQ,"751 Broad St, Newark, NJ 07102",40.736769,-74.171539,us-census
PRVA-HQ,"950 N. Glebe Rd., Suite 700, Arlington, VA 22203",38.881291,-77.115724,us-census
PRXA-HQ,"1140 Reservoir Avenue, Cranston, RI 02920",41.770640,-71.453758,us-census
PRY.MI-HQ,"VIA CHIESE 6, Milano, IT 20126",45.521558,9.218182,openstreetmap
PS-HQ,"787 Eleventh Avenue 9Th Floor, New York, NY 10019",40.768459,-73.992835,us-census
PSA-HQ,"2811 Internet Boulevard, Frisco, TX 75034",33.100733,-96.829031,us-census
PSG.MC-HQ,"HERBERTO GUT 12, Madrid, ES 28007",40.404447,-3.669711,openstreetmap
PSIX-HQ,"201 Mittel Drive, Wood Dale, IL 60191",41.976299,-87.984474,us-census
PSKY-HQ,"1515 Broadway, New York, NY 10036",40.757017,-73.986021,us-census
PSMT-HQ,"9797 Aero Drive, San Diego, CA 92123",32.809059,-117.117950,us-census
PSN-HQ,"5875 Trinity Pkwy #300, Centreville, VA 20120",38.842811,-77.437724,us-census
PSNL-HQ,"6600 Dumbarton Circle, Fremont, CA 94555",37.549637,-122.059174,us-census
PSON.L-HQ,"80 Strand, London, UK WC2R 0RL",51.510111,-0.121832,openstreetmap
PSQH-HQ,"515 W. Aspen Street Suite 200C, Bozeman, MT 59715",45.687589,-111.044198,us-census
PSTL-HQ,"75 Columbia Ave, Cedarhurst, NY 11516",40.619702,-73.725156,us-census
PSX-HQ,"2331 Citywest Blvd., Houston, TX 77042",29.740602,-95.562044,us-census
PTC-HQ,"121 Seaport Boulevard, Boston, MA 02210",42.350204,-71.042362,us-census
PTGX-HQ,"7707 Gateway Blvd., Suite 140, Newark, CA 94560",37.539947,-122.062058,us-census
PTHS-HQ,"4020 Stirrup Creek Drive Suite 110, Durham, NC 27703",35.917207,-78.843182,us-census
PTLO-HQ,"C/O The Portillo Restaurant Group 2001 Spring Road, Suite 400, Oak Brook, IL 60523",41.851458,-87.948190,us-census
PTN-HQ,"4B Cedar Brook Drive, Cranbury, NJ 08512",40.331671,-74.502834,us-census
PTON-HQ,"C/O Peloton Interactive, Inc. 441 Ninth Ave., Sixth Floor, New York, NY 10001",40.753465,-73.996332,us-census
PTPI-HQ,"1185 Avenue Of The Americas, 3Rd Floor, New York, NY 10036",40.757580,-73.982201,us-census
PUB.PA-HQ,"133 AVENUE DES CHAMPS-ÉLYSÉES, Paris, FR 75008",48.872799,2.297003,openstreetmap
PUBM-HQ,"601 Marshall Street, Redwood City, CA 94063",37.487585,-122.229139,us-census
PUIG.MC-HQ,"Plaça Europa, 46-48 L'Hospitalet de Llobregat, Barcelona, ES 08902",41.357394,2.122192,openstreetmap
PURR-HQ,"477 Madison Avenue 22Nd Floor C/O Hyperliquid Strategies Inc, New York, NY 10022",40.758512,-73.975031,us-census
PUSA-HQ,"2995 Remington Blvd, Kissimmee, FL 34744",28.290050,-81.323010,us-census
PVH-HQ,"285 Madison Avenue, New York, NY 10017",40.751546,-73.980116,us-census
PVLA-HQ,"353 W. Lancaster Avenue Suite 200, Wayne, PA 19087",40.044360,-75.399567,us-census
PW-HQ,"301 Winding Road, Old Bethpage, NY 11804",40.763322,-73.448528,us-census
PWCM-HQ,"1200 West Platt Street Suite 100, Tampa, FL 33606",27.941699,-82.471703,us-census
PWP-HQ,"767 Fifth Avenue, New York, NY 10153",40.764199,-73.972985,us-census
PXED-HQ,"4035 S. Riverpoint Parkway, Phoenix, AZ 85040",33.411237,-112.014467,us-census
PXLW-HQ,"16760 Sw Upper Boones Ferry Rd. Suite 101, Portland, OR 97224",45.399103,-122.754493,us-census
PYPL-HQ,"2211 North First Street, San Jose, CA 95131",37.377795,-121.921679,us-census
PYXS-HQ,"321 Harrison Avenue, Boston, MA 02118",42.345513,-71.063682,us-census
PYYX-HQ,"6001 Hospitality Court Suite 100, Morrisville, NC 27560",35.857293,-78.814184,us-census
PZZA-HQ,"2002 Papa Johns Boulevard, Louisville, KY 40299",38.211800,-85.530528,us-census
Q-HQ,"974 Centre Road Building 735, Wilmington, DE 19805",39.759959,-75.602986,us-census
QBTS-HQ,"2650 East Bayshore Road, Palo Alto, CA 94303",37.443526,-122.117005,us-census
QCOM-HQ,"5775 Morehouse Dr, San Diego, CA 92121",32.897242,-117.195686,us-census
QCRH-HQ,"3551 7Th Street, Moline, IL 61265",41.473997,-90.528335,us-census
QDEL-HQ,"9975 Summers Ridge Road, San Diego, CA 92121",32.897377,-117.172838,us-census
QDT.PA-HQ,"42-46 AVENUE ARISTIDE BRIAND, Bagneux, FR 92220",48.804001,2.324678,openstreetmap
QETA-HQ,"1185 Avenue Of The Americas Floor 3, New York, NY 10036",40.757580,-73.982201,us-census
QIND-HQ,"505 Montgomery Street Floor 11, San Francisco, CA 94111",37.793851,-122.403045,us-census
QLT.L-HQ,"Senator House, 85 Queen Victoria Street, London, UK EC4V 4AB",51.511499,-0.095898,openstreetmap
QLYS-HQ,"919 E. Hillsdale Blvd., Foster City, CA 94404",37.554912,-122.276706,us-census
QMCI-HQ,"17100 E Shea Blvd Suite 230, Fountain Hills, AZ 85268",33.572123,-111.712851,us-census
QMCO-HQ,"10770 E. Briarwood Ave, Centennial, CO 80112",39.593435,-104.863649,us-census
QMLS-HQ,"817 W Peachtree Street Nw, Suite 935, Atlanta, GA 30308",33.777485,-84.387226,us-census
QNBC-HQ,"15 North Third Street, Quakertown, PA 18951",40.442371,-75.337129,us-census
QNME-HQ,"1475 Thorndale Ave Suite A, Itasca, IL 60143",41.983128,-88.041161,us-census
QNST-HQ,"950 Tower Lane, 12Th Floor, Foster City, CA 94404",37.558094,-122.277118,us-census
QNT-HQ,"303 S Technology Court, Broomfield, CO",39.917974,-105.114643,us-census
QNTO-HQ,"501 Knowles Avenue, Southampton, PA 18966",40.167230,-75.050694,us-census
QRVO-HQ,"7628 Thorndike Road, Greensboro, NC 27409",36.076586,-79.961011,us-census
QSI-HQ,"29 Business Park Drive, Branford, CT 06405",41.296454,-72.767424,us-census
QSR-HQ,"5707 Blue Lagoon Drive, Miami, FL 33126",25.782072,-80.288613,us-census
QTI-HQ,"3 Hamilton Landing Suite 160, Novato, CA 94949",38.056784,-122.511961,us-census
QTRX-HQ,"900 Middlesex Turnpike, Billerica, MA 01821",42.525805,-71.254352,us-census
QTTB-HQ,"830 Winter Street, Waltham, MA 02451",42.410001,-71.273545,us-census
QTWO-HQ,"10355 Pecan Park Boulevard, Austin, TX 78729",30.466424,-97.791705,us-census
QUIK-HQ,"2220 Lundy Avenue, San Jose, CA 95131",37.399376,-121.891032,us-census
QVCG-HQ,"1200 Wilson Drive At Studio Park, West Chester, PA 19380",39.994719,-75.581600,us-census
R-HQ,"2333 Ponce De Leon # 700, Miami, FL 33134",25.750434,-80.258602,us-census
R4.MC-HQ,"PASEO HABANA, 74, Madrid, ES 28036",40.454908,-3.682383,openstreetmap
RAIL-HQ,"125 South Wacker Drive Suite 1500, Chicago, IL 60606",41.880287,-87.636650,us-census
RAMP-HQ,"225 Bush Street 17Th Floor, San Francisco, CA 94104",37.791028,-122.401460,us-census
RAND.AS-HQ,"Diemermere 25, Diemen, NL 1112TC",52.323682,4.952518,openstreetmap
RANI-HQ,"2051 Ringwood Avenue, San Jose, CA 95131",37.392759,-121.897684,us-census
RAPP-HQ,"99 High Street Suite 2100, Boston, MA 02110",42.354568,-71.054595,us-census
RARE-HQ,"60 Leveroni Court, Novato, CA 94949",38.072297,-122.531999,us-census
RAT.L-HQ,"30 Gresham Street, London, UK EC2V 7QN",51.514885,-0.093077,openstreetmap
RAVE-HQ,"3551 Plano Parkway, The Colony, TX 75056",33.068633,-96.867060,us-census
RBA-HQ,"9500 Glenlyon Parkway, Burnaby, BC V5J 0C6",49.196406,-123.002493,openstreetmap
RBB-HQ,"1055 Wilshire Boulevard Suite 1200, Los Angeles, CA 90017",34.052212,-118.262912,us-census
RBBN-HQ,"6500 Chase Oaks Boulevard, Plano, TX 75023",33.061165,-96.697317,us-census
RBCAA-HQ,"Republic Corporate Center 601 West Market St, Louisville, KY 40202",38.255655,-85.760144,us-census
RBKB-HQ,"2 Jefferson Plaza, Poughkeepsie, NY 12601",41.699490,-73.933973,us-census
RBLX-HQ,"3150 South Delaware Street, San Mateo, CA 94403",37.539713,-122.297573,us-census
RBO.PA-HQ,"18 RUE DE LYON, Paris, FR 75012",48.847705,2.371764,openstreetmap
RBRK-HQ,"3495 Deer Creek Road, Palo Alto, CA 94304",37.394608,-122.148963,us-census
RC-HQ,"1251 Avenue Of The Americas 50Th Floor, New York, NY 10020",40.759682,-73.980674,us-census
RCAT-HQ,"2800 S West Temple Suite 5, South Salt Lake, UT 84115",40.710643,-111.894047,us-census
RCEL-HQ,"28159 Avenue Stanford Suite 220, Valencia, CA 91355",34.434223,-118.588788,us-census
RCH.L-HQ,"One Canada Square, Canary Wharf, London, UK E14 5AP",51.504949,-0.019510,openstreetmap
RCKT-HQ,"350 Fifth Avenue Suite 7530, New York, NY 10118",40.747849,-73.985077,us-census
RCKY-HQ,"39 East Canal Street, Nelsonville, OH 45764",39.458436,-82.231694,us-census
RCL-HQ,"1050 Caribbean Way, Miami, FL 33132",25.776544,-80.176836,us-census
RCMT-HQ,"2500 Mcclellan Avenue Ste 350, Pennsauken, NJ 08109",39.930345,-75.067793,us-census
RCS.MI-HQ,"VIA ANGELO RIZZOLI, 8, Milano, IT 20132",45.505561,9.251738,openstreetmap
RCUS-HQ,"3928 Point Eden Way, Hayward, CA 94545",37.625526,-122.123484,us-census
RDIB-HQ,"5995 Sepulveda Boulevard Suite 300, Culver City, CA 90230",33.983803,-118.395159,us-census
RDN-HQ,"550 East Swedesford Road Suite 350, Wayne, PA 19087",40.075892,-75.423181,us-census
RDNT-HQ,"1510 Cotner Ave, Los Angeles, CA 90025",34.049374,-118.447933,us-census
RDNW-HQ,"2677 E Willis Road, Chandler, AZ 85286",33.284512,-111.794517,us-census
RDVT-HQ,"2650 North Military Trail Suite 300, Boca Raton, FL 33431",26.374541,-80.120939,us-census
RDW-HQ,"8226 Philips Highway, Suite 101, Jacksonville, FL 32256",30.218895,-81.584760,us-census
RDZN-HQ,"111 Anza Blvd., Suite 109, Burlingame, CA 94010",37.591117,-122.347358,us-census
REAL-HQ,"55 Francisco Street Suite 400, San Francisco, CA 94133",37.805527,-122.406219,us-census
REBN-HQ,"580 N. Berry Street, Brea, CA 92821",33.927413,-117.906564,us-census
REC.L-HQ,"3 Sheldon Square, London, UK W2 6HY",51.519620,-0.180750,openstreetmap
REC.MI-HQ,"VIA MATTEO CIVITALI, 1, Milano, IT 20148",45.473084,9.131304,openstreetmap
RED.MC-HQ,"PASEO DEL CONDE DE LOS GAITANES 177, Alcobendas, ES 28109",40.514326,-3.645889,openstreetmap
REF-HQ,"5801 S. 2Nd St., Vernon, CA 90058",33.990479,-118.234578,us-census
REFR-HQ,"240 Crossways Park Dr, Woodbury, NY 11797",40.808278,-73.482542,us-census
REG-HQ,"One Independent Drive Suite 114, Jacksonville, FL 32202",30.325114,-81.657529,us-census
REGN-HQ,"777 Old Saw Mill River Road, Tarrytown, NY 10591",41.080203,-73.844150,us-census
REI-HQ,"1725 Hughes Landing Blvd. Suite 900, The Woodlands, TX 77380",30.172862,-95.466296,us-census
REKR-HQ,"7172 Columbia Gateway Drive Suite 400, Columbia, MD 21046",39.178364,-76.807069,us-census
REL.L-HQ,"1-3 Strand, London, UK WC2N 5JR",51.507874,-0.126725,openstreetmap
RELY-HQ,"Remitly Global, Inc. 401 Union Street, Suite 1000, Seattle, WA 98101",47.609202,-122.335662,us-census
RENT-HQ,"10 Jay St, Brooklyn, NY 11201",40.704506,-73.986635,us-census
RENX-HQ,"100 Biscayne Blvd. #1201, Miami, FL 33132",25.775331,-80.187835,us-census
REP.MC-HQ,"calle Méndez Alvaro 44, Madrid, ES 28045",40.393068,-3.677281,openstreetmap
REPX-HQ,"29 E. Reno Avenue Suite 500, Oklahoma City, OK 73104",35.464335,-97.511914,us-census
RES-HQ,"2801 Buford Highway Ne, Suite 300, Atlanta, GA 30329",33.831506,-84.342539,us-census
REVO.MI-HQ,"VIALE DELL'AGRICOLTURA, 7, Verona, IT 37135",45.417089,10.985660,openstreetmap
REX-HQ,"7720 Paragon Road, Dayton, OH 45459",39.631857,-84.180897,us-census
REXR-HQ,"11620 Wilshire Boulevard, Suite 1000, Los Angeles, CA 90025",34.050476,-118.459500,us-census
REY.MI-HQ,"CORSO FRANCIA, 110, Torino, IT 10143",45.075968,7.649322,openstreetmap
REYN-HQ,"1900 W. Field Court, Lake Forest, IL 60045",42.242488,-87.893102,us-census
REZI-HQ,"901 E 6Th Street, Austin, TX 78702",30.265355,-97.733524,us-census
RF-HQ,"1900 Fifth Avenue North, Birmingham, AL 35203",33.517503,-86.809560,us-census
RF.PA-HQ,"66 RUE PIERRE CHARRON, Paris, FR 75008",48.869856,2.304208,openstreetmap
RFIL-HQ,"16868 Via Del Campo Court, Suite 200, San Diego, CA 92127",33.020364,-117.095200,us-census
RFL-HQ,"520 Broad Street, Newark, NJ 07120",40.743818,-74.169563,us-census
RGA-HQ,"16600 Swingley Ridge Road, Chesterfield, MO 63017",38.662454,-90.565891,us-census
RGCO-HQ,"519 Kimballavenue N.E., Roanoke, VA 24016",37.277813,-79.930911,us-census
RGEN-HQ,"41 Seyon Street Building 1, Suite 100, Waltham, MA 02453",42.371080,-71.214412,us-census
RGLD-HQ,"1144 15Th Street Suite 2500, Denver, CO 80202",39.747067,-104.997153,us-census
RGNX-HQ,"9804 Medical Center Drive, Rockville, MD 20850",39.097304,-77.195952,us-census
RGP-HQ,"15950 North Dallas Parkway Suite 330, Dallas, TX 75248",32.966528,-96.821116,us-census
RGR-HQ,"700 S Ayersville Road, Mayodan, NC 27027",36.408855,-79.975112,us-census
RGS-HQ,"3701 Wayzata Blvd Suite 500, Minneapolis, MN 55416",44.969917,-93.321943,us-census
RGTI-HQ,"775 Heinz Avenue, Berkeley, CA 94710",37.853102,-122.294180,us-census
RH-HQ,"15 Koch Road Suite K, Corte Madera, CA 94925",37.920453,-122.511258,us-census
RHEP-HQ,"1050 Crown Pointe Parkway Suite 720, Atlanta, GA 30338",33.929890,-84.346404,us-census
RHI-HQ,"2884 Sand Hill Rd Ste 200, Menlo Park, CA 94025",37.420534,-122.212188,us-census
RHLD-HQ,"445 Park Avenue Suite 5B, New York, NY 10022",40.761152,-73.971000,us-census
RI.PA-HQ,"5 COURS PAUL RICARD, Paris, FR 75008",48.877469,2.326381,openstreetmap
RICK-HQ,"10737 Cutten Road, Houston, TX 77066",29.940030,-95.516447,us-census
RIGL-HQ,"611 Gateway Boulevard, Suite 900, South San Francisco, CA 94080",37.656877,-122.400863,us-census
RILY-HQ,"11100 Santa Monica Blvd Suite 800, Los Angeles, CA 90025",34.047552,-118.444342,us-census
RIME-HQ,"6301 Nw 5Th Way, Ste 2900, Fort Lauderdale, FL 33309",26.205060,-80.150899,us-census
RIO.L-HQ,"6 St James's Square, London, UK SW1Y 4AD",51.508115,-0.135330,openstreetmap
RIOT-HQ,"85 Rio Grande Drive, Suite 200, Castle Rock, CO 80104",39.364333,-104.863065,us-census
RITM-HQ,"799 Broadway, New York, NY 10003",40.732398,-73.991368,us-census
RIVN-HQ,"14600 Myford Road, Irvine, CA 92618",33.712089,-117.803624,us-census
RJF-HQ,"880 Carillon Pkwy, St Petersburg, FL 33716",27.892124,-82.669074,us-census
RJF.MC-HQ,"Gran Capità 10, Sant Joan Despí, ES 08970",41.367694,2.068149,openstreetmap
RKDA-HQ,"5956 Sherry Lane Suite 2000, Dallas, TX",32.862225,-96.809903,us-census
RKT-HQ,"1050 Woodward Avenue, Detroit, MI 48226",42.332696,-83.047534,us-census
RKT.L-HQ,"103-105 Bath Road, Slough, UK SL1 3UH",51.512072,-0.610364,openstreetmap
RKTO-HQ,"720 Monroe Street Suite E514, Hoboken, NJ 07030",40.746627,-74.037858,us-census
RL-HQ,"650 Madison Avenue, New York, NY 10022",40.764156,-73.971086,us-census
RLAY-HQ,"60 Hampshire Street, Cambridge, MA 02139",42.367410,-71.093272,us-census
RLGT-HQ,"700 S Renton Village Place Seventh Floor, Renton, WA 98057",47.469643,-122.209664,us-census
RLI-HQ,"9025 N. Lindbergh Drive, Peoria, IL 61615",40.798288,-89.610380,us-census
RLIA.MC-HQ,"Paseo de la Castellana 216, Madrid, ES 28046",40.466691,-3.688234,openstreetmap
RLJ-HQ,"7373 Wisconsin Ave Suite 1500, Bethesda, MD 20814",38.983382,-77.093653,us-census
RLYB-HQ,"234 Church Street Suite 1020, New Haven, CT 06510",41.309820,-72.923034,us-census
RM-HQ,"979 Batesville Road Suite B, Greer, SC 29651",34.849658,-82.228261,us-census
RMBI-HQ,"31 N. 9Th Street, Richmond, IN 47374",39.829676,-84.890270,us-census
RMBS-HQ,"4453 North First Street, Suite 100, San Jose, CA 95134",37.421735,-121.963676,us-census
RMCO-HQ,"12115 Visionary Way Suite 174, Fishers, IN 46038",39.965967,-86.008965,us-census
RMIX-HQ,"521 E. 2Nd Street, Tulsa, OK",36.156571,-95.985427,us-census
RMNI-HQ,"1700 S. Pavilion Center Dr. Suite 330, Las Vegas, NV 89135",36.152013,-115.330693,us-census
RMR-HQ,"Two Newton Pl., 255 Wash. St., Ste. 300, Newton, MA 02458",42.357214,-71.185744,us-census
RMS.PA-HQ,"24 RUE DU FAUBOURG SAINT-HONORE, Paris, FR 75008",48.868871,2.321719,openstreetmap
RMTG-HQ,"433 Plaza Real Suite 275, Boca Raton, FL 33432",26.355082,-80.085489,us-census
RMTI-HQ,"30142 Wixom Road, Wixom, MI 48393",42.513074,-83.536948,us-census
RN.MI-HQ,"VIA NERVESA, 21, Milano, IT 20139",45.444339,9.217528,openstreetmap
RNA-HQ,"3020 Callan Road, San Diego, CA 92121",32.904667,-117.241723,us-census
RNAC-HQ,"7495 New Horizon Way, Frederick, MD 21703",39.379692,-77.400438,us-census
RNG-HQ,"20 Davis Drive, Belmont, CA 94002",37.512028,-122.309357,us-census
RNGR-HQ,"10350 Richmond Avenue Suite 550, Houston, TX 77042",29.727683,-95.556010,us-census
RNST-HQ,"209 Troy Street, Tupelo, MS 38804",34.256582,-88.704573,us-census
RNTX-HQ,"12407 N. Mopac Expy. Suite 250 #390, Austin, TX 78758",30.417087,-97.704819,us-census
RNXT-HQ,"2570 W. El Camino Real, Ste. 320,, Mountain View, CA 94040",37.400751,-122.112382,us-census
ROAD-HQ,"290 Healthwest Dr. Suite 2, Dothan, AL 36303",31.237870,-85.453528,us-census
ROC-HQ,"1290 N Broadway Suite 1200, Denver, CO 80203",39.736670,-104.987318,us-census
ROCK-HQ,"3556 Lake Shore Road P O Box 2028, Buffalo, NY 14219",42.793149,-78.847025,us-census
ROG-HQ,"2225 W Chandler Blvd, Chandler, AZ 85224",33.305912,-111.879645,us-census
ROK-HQ,"1201 South 2Nd Street, Milwaukee, WI 53204",43.019025,-87.912724,us-census
ROKU-HQ,"1173 Coleman Avenue, San Jose, CA 95110",37.354684,-121.928671,us-census
ROL-HQ,"2170 Piedmont Rd Ne, Atlanta, GA 30324",33.816691,-84.366835,us-census
ROLR-HQ,"400 South 4Th Street, Suite 500-#390, Las Vegas, NV 89101",36.166211,-115.144177,us-census
ROOT-HQ,"80 E Rich Street Suite 500, Columbus, OH 43215",39.957895,-82.996544,us-census
ROP-HQ,"6496 University Parkway, Sarasota, FL 34240",27.386308,-82.430314,us-census
ROST-HQ,"5130 Hacienda Drive, Dublin, CA 94568",37.711423,-121.888128,us-census
ROVI.MC-HQ,"JULIAN CAMARILLO 35, Madrid, ES 28037",40.435752,-3.625988,openstreetmap
RPAY-HQ,"3060 Peachtree Road Nw Suite 1100, Atlanta, GA 30305",33.838820,-84.380551,us-census
RPD-HQ,"120 Causeway Street, Boston, MA 02114",42.365408,-71.061484,us-census
RPID-HQ,"25 Hartwell Avenue, Lexington, MA 02421",42.473898,-71.255102,us-census
RPM-HQ,"2628 Pearl Rd P O Box 777, Medina, OH 44258",41.203595,-81.841773,us-census
RPRX-HQ,"110 East 59Th Street, New York, NY 10022",40.762775,-73.969622,us-census
RPT-HQ,"799 Broadway Floor 8, New York, NY 10022",40.732398,-73.991368,us-census
RR-HQ,"2975 Lincoln Road, Las Vegas, NV 89115",36.213536,-115.084824,us-census
RR.L-HQ,"Kings Place, 90 York Way, London, UK N1 9FX",51.534963,-0.121768,openstreetmap
RRGB-HQ,"10000 East Geddes Avenue Suite 500, Englewood, CO 80112",39.584097,-104.877824,us-census
RRR-HQ,"1505 South Pavilion Center Drive, Las Vegas, NV 89135",36.156689,-115.330722,us-census
RRX-HQ,"111 West Michigan Street, Milwaukee, WI 53203",43.037276,-87.910416,us-census
RS-HQ,"735 N. 19Th Avenue, Phoenix, AZ 85009",33.457066,-112.099996,us-census
RSKD-HQ,"220 5Th Avenue 2Nd Floor, New York, NY 10001",40.743529,-73.988223,us-census
RSKIA-HQ,"802 South Elm, Kimball, NE 69145",41.229549,-103.658989,us-census
RSRV-HQ,"6801 N Broadway Ste 300, Oklahoma City, OK 73116",35.540539,-97.514441,us-census
RSSS-HQ,"10624 S. Eastern Ave Suite A-614, Henderson, NV 89052",35.998757,-115.104116,us-census
RTB-HQ,"3131 Camino Del Rio North, Suite 1400, San Diego, CA 92108",32.774853,-117.128011,us-census
RTX-HQ,"1000 Wilson Blvd, Arlington, VA 22209",38.893878,-77.068406,us-census
RUI.PA-HQ,"46 RUE BOISSIERE, Paris, FR 75016",48.867401,2.289051,openstreetmap
RUM-HQ,"444 Gulf Of Mexico Drive, Longboat Key, FL 34228",27.338153,-82.590870,us-census
RUN-HQ,"600 California Street, Suite 1800, San Francisco, CA 94108",37.792690,-122.404502,us-census
RVLV-HQ,"12889 Moore St., Cerritos, CA 90703",33.882361,-118.057137,us-census
RVMD-HQ,"700 Saginaw Dr, Redwood City, CA 94063",37.501657,-122.218224,us-census
RVP-HQ,"511 Lobo Lane, Little Elm, TX 75068",33.150406,-96.943057,us-census
RVRF-HQ,"2611 Legends Drive, Prattville, AL 36066",32.456769,-86.401897,us-census
RVSB-HQ,"900 Washington Street Suite 900, Vancouver, WA 98660",45.628054,-122.672799,us-census
RVTY-HQ,"77 4Th Avenue, Waltham, MA 02451",42.393057,-71.258594,us-census
RWDMU-HQ,"155 Bovet Road Suite 302, San Mateo, CA",37.549936,-122.316587,us-census
RWT-HQ,"One Belvedere Place Suite 300, Mill Valley, CA 94941",37.896745,-122.515128,us-census
RXO-HQ,"11215 North Community House Road, Charlotte, NC 28277",35.055093,-80.835536,us-census
RXRX-HQ,"41S Rio Grande Street, Salt Lake City, UT 84101",40.768090,-111.903998,us-census
RXST-HQ,"100 Columbia Street Suite 120, Aliso Viejo, CA 92656",33.588381,-117.726085,us-census
RXT-HQ,"19122 US Highway 281N Suite 127, San Antonio, TX",29.618648,-98.465649,us-census
RY-HQ,"Royal Bank Plaza 200 Bay Street, Toronto, ON M5J 2J5",43.646739,-79.380390,openstreetmap
RYAM-HQ,"1301 Riverplace Boulevard Suite 2300, Jacksonville, FL 32207",30.318596,-81.657162,us-census
RYAN-HQ,"155 North Wacker Drive, Suite 4000, Chicago, IL 60606",41.884519,-87.636751,us-census
RYM-HQ,"2220 Hicks Road, Suite 210, Rolling Meadows, IL 60008",42.085832,-88.033377,us-census
RYTM-HQ,"222 Berkeley Street 12Th Floor, Boston, MA 02116",42.351024,-71.073040,us-census
RYZ-HQ,"227 W. Monroe St., 27Th Floor, Chicago, IL 60606",41.880596,-87.634227,us-census
S-HQ,"444 Castro Street Suite 400, Mountain View, CA 94041",37.390747,-122.080979,us-census
SAB.MC-HQ,"Plaça de Sant Roc 20, Sabadell, ES 08201",41.546216,2.108046,openstreetmap
SABR-HQ,"3150 Sabre Drive, Southlake, TX 76092",32.982538,-97.160261,us-census
SACH-HQ,"568 East Main Street, Branford, CT 06405",41.300077,-72.763005,us-census
SAF.PA-HQ,"2 BOULEVARD DU GENERAL MARTIAL VALIN, Paris, FR 75015",48.836969,2.269421,openstreetmap
SAFT-HQ,"20 Custom House Street, Boston, MA 02110",42.358040,-71.053031,us-census
SAFX-HQ,"3040 Post Oak Blvd. Floor 18 Suite 164, Houston, TX 77056",29.734304,-95.460641,us-census
SAH-HQ,"4401 Colwick Road, Charlotte, NC 28211",35.177175,-80.797767,us-census
SAIA-HQ,"11465 Johns Creek Parkway Ste 400, Johns Creek, GA 30097",34.058585,-84.166366,us-census
SAIC-HQ,"12010 Sunset Hills Road, Reston, VA 20190",38.955451,-77.356423,us-census
SAIH-HQ,"437 Madison Avenue 27Th Floor, New York, NY 10022",40.757253,-73.975941,us-census
SAIL-HQ,"11120 Four Points Drive Suite 100, Austin, TX 78726",30.399684,-97.846074,us-census
SAM-HQ,"One Design Center Place Suite 850, Boston, MA 02210",42.343943,-71.034233,us-census
SAMG-HQ,"1330 Avenue Of The Americas, 38Th Floor, New York, NY 10019",40.762318,-73.978570,us-census
SAMS.PA-HQ,"2 RUE RAYMOND PITET, Grenoble, FR 38100",45.160683,5.714072,openstreetmap
SAN.PA-HQ,"46 AVENUE DE LA GRANDE ARMEE, Paris, FR 75017",48.876367,2.287994,openstreetmap
SANM-HQ,"2700 N First St, San Jose, CA 95134",37.388616,-121.929617,us-census
SARO-HQ,"6710 North Scottsdale Road, Suite 250, Scottsdale, AZ 85253",33.533229,-111.925739,us-census
SATL-HQ,"210 Delburg Street, Davidson, NC 28036",35.503802,-80.848100,us-census
SBAC-HQ,"8051 Congress Avenue, Boca Raton, FL 33487",26.419970,-80.093915,us-census
SBCF-HQ,"815 Colorado Ave P O Box 9012, Stuart, FL 34994",27.192456,-80.252820,us-census
SBET-HQ,"200 S. Biscayne Boulevard, Miami, FL 33131",25.772688,-80.187542,us-census
SBFM-HQ,"333 Las Olas Way Cu4 Suite 433, Fort Lauderdale, FL 33301",26.118575,-80.141360,us-census
SBGI-HQ,"10706 Beaver Dam Road, Hunt Valley, MD 21030",39.478022,-76.653351,us-census
SBH-HQ,"7900 Windrose Avenue, Plano, TX 75024",33.088221,-96.825750,us-census
SBIG-HQ,"621 Nw 53Rd St Suite 260, Boca Raton, FL 33487",26.396404,-80.095625,us-census
SBMW-HQ,"510 E. Monroe, Sprinfield, IL 62701",39.799396,-89.649156,us-census
SBRY.L-HQ,"33 Charterhouse Street, London, UK EC1M 6HA",51.519460,-0.102440,openstreetmap
SBSI-HQ,"1201 S Beckham, Tyler, TX 75701",32.335468,-95.291396,us-census
SCCO-HQ,"7310 North 16Th St. Suite 135, Phoenix, AZ 85020",33.543715,-112.047577,us-census
SCE-PG-HQ,"2244 Walnut Grove Ave P O Box 800, Rosemead, CA 91770",34.053953,-118.081897,us-census
SCHL-HQ,"555 Broadway, New York, NY 10012",40.723865,-73.998190,us-census
SCHW-HQ,"3000 Schwab Way, Westlake, TX 76262",32.996802,-97.208097,us-census
SCI-HQ,"1929 Allen Pkwy P O Box 130548, Houston, TX 77019",29.761272,-95.390515,us-census
SCIA-HQ,"2839 Charter Street, Columbus, OH 43228",40.009937,-83.134882,us-census
SCKT-HQ,"40675 Encyclopedia Circle, Fremont, CA 94538",37.514367,-121.986758,us-census
SCLX-HQ,"960 San Antonio Road, Palo Alto, CA 94303",37.422246,-122.101437,us-census
SCND-HQ,"70 Orville Dr Airport International Plz, Bohemia, NY 11716",40.776420,-73.101978,us-census
SCNX-HQ,"20 Austin Blvd., Commack, NY 11725",40.806652,-73.275440,us-census
SCOR-HQ,"11950 Democracy Drive Suite 600, Reston, VA 20190",38.957946,-77.358683,us-census
SCSC-HQ,"6 Logue Court, Greenville, SC 29615",34.855002,-82.248169,us-census
SCTX-HQ,"1150 Marina Village Pkwy, Alameda, CA 94501",37.785388,-122.271859,us-census
SCWO-HQ,"701 W. Main Street Suite 410, Durham, NC 27701",35.998883,-78.907484,us-census
SCYR.MC-HQ,"CALLE CONDESA DE VENADITO 7, Madrid, ES 28027",40.445008,-3.653394,openstreetmap
SD-HQ,"1 E. Sheridan Ave Suite 500, Oklahoma City, OK 73104",35.466522,-97.512357,us-census
SDCH-HQ,"146 Main Street Suite 405, Worcester, MA 01608",42.268535,-71.800599,us-census
SDEV-HQ,"222 Lakeview Ave, Suite 800, West Palm Beach, FL 33401",26.706135,-80.050936,us-census
SDGR-HQ,"1540 Broadway 24Th Floor, New York, NY 10036",40.758253,-73.985383,us-census
SDHC-HQ,"110 Village Trail, Suite 215, Woodstock, GA 30188",34.087970,-84.508023,us-census
SDLF.L-HQ,"20 Old Bailey, London, UK EC4M 7AN",51.515633,-0.102754,openstreetmap
SDOT-HQ,"295 E. Renfro Street Suite 300, Burleson, TX",32.543516,-97.316161,us-census
SDR.L-HQ,"1 London Wall Place, London, UK EC2Y 5AU",51.517746,-0.092066,openstreetmap
SDSYA-HQ,"100 Caspian Ave. P.O. Box 500, Volga, SD 57071",44.326048,-96.908401,us-census
SEAT-HQ,"24 E. Washington Street Ste. 900, Chicago, IL 60602",41.883277,-87.625908,us-census
SEB-HQ,"9000 W. 67Th Street, Shawnee Mission, KS 66202",39.007706,-94.690628,us-census
SEER-HQ,"3800 Bridge Parkway, Suite 102, Redwood City, CA 94065",37.538589,-122.251178,us-census
SEG-HQ,"The Seaport, 199 Water Street 28Th Floor, New York, NY 10038",40.707261,-74.004219,us-census
SEGG-HQ,"5049 Edwards Rand Rd. 4Th Floor, Ft. Worth, TX 76109",32.711380,-97.397930,us-census
SEI-HQ,"9651 Katy Freeway Suite 300, Houston, TX 77024",29.783764,-95.530336,us-census
SELF-HQ,"3814 Route 44, Millbrook, NY 12545",41.795717,-73.649450,us-census
SENEA-HQ,"3736 South Main Street, Marion, NY 14505",43.141187,-77.190767,us-census
SEPN-HQ,"250 East Grand Avenue, Suite 65, South San Francisco, CA 94080",37.654372,-122.397655,us-census
SER-HQ,"601 Genome Way Suite 2001, Huntsville, AL 35806",34.724089,-86.689988,us-census
SERA-HQ,"2749 E. Parleys Way Suite 200, Salt Lake City, UT 84109",40.719014,-111.814373,us-census
SERT.KA-HQ,"38, Empress Road, Lahore, PK 53100",31.562878,74.335266,openstreetmap
SERV-HQ,"1360 Bayport Avenue, San Carlos, CA 94070",37.499681,-122.247081,us-census
SES-HQ,"35 Cabot Rd., Woburn, MA 01801",42.506531,-71.133238,us-census
SEVN-HQ,"Two Newton Place 255 Washington Street, Suite 300, Newton, MA 02458",42.357214,-71.185744,us-census
SEZL-HQ,"700 Nicollet Mall Suite 640, Minneapolis, MN 55402",44.976851,-93.272350,us-census
SF-HQ,"Attn: James G. Laschober 501 N. Broadway, St. Louis, MO 63102",38.629478,-90.188474,us-census
SFBS-HQ,"2500 Woodcrest Place, Birmingham, AL 35209",33.487965,-86.787303,us-census
SFD-HQ,"200 Commerce Street Executive Office Building, Smithfield, VA 23430",36.983978,-76.630300,us-census
SFER.MI-HQ,"VIA TORNABUONI, 2, Firenze, IT 50123",43.769847,11.251058,openstreetmap
SFIX-HQ,"1 Montgomery Street Suite 1500, San Francisco, CA 94104",37.789152,-122.402082,us-census
SFNC-HQ,"501 Main Street, Pine Bluff, AR 71601",34.224795,-92.003373,us-census
SFOR.L-HQ,"12 St. James's Place, London, UK SW1A 1NX",51.505674,-0.140079,openstreetmap
SFST-HQ,"6 Verdae Boulevard, Greenville, SC 29607",34.819211,-82.340580,us-census
SFT.MI-HQ,"VIALE DELL'ARTE, 25, Roma, IT 00144",41.831102,12.475846,openstreetmap
SG-HQ,"3102 36Th Street, Los Angeles, CA 90018",34.022908,-118.329622,us-census
SGA-HQ,"73 Kercheval Ave, Grosse Pointe Farms, MI 48236",42.395066,-82.903388,us-census
SGC-HQ,"200 Central Avenue, Suite 2000, St. Petersburg, FL 33701",27.771148,-82.635614,us-census
SGF.MI-HQ,"VIA CIOVASSINO, 1, Milano, IT 20121",45.469374,9.187300,openstreetmap
SGHT-HQ,"4040 Campbell Ave, Suite 100, Menlo Park, CA 94025",37.478547,-122.181633,us-census
SGI-HQ,"1000 Tempur Way, Lexington, KY 40511",38.098402,-84.495173,us-census
SGLY-HQ,"48 Wall Street Suite 1100, New York, NY 10005",40.706393,-74.009395,us-census
SGMOQ-HQ,"501 Canal Blvd., Richmond, CA 94084",37.924935,-122.378279,us-census
SGO.PA-HQ,"TOUR SAINT-GOBAIN, 12 PLACE DE L'IRIS, Courbevoie, FR 92400",48.889776,2.249396,openstreetmap
SGRP-HQ,"110 East Boulevard Suite 1600, Charlotte, NC 28203",35.212331,-80.858570,us-census
SGRY-HQ,"340 Seven Springs Way Suite 600, Brentwood, TN",36.040887,-86.768346,us-census
SGU-HQ,"9 West Broad Street Suite 310, Stamford, CT 06902",41.055630,-73.544173,us-census
SHAK-HQ,"225 Varick Street Suite 301, New York, NY 10014",40.728914,-74.005341,us-census
SHAZ-HQ,"745 Fifth Avenue, Suite 500, New York, NY 10151",40.763070,-73.973804,us-census
SHBI-HQ,"18 East Dover Street, Easton, MD 21601",38.774314,-76.075469,us-census
SHC-HQ,"9100 South Hills Blvd, Suite 300, Broadview Heights, OH 44147",41.318690,-81.643048,us-census
SHEL.L-HQ,"Shell Centre, London, UK SE1 7NA",51.503799,-0.116905,openstreetmap
SHEN-HQ,"Po Box 459 500 Shentel Way, Edinburg, VA 22824",38.826661,-78.555026,us-census
SHIM-HQ,"530 Technology Drive Suite 300, Irvine, CA 92618",33.673489,-117.758030,us-census
SHO-HQ,"15 Enterprise Suite 200, Aliso Viejo, CA 92656",33.584711,-117.732262,us-census
SHOE-HQ,"1800 Innovation Point 5Th Floor, Fort Mill, SC 29715",35.031033,-80.959773,us-census
SHOO-HQ,"52-16 Barnett Ave, Long Island City, NY 11104",40.749876,-73.911275,us-census
SI-HQ,"1535 Steele Avenue Sw, Suite B, Grand Rapids, MI 49507",42.935739,-85.675546,us-census
SIBN-HQ,"471 El Camino Real, Suite 101, Santa Clara, CA 95050",37.350853,-121.935309,us-census
SIDU-HQ,"175 Imperial Blvd., Cape Canaveral, FL 32920",28.398512,-80.610912,us-census
SIEB-HQ,"120 Wall Street 25Th Floor, New York, NY 10005",40.704720,-74.006697,us-census
SIF-HQ,"970 E 64Th St, Cleveland, OH 44103",41.525702,-81.646840,us-census
SIFG.AS-HQ,"Mijnheerkensweg 33, Roermond, NL 6041TA",51.206752,5.997869,openstreetmap
SIGA-HQ,"31 East 62Nd Street, New York, NY 10065",40.765437,-73.969817,us-census
SIGI-HQ,"40 Wantage Avenue, Branchville, NJ 07890",41.151041,-74.746930,us-census
SILO-HQ,"677 N. Washington Blvd, Sarasota, FL 34236",27.341889,-82.531051,us-census
SINT-HQ,"1885 West 2100 Street, Salt Lake City, UT 84119",40.725801,-111.944292,us-census
SIRI-HQ,"1221 Avenue Of The Americas 35Th Floor, New York, NY 10020",40.758773,-73.981331,us-census
SIT.MI-HQ,"VIALE DELL'INDUSTRIA, 34, Padova, IT 35129",45.411008,11.921031,openstreetmap
SITC-HQ,"3300 Enterprise Parkway, Beachwood, OH 44122",41.469519,-81.494743,us-census
SITM-HQ,"Sitime Corporation 5451 Patrick Henry Drive, Santa Clara, CA 95054",37.409826,-121.984686,us-census
SJM-HQ,"One Strawberry Lane, Orrville, OH 44667",40.846639,-81.761774,us-census
SKIL-HQ,"300 Innovative Way Suite 2210, Nashua, NH 03062",42.711486,-71.455858,us-census
SKIN-HQ,"3600 E. Burnett Street, Long Beach, CA 90815",33.801385,-118.150232,us-census
SKT-HQ,"3200 Northline Avenue Suite 360, Greensboro, NC 27408",36.088015,-79.834309,us-census
SKWD-HQ,"800 Gessner Suite 600, Houston, TX 77024",29.775670,-95.544390,us-census
SKY-HQ,"755 W Big Beaver Road Suite 1000, Troy, MI 48084",42.561823,-83.162188,us-census
SKYA-HQ,"105 Maxess Road Ste. 124, Melville, NY 11747",40.773594,-73.413391,us-census
SKYH-HQ,"1601 Dodge Street Suite 3300, Omaha, NE 68102",41.259653,-95.937229,us-census
SKYW-HQ,"444 S River Rd, St George, UT 84790",37.100738,-113.555723,us-census
SKYX-HQ,"2855 W. Mcnab Road, Pompano Beach, FL 33069",26.209279,-80.177356,us-census
SLAB-HQ,"400 W Cesar Chavez, Austin, TX 78701",30.264438,-97.748047,us-census
SLAIY-HQ,"428 South Seiberling Street, Akron, OH 44306",41.050402,-81.472039,us-census
SLB-HQ,"5599 San Felipe 17Th Floor, Houston, TX 77056",29.749988,-95.474419,us-census
SLDE-HQ,"4221 W. Boy Scout Blvd. Suite 200, Tampa, FL 33607",27.964655,-82.514799,us-census
SLDP-HQ,"486 S. Pierce Ave., Suite E, Louisville, CO 80027",39.963534,-105.122075,us-census
SLE-HQ,"2450 Colorado Ave Ste 100E, Santa Monica, CA 90404",34.029515,-118.472461,us-census
SLIGR.AS-HQ,"Corridor 11, Veghel, NL 5466RB",51.606372,5.525354,openstreetmap
SLM-HQ,"300 Continental Drive, Newark, DE 19713",39.685176,-75.661226,us-census
SLND-HQ,"1100 Kubota Drive, Grapevine, TX 76051",32.978316,-97.028421,us-census
SLNG-HQ,"11750 Katy Freeway Suite 900, Houston, TX 77079",29.785307,-95.592817,us-census
SLNH-HQ,"325 Washington Avenue Extension, Albany, NY 12205",42.712661,-73.871339,us-census
SLQT-HQ,"6800 West 115Th Street Suite 2511, Overland Park, KS 66211",38.917717,-94.662073,us-census
SLR.MC-HQ,"PRINCESA 2 4, Madrid, ES 28008",40.427929,-3.714240,openstreetmap
SLSN-HQ,"1319 Marquette Drive, Romeoville, IL 60446",41.671555,-88.074293,us-census
SLVM-HQ,"6077 Primacy Parkway, Memphis, TN 38119",35.095024,-89.860714,us-census
SM-HQ,"1700 Lincoln Street Suite 3200, Denver, CO 80203",39.743340,-104.986040,us-census
SMBC-HQ,"2991 Oak Grove Road, Poplar Bluff, MO 63901",36.789009,-90.437028,us-census
SMC-HQ,"910 Louisiana Street, Suite 4200, Houston, TX 77002",29.759187,-95.367067,us-census
SMCI-HQ,"980 Rock Avenue, San Jose, CA 95131",37.391855,-121.905387,us-census
SMCP.PA-HQ,"49 RUE ETIENNE MARCEL, Paris, FR 75001",48.865426,2.342134,openstreetmap
SMG-HQ,"14111 Scottslawn Road, Marysville, OH 43041",40.206418,-83.313331,us-census
SMHI-HQ,"12121 Wickchester Lane Suite 500, Houston, TX 77079",29.787255,-95.601090,us-census
SMJ.L-HQ,"28 Cramond Road South, Edinburgh, UK EH4 6AB",55.966344,-3.275705,openstreetmap
SMMT-HQ,"601 Brickell Key Drive Suite 1000, Miami, FL 33131",25.766682,-80.185120,us-census
SMP-HQ,"37-18 Northern Blvd., Long Island City, NY 11101",40.752141,-73.925336,us-census
SMPL-HQ,"1225 17Th Street Suite 1000, Denver, CO 80202",39.749684,-104.995520,us-census
SMR-HQ,"1100 Ne Circle Blvd., Suite 350, Corvallis, OR 97330",44.588954,-123.241562,us-census
SMRT-HQ,"6811 E Mayo Blvd, Phoenix, AZ 85054",33.655052,-111.933628,us-census
SMTC-HQ,"200 Flynn Road, Camarillo, CA 93012",34.218328,-119.022461,us-census
SMTI-HQ,"1200 Summit Ave Suite 414, Fort Worth, TX 76102",32.745977,-97.341697,us-census
SMTK-HQ,"3 Germay Drive, Unit 4 #1029, Delaware, DE 19804",39.732112,-75.579091,us-census
SMXT-HQ,"3080 12Th Street, Riverside, CA 92507",33.974279,-117.369000,us-census
SN-HQ,"89 A Street, #100, Needham, MA 02494",42.300159,-71.219602,us-census
SNA-HQ,"2801 80Th Street, Kenosha, WI 53143",42.558695,-87.842693,us-census
SNAL-HQ,"12049 Jefferson Boulevard, Culver City, CA 90230",33.983544,-118.405684,us-census
SNAP-HQ,"3000 31St Street, Santa Monica, CA 90405",34.019473,-118.451545,us-census
SNBRQ-HQ,"1001 Third Avenue South, Minneapolis, MN 55404",44.972138,-93.270544,us-census
SNDA-HQ,"14755 Preston Road Suite 810, Dallas, TX 75254",32.949251,-96.803699,us-census
SNDK-HQ,"951 Sandisk Drive, Milpitas, CA 95035",37.417904,-121.921489,us-census
SNDR-HQ,"3101 South Packerland Drive, Green Bay, WI 54313",44.474134,-88.109440,us-census
SNDX-HQ,"730 Third Avenue 9Th Floor, New York, NY 10017",40.753144,-73.972800,us-census
SNES-HQ,"777 W. Pinnacle Peak Road Suite B104, Phoenix, AZ 85027",33.698201,-112.090777,us-census
SNGX-HQ,"29 Emmons Drive Suite B-10, Princeton, NJ 08540",40.310202,-74.664947,us-census
SNNF-HQ,"35 Oswego Street, Baldwinsville, NY 13027",43.159022,-76.332834,us-census
SNOA-HQ,"5445 Conestoga Court, Suite 150, Boulder, CO 80301",40.016440,-105.227515,us-census
SNOW-HQ,"135 Constitution Drive, Menlo Park, CA 94025",37.484523,-122.175269,us-census
SNPS-HQ,"675 Almanor Ave, Sunnyvale, CA 94085",37.397794,-122.033154,us-census
SNR.L-HQ,"59/61 High Street, Rickmansworth, UK WD3 1RH",51.638954,-0.467009,openstreetmap
SNTI-HQ,"2 Corporate Drive, First Floor, South San Francisco, CA 94080",37.656876,-122.400866,us-census
SNUS-PH-HQ,"75 State Street, Boston, MA 02109",42.359049,-71.055520,us-census
SNWV-HQ,"9600 W. 76Th Street, Eden Prairie, MN",44.865636,-93.398682,us-census
SNX-HQ,"16202 Bay Vista Drive, Clearwater, FL 33760",27.919815,-82.708471,us-census
SNYR-HQ,"865 Spring Street, Westbrook, ME 04092",43.649448,-70.357371,us-census
SOAR-HQ,"1954 Airport Road Suite 124, Chamblee, GA 30341",33.876574,-84.307541,us-census
SOBR-HQ,"6400 S. Fiddlers Green Circle Suite 1400, Greenwood Village, CO 80111",39.600055,-104.890183,us-census
SOC-HQ,"845 Texas Avenue Suite 2920, Houston, TX 77002",29.760824,-95.363843,us-census
SODI-HQ,"901 Sansburys Way, West Palm Beach, FL 33411",26.690100,-80.184401,us-census
SOFI-HQ,"234 1St Street, San Francisco, CA 94105",37.787925,-122.395371,us-census
SOL.MI-HQ,"VIA GEROLAMO BORGAZZI, 27, Monza, IT 20900",45.570288,9.265558,openstreetmap
SOLS-HQ,"115 Tabor Road, Morris Plains, NJ 07950",40.848432,-74.474319,us-census
SOLV-HQ,"1750 Yankee Doodle Road, Eagan, MN 55121",44.833904,-93.192892,us-census
SOM.MI-HQ,"VIA PALU', 30 (ZOPPE'), San Vendemiano, IT 31020",45.879020,12.364113,openstreetmap
SONM-HQ,"4445 Eastgate Mall Suite 200, San Diego, CA 92121",32.878413,-117.210719,us-census
SOTK-HQ,"2012 Rt 9W Bldg 3, Milton, NY 12547",41.672203,-73.960191,us-census
SOUN-HQ,"2093 Philadelphia Pike #1968, Claymont, DE 19703",39.789046,-75.473622,us-census
SOWG-HQ,"433 Broadway, Unit 216, New York, NY 10013",40.720114,-74.001361,us-census
SPAI-HQ,"18305 Biscayne Blvd., Suite 222, Aventura, FL 33160",25.945415,-80.147459,us-census
SPB-HQ,"3001 Deming Way, Middleton, WI 53562",43.102719,-89.518255,us-census
SPFI-HQ,"5219 City Bank Parkway, Lubbock, TX 79407",33.560442,-101.923238,us-census
SPG-HQ,"225 West Washington Street, Indianapolis, IN 46204",39.767129,-86.162823,us-census
SPGI-HQ,"55 Water Street, New York, NY 10041",40.703995,-74.008996,us-census
SPH-HQ,"P O Box 206 240 Route 10 West, Wippany, NJ 07981",40.817753,-74.403211,us-census
SPI.L-HQ,"3 Dorset Rise, London, UK EC4Y 8EN",51.513153,-0.105628,openstreetmap
SPIE.PA-HQ,"10 AVENUE DE L'ENTREPRISE, Cergy, FR 95800",49.042140,2.026920,openstreetmap
SPIR-HQ,"8000 Towers Crescent Drive Suite 1100, Vienna, VA",38.913426,-77.222860,us-census
SPOK-HQ,"3000 Technology Drive Suite 400, Plano, TX 75074",33.012432,-96.674618,us-census
SPRB-HQ,"611 Gateway Boulevard, Suite 740, South San Francisco, CA 94080",37.656877,-122.400863,us-census
SPRO-HQ,"675 Massachusetts Avenue 14Th Floor, Cambridge, MA 02139",42.365735,-71.104137,us-census
SPRS-HQ,"95 East Jefryn Blvd, Deer Park, NY 11729",40.758086,-73.298633,us-census
SPRU-HQ,"820 Gessner Road Suite 500, Houston, TX 77024",29.776177,-95.544385,us-census
SPRY-HQ,"11682 El Camino Real, Suite 300, San Diego, CA 92130",32.930959,-117.236841,us-census
SPSC-HQ,"333 South Seventh Street Suite 1000, Minneapolis, MN 55402",44.974898,-93.267717,us-census
SPT-HQ,"131 South Dearborn Street Suite 700, Chicago, IL 60603",41.879862,-87.629280,us-census
SPWH-HQ,"1475 West 9000 South Suite A, West Jordan, UT 84088",40.587720,-111.933399,us-census
SPWR-HQ,"1403 N Research Way, Orem, UT 84097",40.322037,-111.680901,us-census
SPXC-HQ,"6325 Ardrey Kell Road Suite 400, Charlotte, NC 28277",35.050711,-80.767123,us-census
SQFT-HQ,"4995 Murphy Canyon Road Suite 300, San Diego, CA 92123",32.830177,-117.120068,us-census
SQRL.MC-HQ,"AGASTIA 80, Madrid, ES 28043",40.450382,-3.654952,openstreetmap
SR-HQ,"700 Market Street, St Louis, MO 63101",38.625854,-90.192315,us-census
SRAD.L-HQ,"69-75 Side, Newcastle Upon Tyne, UK NE1 3JE",54.969341,-1.608666,openstreetmap
SRBK-HQ,"220 West Union Avenue, Bound Brook, NJ 08805",40.567252,-74.539457,us-census
SRCE-HQ,"100 North Michigan Street, South Bend, IN 46601",41.676431,-86.250285,us-census
SRE-HQ,"488 8Th Avenue, San Diego, CA 92101",32.710281,-117.157453,us-census
SRFM-HQ,"5080 Spectrum Drive Ste 250W, Addison, TX 75001",32.955543,-96.823029,us-census
SRG-HQ,"500 Fifth Avenue Suite 1530, New York, NY 10110",40.753555,-73.980919,us-census
SRG.MI-HQ,"VIA VEZZA D'OGLIO, 6, Milano, IT 20139",45.441445,9.204304,openstreetmap
SRPT-HQ,"215 First Street Suite 415, Cambridge, MA 02142",42.364189,-71.078555,us-census
SRRK-HQ,"301 Binney Street 3Rd Floor, Cambridge, MA 02142",42.366618,-71.088248,us-census
SRTA-HQ,"666 Third Avenue 25Th Floor, New York, NY 10017",40.751290,-73.974157,us-census
SRTS-HQ,"851 Broken Sound Parkway Nw Suite 215, Boca Raton, FL 33487",26.398756,-80.104123,us-census
SRXH-HQ,"801 US Highway 1, North Palm Beach, FL 33408",26.821263,-80.059440,us-census
SRZN-HQ,"171 Oyster Point Blvd Suite 400, South San Francisco, CA 94080",37.662379,-122.395257,us-census
SSB-HQ,"1101 First Street South, Suite 202, Winter Haven, FL 33880",28.011236,-81.726843,us-census
SSD-HQ,"5956 W Las Positas Blvd, Pleasanton, CA 94588",37.681983,-121.901928,us-census
SSL.MI-HQ,"VIA DI SANTA CORNELIA, 1000, Formello, IT 00060",42.048726,12.408669,openstreetmap
SSMR-HQ,"2209 Big Creek Road, Kellogg, ID 83837",47.500235,-116.071590,us-census
SSNC-HQ,"80 Lamberton Rd, Windsor, CT 06095",41.866398,-72.665220,us-census
SSP-HQ,"312 Walnut Street, Cininnati, OH 45202",39.099142,-84.510727,us-census
SST-HQ,"4235 Redwood Avenue, Marina Del Rey, CA 90066",33.989144,-118.438626,us-census
SSTI-HQ,"39300 Civic Center Drive, Suite 300, Fremont, CA 94538",37.555437,-121.978174,us-census
SSTK-HQ,"350 Fifth Avenue 20Th Floor, New York, NY 10118",40.747849,-73.985077,us-census
SSYS-HQ,"7665 Commerce Way, Eden Prairie, MN 55344",44.864602,-93.464895,us-census
STAA-HQ,"1911 Walker Ave, Monrovia, CA 91016",34.130268,-118.000323,us-census
STAG-HQ,"One Federal Street 23Rd Floor, Boston, MA 02110",42.356792,-71.056659,us-census
STAN.L-HQ,"1 Basinghall Avenue, London, UK EC2V 5DD",51.516750,-0.091054,openstreetmap
STBA-HQ,"800 Philadelphia Street Po Box 190, Indiana, PA 15701",40.622921,-79.154737,us-census
STC-HQ,"1360 Post Oak Blvd Suite 100, Houston, TX 77056",29.751538,-95.460877,us-census
STCB-HQ,"250 26Th Street Suite 200, Santa Monica, CA 90402",34.047457,-118.490935,us-census
STEM-HQ,"1400 Post Oak Boulevard, Suite 560, Houston, TX 77056",29.751411,-95.460950,us-census
STEP-HQ,"277 Park Avenue 45Th Floor, New York, NY 10172",40.755534,-73.975095,us-census
STEX-HQ,"165 Lincoln Ave 2Nd Floor, Winter Park, FL 32789",28.598740,-81.350232,us-census
STKS-HQ,"1624 Market Street Suite 311, Denver, CO 80202",39.750090,-104.997932,us-census
STLE-HQ,"250 E. Chestnut Street, Mifflinburg, PA 17844",40.923638,-77.030554,us-census
STLN-HQ,"18000 Studebaker Rd Suite 800, Cerritos, CA 90703",33.868076,-118.099040,us-census
STLY-HQ,"6265 Old Water Oak Road, Unit 204, Tallahassee, FL 32312",30.552826,-84.222868,us-census
STOK-HQ,"45 Wiggins Avenue, Bedford, MA 01730",42.480980,-71.264794,us-census
STRA-HQ,"2303 Dulles Station Boulevard, Herndon, VA 20171",38.959698,-77.415351,us-census
STRL-HQ,"1800 Hughes Landing Blvd. Suite 250, The Woodlands, TX 77380",30.172315,-95.468553,us-census
STRO-HQ,"111 Oyster Point Blvd., South San Francisco, CA 94080",37.662292,-122.397555,us-census
STRR-HQ,"53 Forest Avenue, Old Greenwich, CT 06870",41.035377,-73.564103,us-census
STRS-HQ,"212 Lavaca Street Suite 300, Austin, TX 78701",30.265168,-97.746592,us-census
STRT-HQ,"3333 West Good Hope Road, Milwaukee, WI 53209",43.148415,-87.953612,us-census
STRW-HQ,"6101 Nimtz Parkway, South Bend, IN 46628",41.722644,-86.332682,us-census
STRZ-HQ,"1647 Stewart St., Santa Monica, CA 90404",34.031248,-118.467100,us-census
STT-HQ,"1 Congress Street Suite 1, Boston, MA 02114",42.362465,-71.058228,us-census
STTK-HQ,"500 W. 5Th Street, Austin, TX 78701",30.268453,-97.747748,us-census
STUB-HQ,"175 Greenwich Street 59Th Floor, New York, NY 10007",40.709546,-74.012830,us-census
STVG.L-HQ,"Pacific Quay, Glasgow, UK G51 1PQ",55.858023,-4.292478,openstreetmap
STWD-HQ,"2340 Collins Avenue Suite 700, Miami Beach, FL 33139",25.799094,-80.127758,us-census
STXS-HQ,"710 N Tucker Blvd Ste 110, St.Louis, MO 63101",38.632527,-90.196346,us-census
STZ-HQ,"50 East Broad Street, Rochester, NY 14614",43.154769,-77.608265,us-census
SUI-HQ,"27777 Franklin Road Suite 300, Southfield, MI 48034",42.491605,-83.297443,us-census
SUIG-HQ,"1907 Wayzata Boulevard Suite 205, Wayzata, MN 55391",44.971371,-93.488468,us-census
SUJA-HQ,"3831 Ocean Ranch Blvd., Oceanside, CA 92056",33.211126,-117.309169,us-census
SUN-HQ,"8111 Westchester Dr., Suite 400 Suite 600, Dallas, TX 75225",32.861465,-96.806566,us-census
SUNB-HQ,"1799 Innovation Point, Fort Mill, SC 29715",35.030125,-80.959474,us-census
SUNC-HQ,"8111 Westchester Drive Suite 400, Dallas, TX 75225",32.861465,-96.806566,us-census
SUNE-HQ,"171 Remington Boulevard, Ronkonkoma, NY 11779",40.791888,-73.134532,us-census
SUNS-HQ,"525 Okeechobee Blvd., Suite 1650, West Palm Beach, FL 33401",26.705650,-80.056093,us-census
SUPN-HQ,"9715 Key West Avenue, Rockville, MD 20850",39.103780,-77.205477,us-census
SURG-HQ,"3124 Brother Blvd Suite 104, Bartlett, TN 38133",35.208437,-89.814599,us-census
SVC-HQ,"C/O The Rmr Group Two Newton Pl., 255 Wash. St., Ste. 300, Newton, MA 02458",42.357214,-71.185744,us-census
SVCO-HQ,"4701 Patrick Henry Drive Building #23, Santa Clara, CA 95054",37.397941,-121.984907,us-census
SVS.L-HQ,"33 Margaret Street, London, UK W1G 0JD",51.516537,-0.143143,openstreetmap
SVV-HQ,"11400 Se 6Th St., #220, Bellevue, WA 98004",47.604625,-122.187388,us-census
SW.PA-HQ,"255 QUAI DE LA BATAILLE DE STALINGRAD, Issy-Les-Moulineaux, FR 92130",48.821794,2.251144,openstreetmap
SWAG-HQ,"2 Heritage Drive Suite 600, Quincy, MA 02171",42.275205,-71.037777,us-census
SWDR-HQ,"2340 Collins Avenue, Miami Beach, FL 33139",25.799094,-80.127758,us-census
SWIM-HQ,"787 Watervliet Shaker Road, Latham, NY 12110",42.739147,-73.795621,us-census
SWK-HQ,"1000 Stanley Dr P O Box 7000, New Britain, CT 06053",41.693577,-72.803822,us-census
SWKH-HQ,"5956 Sherry Lane Suite 650, Dallas, TX 75225",32.862225,-96.809903,us-census
SWKS-HQ,"5260 California Avenue, Irvine, CA 92617",33.638102,-117.850664,us-census
SWMR-HQ,"4515 Seton Center Pkwy #330, Austin, TX 78759",30.400648,-97.742505,us-census
SWRD-HQ,"4300 N. University Drive Suite D-105, Lauderhill, FL 33351",26.178681,-80.251612,us-census
SWX-HQ,"C/O Southwest Gas Corporation 8360 S. Durango Drive, Las Vegas, NV 89113",36.036050,-115.278826,us-census
SXC-HQ,"1011 Warrenville Road Suite 600, Lisle, IL 60532",41.808564,-88.069641,us-census
SXI-HQ,"23 Keewaydin Drive Suite 300, Salem, NH 03079",42.770445,-71.244665,us-census
SXT-HQ,"777 East Wisconsin Avenue, Milwaukee, WI 53202",43.038951,-87.902074,us-census
SXTP-HQ,"1025 Connecticut Avenue Nw Suite 1000, Washington, DC 20036",38.902886,-77.039439,us-census
SYBT-HQ,"1040 E Main St, Louisville, KY 40206",38.253814,-85.731359,us-census
SYM-HQ,"200 Research Drive, Wilmington, MA 01887",42.603357,-71.157882,us-census
SYME.L-HQ,"27/28 Eastcastle Street, London, UK W1W 8DH",51.516717,-0.138486,openstreetmap
SYNA-HQ,"1109 Mckay Drive, San Jose, CA 95131",37.388927,-121.893607,us-census
SYNT.L-HQ,"45 Pall Mall, London, UK SW1Y 5JG",51.505772,-0.136318,openstreetmap
SYPR-HQ,"101 Bullitt Ln Ste 450, Louisville, KY 40222",38.246738,-85.613589,us-census
SYRA-HQ,"1119 Keystone Way N. #201, Carmel, IN 46032",39.961800,-86.114797,us-census
SYRE-HQ,"221 Crescent Street Building 23, Suite 105, Waltham, MA 02453",42.367117,-71.243113,us-census
SYY-HQ,"1390 Enclave Pkwy, Houston, TX 77077",29.758336,-95.618781,us-census
T-HQ,"208 S. Akard St, Dallas, TX 75202",32.779734,-96.799211,us-census
TACT-HQ,"One Hamden Center 2319 Whitney Avenue, Suite 3B, Hamden, CT 06518",41.382218,-72.902217,us-census
TALO-HQ,"333 Clay Street Suite 3300, Houston, TX 77002",29.757586,-95.372617,us-census
TAOX-HQ,"1185 Avenue Of The Americas, 3Rd Floor, New York, NY 10036",40.757580,-73.982201,us-census
TARS-HQ,"15440 Laguna Canyon Road, Irvine, CA 92618",33.668023,-117.759677,us-census
TASK-HQ,"1650 Independence Drive, New Braunfels, TX 78132",29.718329,-98.158201,us-census
TATE.L-HQ,"5 Marble Arch, London, UK W1H 7EJ",51.513825,-0.160004,openstreetmap
TAYD-HQ,"90 Taylor Dr, North Tonawanda, NY 14120",43.027871,-78.883528,us-census
TBBK-HQ,"409 Silverside Road, Wilmington, DE 19809",39.786009,-75.486026,us-census
TBCH-HQ,"15822 Bernardo Center Drive Suite 105, San Diego, CA 92127",33.005367,-117.091725,us-census
TBI-HQ,"1015 A Street, Tacoma, WA 98402",47.254133,-122.437216,us-census
TBLA-HQ,"16 Madison Square West, 7Th Fl., New York, NY 10010",40.741137,-73.987886,us-census
TBTC-HQ,"Baker Technology Plaza South 6101 Baker Road ? Suite 206, Minnetonka, MN 55345",44.893140,-93.446947,us-census
TCBI-HQ,"2000 Mckinney Ave Suite 700, Dallas, TX 75201",32.790768,-96.803481,us-census
TCBK-HQ,"Trico Bancshares 63 Constitution Drive, Chico, CA 95973",39.772786,-121.875616,us-census
TCBS-HQ,"215 West Broad Street, Mineola, TX 75773",32.663840,-95.490497,us-census
TCI-HQ,"1603 Lbj Freeway Suite 800, Dallas, TX 75234",32.907841,-96.920955,us-census
TCMD-HQ,"1331 Tyler Street Ne Ste 200, Minneapolis, MN 55413",45.001566,-93.245976,us-census
TCRT-HQ,"501 E Las Olas Blvd Suite 300, Fort Lauderdale, FL 33301",26.119268,-80.138107,us-census
TCRX-HQ,"830 Winter Street, Waltham, MA 02451",42.410001,-71.273545,us-census
TCX-HQ,"96 Mowat Avenue, Toronto, ON M6K 3M1",43.639030,-79.426090,openstreetmap
TDAY-HQ,"175 Sully's Trail, Suite 203, Pittsford, NY 14534",43.055333,-77.467599,us-census
TDC-HQ,"17095 Via Del Campo, San Diego, CA 92127",33.020616,-117.094404,us-census
TDG-HQ,"1350 Euclid Avenue Suite 1600, Cleveland, OH 44115",41.500695,-81.682495,us-census
TDOC-HQ,"155 E 44Th Street Suite 1700, New York, NY 10017",40.752420,-73.974192,us-census
TDUP-HQ,"969 Broadway Suite 200, Oakland, CA 94607",37.801398,-122.273226,us-census
TDW-HQ,"842 West Sam Houston Parkway North Suite 400, Houston, TX 77024",29.781021,-95.562489,us-census
TDY-HQ,"1049 Camino Dos Rios, Thousand Oaks, CA 91360",34.193607,-118.903734,us-census
TE-HQ,"1211 E 4Th St., Austin, TX 78702",30.262506,-97.731228,us-census
TEAD-HQ,"111 West 19Th Street, New York, NY 10011",40.740639,-73.994898,us-census
TEAM-HQ,"350 Bush Street Floor 13, San Francisco, CA 94104",37.790907,-122.403322,us-census
TECH-HQ,"614 Mckinley Place Ne, Minneapolis, MN",44.995391,-93.228722,us-census
TEF.MC-HQ,"GRAN VIA 28, Madrid, ES 28013",40.420193,-3.701957,openstreetmap
TELA-HQ,"1 Great Valley Parkway, Suite 24, Malvern, PA 19355",40.064890,-75.530696,us-census
TEM-HQ,"600 West Chicago Avenue Suite 510, Chicago, IL 60654",41.896533,-87.643081,us-census
TENB-HQ,"6100 Merriweather Drive, Columbia, MD 21044",39.207084,-76.861620,us-census
TER-HQ,"600 Riverpark Drive, North Reading, MA 01864",42.556467,-71.133749,us-census
TES.MI-HQ,"PIAZZA SANT'AMBROGIO, 16, Milano, IT 20123",45.462374,9.174496,openstreetmap
TFC-HQ,"214 North Tryon Street, Charlotte, NC 28202",35.228086,-80.841701,us-census
TFI.PA-HQ,"1 QUAI DU POINT DU JOUR, Boulogne-Billancourt, FR 92100",48.833857,2.260855,openstreetmap
TFIN-HQ,"12700 Park Central Drive Suite 1700, Dallas, TX 75251",32.920115,-96.776936,us-census
TFSL-HQ,"7007 Broadway Avenue, Cleveland, OH 44105",41.458975,-81.639564,us-census
TFX-HQ,"550 E Swedesford Rd Suite 400, Wayne, PA 19087",40.075892,-75.423181,us-census
TGEN-HQ,"76 Treble Cove Road Bldg. 1, North Billerica, MA 01862",42.574166,-71.289373,us-census
TGL-HQ,"276 5Th Avenue Suite 704 #739, New York, NY 10001",40.745511,-73.986781,us-census
TGL.KA-HQ,"128 J, Model Town, Lahore, PK 53100",31.473000,74.310854,openstreetmap
TGLS-HQ,"3550 Nw 49Th Street,, Miami, FL 33142",25.818998,-80.253830,us-census
TGR.L-HQ,"Eastcastle House, 27/28 Eastcastle Street, London, UK W1W 8DH",51.516717,-0.138486,openstreetmap
TGT-HQ,"1000 Nicollet Mall, Minneapolis, MN 55403",44.973944,-93.274803,us-census
TGTX-HQ,"2 Gansevoort Street, 9Th Floor, New York, NY 10014",40.739361,-74.003942,us-census
TH-HQ,"9320 Lakeside Blvd. Suite 300, The Woodlands, TX 77381",30.170958,-95.477275,us-census
THC-HQ,"14201 Dallas Parkway, Dallas, TX 75254",32.939701,-96.822316,us-census
THCH-HQ,"C/O Cartesian Capital Group LLC 505 5Th Avenue, 15Th Floor, New York, NY 10017",40.753643,-73.980681,us-census
THG-HQ,"440 Lincoln St, Worcester, MA 01653",42.291825,-71.781212,us-census
THRM-HQ,"28875 Cabot Drive, Novi, MI 48377",42.505905,-83.443573,us-census
THRY-HQ,"1301 Municipal Way Suite 220, Grapevine, TX 76051",32.926669,-97.076734,us-census
TIC-HQ,"2700 Post Oak Blvd. Suite 2300, Houston, TX 77056",29.739345,-95.460754,us-census
TII-HQ,"408 Sylvia Lake Road, Gouverneur, NY 13642",44.268152,-75.404315,us-census
TILE-HQ,"1280 West Peachtree St. Nw, Atlanta, GA 30309",33.789450,-84.387856,us-census
TIP.MI-HQ,"VIA PONTACCIO, 10, Milano, IT 20121",45.472752,9.186387,openstreetmap
TIPT-HQ,"660 Steamboat Road 2Nd Floor, Greenwich, CT 06830",41.014227,-73.622410,us-census
TISI-HQ,"13131 Dairy Ashford Suite 600, Sugar Land, TX 77478",29.630778,-95.597752,us-census
TIT.MI-HQ,"VIA GAETANO NEGRI, 1, Milano, IT 20123",45.465149,9.184653,openstreetmap
TITN-HQ,"644 East Beaton Drive, West Fargo, ND 58078",46.848021,-96.895166,us-census
TJX-HQ,"770 Cochituate Rd, Framingham, MA 01701",42.308736,-71.382712,us-census
TKNO-HQ,"2451 Bert Drive, Hollister, CA 95023",36.894952,-121.397700,us-census
TKO-HQ,"200 Fifth Ave, New York, NY 10010",40.741629,-73.989605,us-census
TKR-HQ,"4500 Mt. Pleasant St. Nw, North Canton, OH 44720",40.906756,-81.430721,us-census
TLF-HQ,"1900 Se Loop 820, Ft Worth, TX 76140",32.668779,-97.302068,us-census
TLGO.MC-HQ,"paseo del tren talgo 2, Rozas de Madrid, Las, ES 28290",40.536643,-3.886408,openstreetmap
TLN-HQ,"2929 Allen Pkwy, Suite 2200, Houston, TX 77019",29.761589,-95.397017,us-census
TLPH-HQ,"1850 Gateway Drive Suite 175, San Mateo, CA 94404",37.557040,-122.280193,us-census
TLRY-HQ,"445 Park Avenue, New York, NY 10022",40.761152,-73.971000,us-census
TLS-HQ,"19886 Ashburn Road, Ashburn, VA 20147",39.065723,-77.480801,us-census
TLSI-HQ,"6272 West 91St Avenue, Westminster, CO 80031",39.861144,-105.066714,us-census
TLX-HQ,"55 Flemington Road, Melbourne, AU 3051",-37.799741,144.954318,openstreetmap
TLYS-HQ,"10 Whatney, Irvine, CA 92618",33.636893,-117.721073,us-census
TMDX-HQ,"200 Minuteman Road, Andover, MA 01810",42.690770,-71.219932,us-census
TMO-HQ,"168 Third Avenue, Waltham, MA 02451",42.396182,-71.259687,us-census
TMP-HQ,"118 E Seneca Street P.O. Box 460, Ithaca, NY 14850",42.440467,-76.498600,us-census
TMS-HQ,"214 Sullivan Street 3B, New York, NY 10012",40.729036,-74.000315,us-census
TMUS-HQ,"12920 Se 38Th Street, Bellevue, WA 98006",47.576125,-122.168472,us-census
TNDM-HQ,"12400 High Bluff Drive, San Diego, CA 92130",32.943885,-117.239502,us-census
TNGX-HQ,"201 Brookline Avenue Suite 901, Boston, MA 02215",42.342551,-71.103564,us-census
TNL-HQ,"501 West Church Street, Orlando, FL 32805",28.540239,-81.385015,us-census
TNON-HQ,"104 Cooper Ct., Los Gatos, CA 95032",37.239903,-121.973773,us-census
TNYA-HQ,"171 Oyster Point Blvd., Suite 500, South San Francisco, CA 94080",37.662379,-122.395257,us-census
TOGI-HQ,"1421 Mccarthy Blvd., Milpitas, CA 95035",37.409021,-121.921021,us-census
TOL-HQ,"1140 Virginia Drive, Fort Washington, PA 19034",40.135760,-75.183115,us-census
TOM2.AS-HQ,"De Ruijterkade 154, Amsterdam, NL 1011AC",52.377262,4.909426,openstreetmap
TOMZ-HQ,"8430 Spires Way, Frederick, MD 21701",39.435961,-77.373173,us-census
TONX-HQ,"2300 West Sahara Avenue Suite 800, Las Vegas, NV 89102",36.144449,-115.173283,us-census
TOON-HQ,"190 N. Canon 4Th Floor, Beverly Hills, CA 90210",34.067773,-118.397956,us-census
TOP-HQ,"4201 Main Street, Suite 200, Houston, TX 77002",29.735213,-95.382044,us-census
TOPP-HQ,"1907 Black Hawk Cir, Audubon, PA 19403",40.143578,-75.434794,us-census
TOST-HQ,"333 Summer Street, Boston, MA 02210",42.349574,-71.048985,us-census
TOVX-HQ,"9605 Medical Center Drive Suite 270, Rockville, MD 20850",39.105083,-77.196618,us-census
TPB-HQ,"5201 Interchange Way, Louisville, KY 40229",38.096341,-85.677734,us-census
TPC-HQ,"15901 Olden Street, Sylmar, CA 91342",34.312531,-118.476758,us-census
TPET-HQ,"One Park Place 621 Nw 53Rd Street Ste 125, Boca Raton, FL 33487",26.396404,-80.095625,us-census
TPG-HQ,"301 Commerce Street Suite 3300, Fort Worth, TX 76102",32.756131,-97.331097,us-census
TPRO.MI-HQ,"VIA CAVALIERI DI VITTORIO VENETO, 2, Cernusco Lombardone, IT 23870",45.683663,9.399275,openstreetmap
TPTS-HQ,"805 Third Avenue, New York, NY 10022",40.755748,-73.970730,us-census
TR-HQ,"7401 S Cicero Ave, Chicago, IL 60629",41.758777,-87.741608,us-census
TRAK-HQ,"5282 South Commerce Drive Suite D292, Murray, UT 84107",40.655878,-111.899832,us-census
TRAW-HQ,"12 Penns Trail, Newtown, PA 18940",40.230747,-74.909904,us-census
TRC-HQ,"4436 Lebec Road Po Box 1000, Lebec, CA 93243",34.874698,-118.888905,us-census
TRCK-HQ,"200 E. 5Th Avenue Suite 100, Naperville, IL 60563",41.780857,-88.143204,us-census
TRDA-HQ,"One Design Center Place Suite 17-500, Boston, MA 02210",42.343943,-71.034233,us-census
TREE-HQ,"1415 Vantage Park Drive, Suite 700, Charlotte, NC 28203",35.216891,-80.827392,us-census
TRGP-HQ,"811 Louisiana Street Suite 2100, Houston, TX 77002",29.759862,-95.366388,us-census
TRI-HQ,"19 Duncan Street, Toronto, ON M5H 3H1",43.648121,-79.388504,openstreetmap
TRIO.AS-HQ,"Hoofdstraat 10a, Driebergen-Rijsenburg, NL 3972LA",52.063450,5.259372,openstreetmap
TRIP-HQ,"400 1St Avenue, Needham, MA 02494",42.298291,-71.220299,us-census
TRLV-HQ,"3494 Martin Hurst Road, Tallahassee, FL 32312",30.505958,-84.255109,us-census
TRMB-HQ,"10368 Westmoor Dr, Westminster, CO 80021",39.899232,-105.118350,us-census
TRMK-HQ,"248 E Capitol St P O Box 291, Jackson, MS 39201",32.299942,-90.185128,us-census
TRN-HQ,"14221 N Dallas Parkway Suite 1100, Dallas, TX 75254",32.945198,-96.823467,us-census
TRN.L-HQ,"120 Holborn, London, UK EC1N 2TD",51.518035,-0.108074,openstreetmap
TRN.MI-HQ,"VIALE EGIDIO GALBANI, N 70, Roma, IT 00156",41.928170,12.564511,openstreetmap
TRNO-HQ,"101 Montgomery Street Suite 200, San Francisco, CA 94104",37.789870,-122.402230,us-census
TRNR-HQ,"1005 Congress Avenue Suite 925, Austin, TX 78701",30.271873,-97.741346,us-census
TRNS-HQ,"35 Vantage Point Drive, Rochester, NY 14624",43.155438,-77.756701,us-census
TRON-HQ,"941 W. Morse Blvd. Suite 100, Winter Park, FL 32789",28.597741,-81.361422,us-census
TROX-HQ,"263 Tresser Blvd., Suite 1100, Stamford, CT 06901",41.051600,-73.535432,us-census
TRS-HQ,"38505 Woodward Avenue Suite 200, Bloomfield Hills, MI 48304",42.567641,-83.230426,us-census
TRST-HQ,"6 Metro Park Road, Albany, NY 12205",42.719138,-73.800743,us-census
TRT-HQ,"16139 Wyandotte St., Van Nuys, CA 91406",34.203049,-118.484536,us-census
TRU-HQ,"555 West Adams Street, Chicago, IL 60661",41.879230,-87.641540,us-census
TRUG-HQ,"7951 S.W. 6Th Street, Suite 216, Plantation, FL 33324",26.113593,-80.258914,us-census
TRUP-HQ,"6100 4Th Avenue South Suite 400, Seattle, WA 98108",47.547990,-122.329502,us-census
TRV-HQ,"385 Washington St, Saint Paul, MN 55102",44.945183,-93.097677,us-census
TSBK-HQ,"624 Simpson Ave, Hoquiam, WA 98550",46.978456,-123.886078,us-census
TSCO-HQ,"5401 Virginia Way, Brentwood, TN 37027",36.033359,-86.812349,us-census
TSEOQ-HQ,"440 East Swedesford Road Suite 301, Wayne, PA 19087",40.075136,-75.425031,us-census
TSHA-HQ,"3000 Pegasus Park Drive Suite 1430, Dallas, TX 75247",32.811422,-96.860962,us-census
TSN-HQ,"2200 W. Don Tyson Parkway, Springdale, AR",36.152868,-94.153160,us-census
TSNDF-HQ,"3610 Mavis Road, Mississauga, ON L5B 4A7",43.577377,-79.650661,openstreetmap
TSQ-HQ,"4 Manhattanville Road, Suite 107, Purchase, NY 10577",41.023399,-73.718013,us-census
TSSI-HQ,"110 E. Old Settlers Road Suite 100, Round Rock, TX 78664",30.533647,-97.687225,us-census
TTC-HQ,"8111 Lyndale Ave South, Bloomington, MN 55420",44.856670,-93.288288,us-census
TTD-HQ,"42 N. Chestnut Street, Ventura, CA 93001",34.281374,-119.291482,us-census
TTEC-HQ,"100 Congress Avenue Suite 1425, Austin, TX 78701",30.263459,-97.744610,us-census
TTEK-HQ,"3475 East Foothill Boulevard, Pasadena, CA 91107",34.150181,-118.078702,us-census
TTGT-HQ,"275 Grove Street, Newton, MA 02466",42.338806,-71.251414,us-census
TTI-HQ,"10000 Energy Drive Suite 600, Box 4, Spring, TX 77389",30.097390,-95.438178,us-census
TTMI-HQ,"200 East Sandpointe Suite 400, Santa Ana, CA 92707",33.697652,-117.867093,us-census
TTSH-HQ,"14000 Carlson Parkway, Plymouth, MN 55441",44.984827,-93.457569,us-census
TTWO-HQ,"110 West 44Th Street, New York, NY 10036",40.756227,-73.983527,us-census
TULP-HQ,"5000 West 36Th Street Suite 220, Minneapolis, MN 55416",44.937928,-93.343464,us-census
TVRD-HQ,"3 Sugar Creek Ctr. Blvd. Ste 525, Sugar Land, TX 77478",29.614897,-95.605587,us-census
TVTX-HQ,"3611 Valley Centre Dr Suite 300, San Diego, CA 92130",32.937439,-117.235722,us-census
TW-HQ,"245 Park Avenue, New York, NY 10167",40.754796,-73.975634,us-census
TWAV-HQ,"110 16Th Street Suite 1400 #1024, Denver, CO 80202",39.741501,-104.987541,us-census
TWEKA.AS-HQ,"Spinnerstraat 15, Haaksbergen, NL 7481KJ",52.155955,6.728715,openstreetmap
TWFG-HQ,"10055 Grogans Mill Rd Suite 500, The Woodlands, TX 77380",30.159398,-95.470654,us-census
TWI-HQ,"1525 Kautz Road Suite 600, West Chicago, IL 60185",41.908439,-88.262406,us-census
TWIN-HQ,"1328 Racine St, Racine, WI 53403",42.716531,-87.793867,us-census
TWLO-HQ,"101 Spear Street Suite 500, San Francisco, CA 94105",37.792534,-122.393958,us-census
TWNPQ-HQ,"5151 Belt Line Road, Suite 1200, Dallas, TX 75254",32.954213,-96.819676,us-census
TWST-HQ,"681 Gateway Blvd., South San Francisco, CA 94080",37.657553,-122.399865,us-census
TXG-HQ,"6230 Stoneridge Mall Road, Pleasanton, CA 94588",37.692246,-121.923314,us-census
TXNM-HQ,"414 Silver Ave. Sw, Albuquerque, NM 87102",35.082547,-106.652220,us-census
TXO-HQ,"400 West 7Th Street, Fort Worth, TX 76102",32.751545,-97.332363,us-census
TXRH-HQ,"6040 Dutchmans Lane, Louisville, KY 40205",38.229038,-85.643350,us-census
TXT-HQ,"40 Westminster St, Providence, RI 02903",41.825205,-71.409194,us-census
TYA.MI-HQ,"VIA DEL TERMINE, 11, Firenze, IT 50127",43.802107,11.201089,openstreetmap
TYFG-HQ,"706 Washington Street, Mendota, IL 61342",41.548092,-89.118569,us-census
TYGO-HQ,"983 University Avenue Suite B, Los Gatos, CA 95032",37.246452,-121.968319,us-census
TYL-HQ,"5101 Tennyson Pkwy, Plano, TX 75024",33.064902,-96.800741,us-census
TZOO-HQ,"590 Madison Avenue 35Th Floor, New York, NY 10022",40.762050,-73.972621,us-census
U-HQ,"116 New Montgomery Street, San Francisco, CA 94105",37.787217,-122.400325,us-census
UAL-HQ,"E. Anna Ha - Whqld 233 South Wacker Drive, Chicago, IL 60606",41.878916,-87.636603,us-census
UAMY-HQ,"4438 W Lovers Lane Unit 100, Dallas, TX 75209",32.851109,-96.833682,us-census
UAN-HQ,"2277 Plaza Drive Suite 500, Sugar Land, TX 77479",29.595334,-95.621090,us-census
UAVS-HQ,"505 Century Parkway, Suite 250, Allen, TX 75013",33.096385,-96.674430,us-census
UBCP-HQ,"201 South Fourth Street P O Box 10, Martins Ferry, OH 43935",40.094849,-80.725530,us-census
UBER-HQ,"1725 3Rd Street, San Francisco, CA 94158",37.767634,-122.389099,us-census
UBI.PA-HQ,"2 RUE DU CHENE HELEUC, Carentoir, FR 56910",47.811860,-2.130474,openstreetmap
UBSI-HQ,"300 United Ctr 500 Virginia St E, Charleston, WV 25301",38.351195,-81.638259,us-census
UCB-HQ,"200 E. Camperdown Way, Greenville, SC 29601",34.844249,-82.398447,us-census
UCTT-HQ,"26462 Corporate Avenue, Hayward, CA 94545",37.626395,-122.112946,us-census
UD.MI-HQ,"VIALE ALEXANDRE GUSTAVE EIFFEL, 100, Roma, IT 00148",41.807196,12.335019,openstreetmap
UDR-HQ,"1745 Shea Center Drive Suite 200, Highlands Ranch, CO 80129",39.553340,-105.008510,us-census
UE-HQ,"12 East 49Th Street, 44Th Floor, New York, NY 10017",40.757639,-73.977163,us-census
UFCS-HQ,"118 Second Ave Se, Cedar Rapids, IA 52401",41.977413,-91.668756,us-census
UFI-HQ,"7201 West Friendly Rd P O Box 19109, Greensboro, NC 27419",36.088467,-79.922090,us-census
UFPI-HQ,"2801 East Beltline Ne, Grand Rapids, MI 49525",43.013210,-85.590463,us-census
UFPT-HQ,"100 Hale Street, Newburyport, MA 01950",42.802657,-70.915436,us-census
UG-HQ,"230 Marcus Blvd, Hauppauge, NY 11788",40.815144,-73.247394,us-census
UGA-HQ,"1850 Mt. Diablo Blvd. Suite 640, Walnut Creek, CA 94596",37.897414,-122.064734,us-census
UGI-HQ,"500 N Gulph Rd P O Box 858, King Of Prussia, PA 19406",40.092551,-75.415980,us-census
UHAL-HQ,"5555 Kietzke Lane Ste 100, Reno, NV 89511",39.463807,-119.788828,us-census
UHS-HQ,"367 S Gulph Rd, King Of Prussia, PA 19406",40.079838,-75.369986,us-census
UHT-HQ,"Universal Corporate Ctr 367 S Gulph Rd, King Of Prussia, PA 19406",40.079838,-75.369986,us-census
UI-HQ,"685 Third Avenue, 27Th Floor, New York, NY 10017",40.751725,-73.973666,us-census
UIS-HQ,"801 Lakeview Drive, Suite 100, Blue Bell, PA 19422",40.142287,-75.288297,us-census
UKW.L-HQ,"20 Fenchurch Street, London, UK EC3M 3BY",51.511270,-0.083540,openstreetmap
ULBI-HQ,"2000 Technology Parkway, Newark, NY 14513",43.024415,-77.094268,us-census
ULH-HQ,"12755 East Nine Mile Road, Warren, MI 48089",42.463773,-82.995165,us-census
ULS-HQ,"333 Pfingsten Road, Northbrook, IL 60062",42.145021,-87.848206,us-census
ULTA-HQ,"1000 Remington Blvd Suite 120, Bolingbrook, IL 60440",41.678215,-88.105917,us-census
UMAC-HQ,"5728 Major Blvd Ste #250, Orlando, FL",28.478184,-81.453919,us-census
UMBF-HQ,"1010 Grand Ave, Kansas City, MO 64106",39.102096,-94.580886,us-census
UMG.AS-HQ,"'s-Gravelandseweg 80, Hilversum, NL 1217EW",52.230334,5.163942,openstreetmap
UNBL.PA-HQ,"2 ALLEE DE LONGCHAMP, Suresnes, FR 92150",48.866839,2.226701,openstreetmap
UNF-HQ,"68 Jonspin Rd, Wilmington, MA 01887",42.597964,-71.150676,us-census
UNFI-HQ,"15 Park Row W Ste 302, Providence, RI 02903",41.828714,-71.411731,us-census
UNG-HQ,"1850 Mt. Diablo Blvd. Suite 640, Walnut Creek, CA 94596",37.897414,-122.064734,us-census
UNI.MC-HQ,"Avenida de Andalucía 10-12, Málaga, ES 29007",36.715316,-4.446672,openstreetmap
UNI.MI-HQ,"VIA STALINGRADO, 45, Bologna, IT 40128",44.513891,11.359396,openstreetmap
UNL-HQ,"1850 Mt. Diablo Blvd. Suite 640, Walnut Creek, CA 94596",37.897414,-122.064734,us-census
UNM-HQ,"1 Fountain Square, Chattanooga, TN 37402",35.006812,-85.250028,us-census
UNP-HQ,"1400 Douglas Street Stop 0310, Omaha, NE 68179",41.258705,-95.934596,us-census
UNTY-HQ,"64 Old Highway 22, Clinton, NJ 08809",40.637643,-74.904516,us-census
UONE-HQ,"1010 Wayne Avenue 14Th Fl, Silver Spring, MD 20910",38.994508,-77.027147,us-census
UP-HQ,"2135 American Way, Chamblee, GA 30341",33.895733,-84.303106,us-census
UPBD-HQ,"5501 Headquarters Drive, Plano, TX 75024",33.084298,-96.814314,us-census
UPLD-HQ,"900 S. Capital Of Texas Hwy Las Cimas IV, Suite 300, Austin, TX 78746",30.288276,-97.827669,us-census
UPS-HQ,"55 Glenlake Parkway Ne, Atlanta, GA 30328",33.936791,-84.359996,us-census
UPST-HQ,"220 Park Road Suite 500, Burlingame, CA 94010",37.577805,-122.346222,us-census
UPWK-HQ,"530 Lytton Avenue, Suite 301, Palo Alto, CA 94301",37.449625,-122.159848,us-census
UPXI-HQ,"3030 N. Rocky Point Drive Suite 420, Tampa, FL",27.967779,-82.568043,us-census
URBN-HQ,"5000 South Broad Street, Philadelphia, PA 19112",39.889981,-75.175940,us-census
URG-HQ,"1478 Willer Drive, Casper, WY 82604",42.870042,-106.432249,us-census
URI-HQ,"100 First Stamford Place, Suite 700, Stamford, CT 06902",41.029719,-73.526749,us-census
UROY-HQ,"141 Union Blvd. Suite #310, Lakewood, CO 80228",39.716231,-105.133029,us-census
USAC-HQ,"8117 Preston Road Suite 300, Dallas, TX 75225",32.861625,-96.804278,us-census
USAR-HQ,"100 W Airport Road, Stillwater, OK 74075",36.159530,-97.059376,us-census
USB-HQ,"U.S. Bancorp 200 S. Sixth St., Minneapolis, MN 55402",44.976702,-93.268591,us-census
USCB-HQ,"2301 Nw 87Th Avenue, Doral, FL 33172",25.795414,-80.336878,us-census
USDE-HQ,"6160 Warren Parkway, Suite 100, Frisco, TX 75034",33.106929,-96.833215,us-census
USFD-HQ,"9399 W. Higgins Rd. Suite 100, Rosemont, IL 60018",41.990988,-87.859837,us-census
USIO-HQ,"3611 Paesanos Parkway Suite 300, San Antonio, TX 78231",29.600056,-98.552068,us-census
USL-HQ,"1850 Mt. Diablo Blvd. Suite 640, Walnut Creek, CA 94596",37.897414,-122.064734,us-census
USLM-HQ,"5429 Lbj Freeway Suite 230, Dallas, TX 75240",32.926429,-96.816195,us-census
USNA-HQ,"3838 West Parkway Blvd., Salt Lake City, UT 84120",40.711533,-111.980319,us-census
USO-HQ,"1850 Mt. Diablo Blvd. Suite 640, Walnut Creek, CA 94596",37.897414,-122.064734,us-census
USPH-HQ,"1300 West Sam Houston Parkway South Suite 300, Houston, TX 77043",29.795110,-95.562983,us-census
UTGN-HQ,"205 North Depot Street, Stanford, KY 40484",37.529599,-84.662667,us-census
UTHR-HQ,"1000 Spring St, Silver Spring, MD 20910",38.998957,-77.026272,us-census
UTI-HQ,"4225 East Windrose Drive Suite 200, Phoenix, AZ 85032",33.602188,-111.990543,us-census
UTL-HQ,"6 Liberty Lane West, Hampton, NH 03842",42.951930,-70.859459,us-census
UTZ-HQ,"900 High Street, Hanover, PA 17331",39.814359,-76.998985,us-census
UUU-HQ,"11407 Cronhill Drive, Suites A-D, Owings Mills, MD 21117",39.436178,-76.773065,us-census
UUUU-HQ,"225 Union Blvd., Suite 600, Lakewood, CO 80228",39.718854,-105.132494,us-census
UVE-HQ,"1110 W. Commercial Blvd. Suite 100, Fort Lauderdale, FL 33309",26.188274,-80.158298,us-census
UVSP-HQ,"14 North Main Street Po Box 197, Souderton, PA 18964",40.309573,-75.321380,us-census
UVV-HQ,"9201 Forest Hill Avenue Stony Point II Building, Richmond, VA 23235",37.540838,-77.565100,us-census
UWHR-HQ,"132 North First Street Po Box 338, Albemarle, NC 28001",35.351028,-80.199474,us-census
UWMC-HQ,"585 South Blvd E, Pontiac, MI 48341",42.619819,-83.263827,us-census
VABK-HQ,"404 People Place, Charlottesville, VA 22911",38.033575,-78.453167,us-census
VAC-HQ,"7812 Palm Parkway, Orlando, FL 32836",28.397731,-81.489830,us-census
VALU-HQ,"551 Fifth Ave., 3Rd Floor, New York, NY 10176",40.755690,-73.979185,us-census
VANI-HQ,"1350 S. Loop Road, Alameda, CA 94502",37.722127,-122.236719,us-census
VANTI.PA-HQ,"10 boulevard de Grenelle, Paris, FR 75015",48.853147,2.288597,openstreetmap
VASO-HQ,"137 Commercial Street, Ste. 200, Plainview, NY 11803",40.790427,-73.463599,us-census
VATE-HQ,"295 Madison Avenue 12Th Floor, New York, NY 10017",40.751980,-73.979802,us-census
VBIO-HQ,"1305 E. Houston Street Building 1, Suite 311, San Antonio, TX 78205",29.425113,-98.477629,us-census
VC-HQ,"One Village Center Drive, Van Buren Township, MI 48111",42.242609,-83.433712,us-census
VCTR-HQ,"4900 Tiedemann Road 4Th Floor, Brooklyn, OH 44144",41.425110,-81.760935,us-census
VCYT-HQ,"6000 Shoreline Court, Suite 300, South San Francisco, CA 94080",37.671563,-122.388440,us-census
VEEA-HQ,"164 E. 83Rd Street, New York, NY 10028",40.777209,-73.956371,us-census
VEEV-HQ,"4280 Hacienda Drive, Pleasanton, CA 94588",37.689427,-121.894696,us-census
VELO-HQ,"2710 Lakeview Ct, Fremont, CA 94538",37.470633,-121.930889,us-census
VENU-HQ,"1755 Telstar Dr Ste 501, Colorado Springs, CO 80920",38.959272,-104.796290,us-census
VERI-HQ,"5291 California Avenue Suite 350, Irvine, CA 92617",33.637632,-117.850587,us-census
VERU-HQ,"2916 N. Miami Avenue Suite 1000, Miami, FL 33127",25.804158,-80.195207,us-census
VERX-HQ,"2301 Renaissance Boulevard, King Of Prussia, PA 19406",40.084342,-75.338799,us-census
VFC-HQ,"1551 Wewatta Street, Denver, CO 80202",39.752172,-105.002747,us-census
VG-HQ,"1001 19Th Street North, Suite 1500, Arlington, VA 22209",38.897028,-77.068652,us-census
VGZ-HQ,"8310 S. Valley Hwy, Suite 300, Englewood, CO 80112",39.560004,-104.869021,us-census
VHI-HQ,"5430 Lbj Frwy Ste 1700, Dallas, TX 75240",32.925410,-96.816937,us-census
VHUB-HQ,"5360 Procyon St, Las Vegas, NV",36.092500,-115.187619,us-census
VIA-HQ,"C/O Via Transportation 114 Fifth Avenue, 17Th Floor, New York, NY 10011",40.737732,-73.992446,us-census
VIAV-HQ,"1445 South Spectrum Blvd. Suite 102, Chandler, AZ 85286",33.284735,-111.886405,us-census
VICI-HQ,"535 Madison Avenue, 28Th Floor, New York, NY 10022",40.760450,-73.973615,us-census
VICR-HQ,"25 Frontage Road, Andover, MA 01810",42.628028,-71.180359,us-census
VIDA-HQ,"12160 W. Parmer Lane Suite 130-716, Cedar Park, TX 78613",30.530233,-97.779274,us-census
VIE.PA-HQ,"21 RUE LA BOETIE, Paris, FR 75008",48.873991,2.316852,openstreetmap
VIK-HQ,"5700 Canoga Avenue Suite 200, Woodland Hills, CA 91367",34.173292,-118.597336,us-census
VIP-HQ,"1159 Pittsford-Victor Road Suite 240, Pittsford, NY 14534",43.046269,-77.467808,us-census
VIRC-HQ,"2027 Harpers Way, Torrance, CA 90501",33.843818,-118.316651,us-census
VIRI.PA-HQ,"27 AVENUE CARNOT, Massy, FR 91300",48.726156,2.262847,openstreetmap
VIRT-HQ,"1633 Broadway, New York, NY 10019",40.761560,-73.984044,us-census
VITL-HQ,"3601 South Congress Avenue Suite A100, Austin, TX",30.227986,-97.761157,us-census
VIV.PA-HQ,"42 AVENUE DE FRIEDLAND, Paris, FR 75008",48.874204,2.297708,openstreetmap
VIVK-HQ,"5220 Spring Valley Rd. Suite Ll20, Dallas, TX 75254",32.939435,-96.820963,us-census
VIVS-HQ,"11555 Sorrento Valley Road Suite 100, San Diego, CA 92121",32.912064,-117.231660,us-census
VK.PA-HQ,"12 RUE DE LA VERRERIE, Meudon, FR 92190",48.820605,2.233734,openstreetmap
VKTX-HQ,"9920 Pacific Heights Blvd, Suite 500, San Diego, CA",32.900284,-117.189871,us-census
VLGEA-HQ,"733 Mountain Ave, Springfield, NJ 07081",40.690232,-74.331754,us-census
VLK.AS-HQ,"HOOGE STEENWEG 29, 'S-Hertogenbosch, NL 5211 JN",51.690479,5.301846,openstreetmap
VLS.MI-HQ,"VIA ILIO BARONTINI, 16/5, Bologna, IT 40138",44.499408,11.361426,openstreetmap
VLTO-HQ,"225 Wyman St. Suite 250, Waltham, MA 02451",42.403384,-71.258461,us-census
VMC-HQ,"1200 Urban Center Drive, Birmingham, AL 35242",33.483235,-86.704371,us-census
VMD-HQ,"625 E. Kaliste Saloom Rd., Lafayette, LA 70508",30.196755,-92.004474,us-census
VMI-HQ,"15000 Valmont Plaza, Omaha, NE 68154",41.260010,-96.146155,us-census
VMX.PA-HQ,"ROND POINT DU CANET, Meyreuil, FR 13590",43.493216,5.525185,openstreetmap
VNCE-HQ,"500 Fifth Avenue 20Th Floor, New York, NY 10110",40.753555,-73.980919,us-census
VNDA-HQ,"2200 Pennsylvania Ave Nw Suite 300E, Washington, DC 20037",38.902026,-77.048899,us-census
VNO-HQ,"888 Seventh Ave, New York, NY 10019",40.764922,-73.980559,us-census
VNOM-HQ,"500 West Texas Ave. Suite 100, Midland, TX 79701",31.998515,-102.079384,us-census
VNRX-HQ,"1489 West Warm Springs Road Suite 110, Henderson, NV 89014",36.056149,-115.050157,us-census
VNT-HQ,"5438 Wade Park Blvd., Suite 600, Raleigh, NC 27607",35.807527,-78.729472,us-census
VOXR-HQ,"1499 West 120Th Ave Suite 110, Westminster, CO 80234",39.914124,-105.004518,us-census
VOYA-HQ,"200 Park Avenue, New York, NY 10166",40.754131,-73.976305,us-census
VOYG-HQ,"1225 17Th Street, Suite 1100, Denver, CO 80202",39.749684,-104.995520,us-census
VPG-HQ,"3 Great Valley Parkway, Suite 150, Malvern, PA 19355",40.064573,-75.532141,us-census
VPK.AS-HQ,"Westerlaan 10, Rotterdam, NL 3016CK",51.905778,4.474181,openstreetmap
VRA-HQ,"12420 Stonebridge Road, Roanoke, IN 46783",40.956873,-85.301266,us-census
VRCA-HQ,"44 West Gay Street Suite 400, West Chester, PA",39.960194,-75.605743,us-census
VRDN-HQ,"221 Crescent Street Suite 103A, Waltham, MA 02453",42.367117,-71.243113,us-census
VREOF-HQ,"207 South 9Th Street, Minneapolis, MN 55402",44.973656,-93.271068,us-census
VREX-HQ,"1678 S. Pioneer Road, Salt Lake City, UT 84104",40.733680,-111.958102,us-census
VRME-HQ,"801 International Parkway Fifth Floor, Lake Mary, FL 32746",28.776245,-81.358641,us-census
VRNO-HQ,"224 W Hill Street Suite 400, Chicago, IL 60610",41.902155,-87.634959,us-census
VRNS-HQ,"801 Brickell Avenue, Miami, FL 33131",25.766117,-80.190637,us-census
VRRM-HQ,"2046 Riverview Auto Drive Suite 300, Mesa, AZ",33.435040,-111.872936,us-census
VRSK-HQ,"545 Washington Boulevard, Jersey City, NJ 07310",40.727128,-74.034817,us-census
VRSN-HQ,"12061 Bluemont Way Attn: General Counsel, Reston, VA 20190",38.957121,-77.362189,us-census
VRT-HQ,"505 N. Cleveland Ave., Westerville, OH 43082",40.139302,-82.947215,us-census
VRTX-HQ,"50 Northern Avenue, Boston, MA 02210",42.354041,-71.048245,us-census
VSAT-HQ,"6155 El Camino Real, Carlsbad, CA 92009",33.126822,-117.266122,us-census
VSEC-HQ,"3361 Enterprise Way, Miramar, FL 33025",25.977179,-80.288737,us-census
VSEE-HQ,"980 N Federal Hwy #304, Boca Raton, FL 33432",26.359894,-80.083757,us-census
VSH-HQ,"63 Lancaster Avenue, Malvern, PA 19355",40.042649,-75.531370,us-census
VST-HQ,"6555 Sierra Drive, Irving, TX 75039",32.898862,-96.963750,us-census
VSTD-HQ,"6940 Beach Blvd Suite D-705, Buena Park, CA 90621",33.859815,-117.997960,us-census
VSTM-HQ,"117 Kendrick Street Suite 500, Needham, MA 02494",42.296357,-71.211827,us-census
VSTS-HQ,"1035 Alpharetta Street, Suite 2100, Roswell, GA 30076",34.027107,-84.358805,us-census
VSVS.L-HQ,"165 Fleet Street, London, UK EC4A 2AE",51.514490,-0.108482,openstreetmap
VTAK-HQ,"1670 Highway 160 West Suite 205, Fort Mill, SC 29708",35.031363,-80.968150,us-census
VTGN-HQ,"343 Allerton Avenue, South San Francisco, CA 94080",37.652829,-122.391654,us-census
VTIX-HQ,"1826 Kramer Lane Suite H, Austin, TX 78758",30.387060,-97.706787,us-census
VTOL-HQ,"3151 Briarpark Drive, Suite 700, Houston, TX 77042",29.731495,-95.548976,us-census
VTR-HQ,"300 N Lasalle Street Suite 1600, Chicago, IL 60654",41.888010,-87.632614,us-census
VTRS-HQ,"1000 Mylan Boulevard, Canonsburg, PA 15317",40.274193,-80.164310,us-census
VTS-HQ,"5619 Dtc Parkway Suite 700, Greenwood Village, CO 80111",39.613476,-104.892878,us-census
VTSI-HQ,"295 E Corporate Place, Chandler, AZ 85225",33.340757,-111.836257,us-census
VTVT-HQ,"3980 Premier Dr Suite 310, High Point, NC 27265",36.039311,-79.963758,us-census
VU.PA-HQ,"55 PLACE NELSON MANDELA, Nanterre, FR 92000",48.898626,2.219618,openstreetmap
VUZI-HQ,"25 Hendrix Road Suite A, West Henrietta, NY 14586",43.044114,-77.671376,us-census
VVOS-HQ,"7921 Southpark Plaza, Suite 210, Littleton, CO 80120",39.572324,-105.003706,us-census
VVX-HQ,"2100 Reston Parkway Suite 300, Reston, VA",38.946049,-77.359414,us-census
VWAV-HQ,"1063 N. Spaulding Ave, West Hollywood, CA 90046",34.090398,-118.357468,us-census
VXRT-HQ,"310 Utah Avenue, Suite 150, South San Francisco, CA",37.647129,-122.395011,us-census
VYGR-HQ,"75 Hayden Avenue, Lexington, MA 02421",42.424543,-71.248478,us-census
VYX-HQ,"864 Spring St Nw, Atlanta, GA 30308",33.777703,-84.388850,us-census
VZ-HQ,"1095 Avenue Of The Americas, New York, NY 10036",40.754257,-73.984628,us-census
WAB-HQ,"30 Isabella Street, Pittsburgh, PA 15212",40.447755,-80.003298,us-census
WABC-HQ,"1108 Fifth Ave, San Rafael, CA 94901",37.974221,-122.528197,us-census
WAFD-HQ,"425 Pike Street, Seattle, WA 98101",47.610292,-122.336331,us-census
WAGA.PA-HQ,"5 AVENUE RAYMOND CHANAS, Eybens, FR 38320",45.155848,5.739099,openstreetmap
WAL-HQ,"One E. Washington Street, Phoenix, AZ 85004",33.448195,-112.073729,us-census
WASH-HQ,"23 Broad St, Westerly, RI 02891",41.377564,-71.830860,us-census
WAT-HQ,"34 Maple St, Milford, MA 01757",42.137883,-71.483212,us-census
WATT-HQ,"3590 North First Street Suite 210, San Jose, CA 95134",37.407374,-121.943389,us-census
WBD-HQ,"230 Park Avenue South, New York, NY 10003",40.737616,-73.988330,us-census
WBHC-HQ,"623 W Main Street P.O. Box 768, Lebanon, TN 37087",36.209548,-86.305838,us-census
WBI-HQ,"5555 San Felipe Street Suite 1200, Houston, TX 77056",29.750013,-95.472711,us-census
WCC-HQ,"225 West Station Square Drive Ste 700, Pittsburgh, PA 15219",40.433840,-80.005337,us-census
WD-HQ,"7272 Wisconsin Avenue Suite 1300, Bethesda, MD 20814",38.982219,-77.093408,us-census
WDFC-HQ,"9715 Businesspark Avenue, San Diego, CA 92131",32.899474,-117.112414,us-census
WDS-HQ,"11 Mount Street Perth, Perth, AU 6000",-31.934029,115.862355,openstreetmap
WEC-HQ,"231 W Michigan St P O Box 1331, Milwaukee, WI 53201",43.037316,-87.913532,us-census
WEIR.L-HQ,"1 West Regent Street, Glasgow, UK G2 1RW",55.862736,-4.255317,openstreetmap
WELL-HQ,"4500 Dorr Street, Toledo, OH 43615",41.652890,-83.647451,us-census
WELPP-HQ,"231 W Michigan St Po Box 2046, Milwaukee, WI 53290",43.037316,-87.913532,us-census
WERN-HQ,"14507 Frontier Road, Omaha, NE 68138",41.158468,-96.142474,us-census
WES-HQ,"9950 Woodloch Forest Drive, Suite 2800, The Woodlands, TX 77380",30.159483,-95.455766,us-census
WEST-HQ,"4009 N. Rodney Parham Rd. 3Rd Floor, Little Rock, AR 72212",34.791048,-92.396927,us-census
WETO-HQ,"3300 N Interstate 35 Ste 700 Room 7003, Austin, TX 78705",30.290512,-97.722732,us-census
WEX-HQ,"1 Hancock Street, Portland, ME 04101",43.660169,-70.247222,us-census
WFC-HQ,"333 Market Street, San Francisco, CA 94105",37.792091,-122.397596,us-census
WFCF-HQ,"202 6Th Street Suite 400, Castle Rock, CO 80104",39.375318,-104.861220,us-census
WFRD-HQ,"2000 St. James Place, Houston, TX 77056",29.746444,-95.473089,us-census
WGO-HQ,"13200 Pioneer Trail, Eden Prairie, MN 55347",44.828362,-93.445574,us-census
WGS-HQ,"333 Ludlow Street North Tower, 6Th Floor, Stamford, CT 06902",41.042572,-73.532789,us-census
WH-HQ,"22 Sylvan Way, Parsippany, NJ 07054",40.845571,-74.444489,us-census
WHA.AS-HQ,"Nieuwe Passeerdersstraat 1, Amsterdam, NL 1016XP",52.366431,4.879105,openstreetmap
WHG-HQ,"200 Crescent Court Suite 1200, Dallas, TX 75201",32.794227,-96.803620,us-census
WHK-HQ,"2400 Market Street Offsite Suite 230, Philadelphia, PA 19103",39.954217,-75.178670,us-census
WHLR-HQ,"Riversedge North 2529 Virginia Beach Blvd., Suite 200, Virginia Beach, VA 23452",36.840855,-76.058344,us-census
WIIT.MI-HQ,"VIA DEI MERCANTI, 12, Milano, IT 20121",45.465252,9.187117,openstreetmap
WING-HQ,"2801 N Central Expressway Suite 1600, Dallas, TX 75204",32.805826,-96.793831,us-census
WK-HQ,"2900 University Blvd., Ames, IA 50010",41.997378,-93.639293,us-census
WKC-HQ,"9800 N.W. 41St Street, Miami, FL 33178",25.811599,-80.355346,us-census
WKHS-HQ,"48443 Alpha Drive #190, Wixom, MI 48393",42.498586,-83.528107,us-census
WKL.AS-HQ,"Zuidpoolsingel 2, Alphen aan den Rijn, NL 2408 ZE",52.126570,4.653873,openstreetmap
WLDN-HQ,"2401 East Katella Avenue, Suite 300, Anaheim, CA 92806",33.805686,-117.883431,us-census
WLFC-HQ,"4700 Lyons Technology Parkway, Coconut Creek, FL 33073",26.314020,-80.188610,us-census
WLTH-HQ,"261 Hamilton Ave, Palo Alto, CA 94301",37.444670,-122.160864,us-census
WLY-HQ,"111 River Street, Hoboken, NJ 07030",40.737370,-74.028670,us-census
WM-HQ,"800 Capitol Street, Ste 3000, Houston, TX 77002",29.760170,-95.364876,us-census
WMG-HQ,"1633 Broadway, New York, NY 10019",40.761560,-73.984044,us-census
WMK-HQ,"1000 S Second St Po Box 471, Sunbury, PA 17801",40.849053,-76.801573,us-census
WNC-HQ,"3900 Mccarty Lane, Lafayette, IN 47905",40.402995,-86.833621,us-census
WNEB-HQ,"141 Elm Street, Westfield, MA 01085",42.135032,-72.739986,us-census
WOLF-HQ,"4600 Silicon Dr, Durham, NC 27703",35.900044,-78.840324,us-census
WOOF-HQ,"10850 Via Frontera, San Diego, CA 92127",33.013849,-117.097627,us-census
WOR-HQ,"200 W. Old Wilson Bridge Road, Columbus, OH 43085",40.110038,-83.022016,us-census
WPC-HQ,"One Manhattan West, 395 9Th Avenue 58Th Floor, New York, NY 10001",40.752483,-73.997047,us-census
WPRT-HQ,"1691 West 75Th Avenue, Vancouver, BC V6P 6G2",49.206507,-123.146283,openstreetmap
WRAP-HQ,"3480 Main Hwy, Suite 202, Miami, FL 33133",25.726526,-80.244079,us-census
WRB-HQ,"475 Steamboat Road ., Greenwich, CT 06830",41.018407,-73.623355,us-census
WRBY-HQ,"233 Spring Street 6Th Floor East, New York, NY 10013",40.725651,-74.004916,us-census
WRLD-HQ,"104 S. Main Street Suite 400, Greenville, SC 29601",34.849471,-82.399625,us-census
WS-HQ,"100 W. Old Wilson Bridge Road, Columbus, OH 43085",40.109937,-83.019793,us-census
WSBC-HQ,"1 Bank Plaza, Wheeling, WV 26003",40.076907,-80.709266,us-census
WSBF-HQ,"11200 West Plank Court, Wauwatosa, WI 53226",43.046993,-88.051200,us-census
WSBK-HQ,"661 Main Street, Winchester, MA 01890",42.455202,-71.137890,us-census
WSC-HQ,"6400 East Mcdowell Road Suite 300, Scottsdale, AZ 85257",33.465627,-111.938921,us-census
WSFS-HQ,"500 Delaware Avenue, Wilmington, DE 19801",39.747803,-75.551467,us-census
WSM-HQ,"3250 Van Ness Avenue, San Francisco, CA 94109",37.805561,-122.425324,us-census
WSO-HQ,"2665 S Bayshore Dr Ste 901, Coconut Grove, FL 33133",25.730622,-80.235788,us-census
WT-HQ,"250 West 34Th Street 3Rd Floor, New York, NY 10119",40.751553,-73.992107,us-census
WTBA-HQ,"3330 Westown Parkway, West Des Moines, IA 50266",41.594504,-93.749081,us-census
WTFC-HQ,"9700 West Higgins Road, 8Th Floor, Rosemont, IL 60018",41.994490,-87.870043,us-census
WTI-HQ,"5718 Westheimer Rd Suite 700, Houston, TX 77057",29.738027,-95.478202,us-census
WTM-HQ,"23 South Main Street Suite 3B, Hanover, NH 03755",43.701889,-72.289438,us-census
WTRG-HQ,"762 W. Lancaster Ave, Bryn Mawr, PA 19010",40.020491,-75.316399,us-census
WTS-HQ,"815 Chestnut St, North Andover, MA 01845",42.656545,-71.103785,us-census
WU-HQ,"7001 East Belleview Avenue, Denver, CO 80237",39.624193,-104.905463,us-census
WULF-HQ,"9 Federal Street, Easton, MD 21601",38.775292,-76.076498,us-census
WVE-HQ,"733 Concord Avenue, Cambridge, MA 02138",42.390470,-71.152989,us-census
WVVI-HQ,"8800 Enchanted Way S E, Turner, OR 97392",44.827255,-123.013150,us-census
WW-HQ,"18 West 18Th Street 7Th Floor, New York, NY 10011",40.738696,-73.992415,us-census
WWD-HQ,"1081 Woodward Way, Fort Collins, CO 80524",40.586734,-105.057413,us-census
WWW-HQ,"9341 Courtland Dr, Rockford, MI 49351",43.134232,-85.541827,us-census
WY-HQ,"220 Occidental Avenue South, Seattle, WA 98104",47.600672,-122.332793,us-census
WYNN-HQ,"3131 Las Vegas Boulevard South, Las Vegas, NV 89109",36.129907,-115.166286,us-census
WYY-HQ,"11250 Waples Mill Road South Tower, Suite 210, Fairfax, VA 22030",38.863734,-77.336322,us-census
XAIR-HQ,"900 Stewart Avenue Suite 301, Garden City, NY 11530",40.734279,-73.599792,us-census
XBP-HQ,"6641 N. Belt Line Road, Suite 100, Irving, TX 75063",32.900150,-96.991202,us-census
XCUR-HQ,"2430 N. Halsted St., Chicago, IL 60614",41.926807,-87.648886,us-census
XELB-HQ,"1333 Broadway 10Th Floor, New York, NY 10018",40.751367,-73.987729,us-census
XERS-HQ,"1375 West Fulton Street, Suite 1300, Chicago, IL 60607",41.886552,-87.661218,us-census
XFOR-HQ,"61 North Beacon Street 4Th Floor, Boston, MA 02134",42.354074,-71.140726,us-census
XGN-HQ,"1261 Liberty Way, Vista, CA 92081",33.137945,-117.231793,us-census
XHLD-HQ,"1170 Wheeler Way, Langhorne, PA 19047",40.184724,-74.898210,us-census
XHR-HQ,"200 S. Orange Avenue, Suite 2700, Orlando, FL 32801",28.540303,-81.379005,us-census
XIFR-HQ,"700 Universe Boulevard, Juno Beach, FL 33408",26.858161,-80.059753,us-census
XLO-HQ,"828 Winter Street, Waltham, MA 02451",42.410830,-71.273926,us-census
XMAX-HQ,"6565 E. Washington Blvd., Commerce, CA 90040",33.999251,-118.137154,us-census
XMTR-HQ,"6116 Executive Boulevard, Suite 800, North Bethesda, MD 20852",39.048506,-77.119764,us-census
XNCR-HQ,"465 N. Halstead St. Suite 200, Pasadena, CA 91107",34.154668,-118.079015,us-census
XOM-HQ,"22777 Springwoods Village Parkway, Spring, TX 77389",30.102305,-95.441322,us-census
XOS-HQ,"3550 Tyburn Street, Los Angeles, CA 90065",34.118847,-118.254030,us-census
XPEL-HQ,"711 Broadway St. Suite 320, San Antonio, TX 78215",29.432057,-98.483383,us-census
XPER-HQ,"2190 Gold Street, San Jose, CA 95002",37.418672,-121.973860,us-census
XPOF-HQ,"17877 Von Karman Ave Suite 100, Irvine, CA 92614",33.684475,-117.847401,us-census
XRAY-HQ,"13320 Ballantyne Corporate Place, Charlotte, NC 28277",35.059534,-80.844891,us-census
XRN-HQ,"7373 Wisconsin Avenue Suite 800, Bethesda, MD 20814",38.983382,-77.093653,us-census
XTIA-HQ,"511 East John Carpenter Freeway Suite 500, Las Colinas, TX 75062",32.858860,-96.933221,us-census
XTLB-HQ,"Xtl Biopharmaceuticals Ltd C/O Alston & Bird Llp, 90 Park Avenue, New York, NY 10016",40.750401,-73.979013,us-census
XWEL-HQ,"254 West 31St Street 11Th Floor, New York, NY 10001",40.749792,-73.993813,us-census
XXII-HQ,"8560 Main Street Suite 4, Williamsville, IN 14221",42.965217,-78.674462,us-census
XYL-HQ,"301 Water Street Se, Washington, DC 20003",38.873725,-77.001962,us-census
XYZ-HQ,"1955 Broadway Suite 600, Oakland, CA 94612",37.808482,-122.268755,us-census
YACHT.MI-HQ,"VIA IRMA BANDIERA, 62, Cattolica, IT 47841",43.964367,12.753911,openstreetmap
YARW-HQ,"470 James Street, Suite 007, New Haven, CT 06513",41.315573,-72.904279,us-census
YCBD-HQ,"8845 Red Oak Boulevard, Charlotte, NC 28217",35.141556,-80.907463,us-census
YDES-HQ,"955 West John Carpenter Freeway Suite 100-929, Irving, TX 75039",32.889045,-96.959307,us-census
YDKG-HQ,"7545 Irvine Center Drive Suite 200, Irvine, CA 92618",33.661344,-117.752147,us-census
YELP-HQ,"350 Mission Street 10Th Floor, San Francisco, CA 94105",37.790845,-122.396309,us-census
YETI-HQ,"7601 Southwest Parkway, Austin, TX 78735",30.256934,-97.870829,us-census
YEXT-HQ,"61 Ninth Avenue, New York, NY 10011",40.741253,-74.005171,us-census
YHC-HQ,"6538 Collins Ave Suite 344, Miami Beach, FL 33141",25.849010,-80.120348,us-census
YHGJ-HQ,"22160 N Pepper Rd, Barrington, IL 60010",42.185437,-88.184897,us-census
YNGN.L-HQ,"Copper House, 5 Garratt Lane, Wandsworth, London, UK SW18 4AQ",51.456389,-0.192525,openstreetmap
YORW-HQ,"130 E Market St, York, PA 17401",39.963277,-76.724887,us-census
YOU-HQ,"85 10Th Ave., 9Th Floor, New York, NY 10011",40.743446,-74.007340,us-census
YSS-HQ,"6060 S Willow Dr., Greenwood Village, CO 80111",39.606715,-104.888215,us-census
YSWY-HQ,"138 Conant Street, Beverly, MA 01915",42.573754,-70.905846,us-census
YUM-HQ,"1441 Gardiner Lane, Louisville, KY 40213",38.198159,-85.694499,us-census
YUMC-HQ,"101 East Park Boulevard, Suite 805, Plano, TX 75074",33.028837,-96.706322,us-census
YYAI-HQ,"74 E. Glenwood Ave. #320, Smyrna, DE 19977",39.304778,-75.608835,us-census
ZARE-HQ,"One Tabor Center 1200 Seventeenth Street, Suite 2900, Denver, CO 80202",39.749457,-104.995436,us-census
ZBH-HQ,"345 East Main Street, Warsaw, IN 46580",41.239143,-85.854759,us-census
ZBIO-HQ,"852 Winter Street, Suite 250, Waltham, MA 02451",42.410001,-71.273545,us-census
ZBRA-HQ,"3 Overlook Point, Lincolnshire, IL 60069",42.185800,-87.931468,us-census
ZD-HQ,"360 Park Ave South 17Th Floor, New York, NY 10010",40.741978,-73.985146,us-census
ZDGE-HQ,"1178 Broadway Suite 1450, 3Rd Floor, New York, NY 10001",40.745482,-73.988617,us-census
ZEO-HQ,"5956 Sherry Lane, Suite 1400, Dallas, TX 75225",32.862225,-96.809903,us-census
ZEST.MI-HQ,"VIA MARSALA, 29H, Roma, IT 00185",41.901395,12.503527,openstreetmap
ZETA-HQ,"3 Park Avenue 33Rd Floor, New York, NY 10016",40.746447,-73.981733,us-census
ZG-HQ,"1301 Second Avenue, Floor 36, Seattle, WA 98101",47.607313,-122.337205,us-census
ZION-HQ,"One South Main Street 11Th Floor, Salt Lake City, UT 84133",40.769289,-111.891022,us-census
ZIP-HQ,"3000 Ocean Park Blvd., Suite 3000, Santa Monica, CA 90405",34.019845,-118.453873,us-census
ZM-HQ,"55 Almaden Boulevard, 6Th Floor, San Jose, CA 95113",37.332650,-121.893977,us-census
ZNB-HQ,"14 Wall Street, 20Th Floor, New York, NY",40.707288,-74.010815,us-census
ZNTL-HQ,"10275 Science Center Drive Suite 200, San Diego, CA 92121",32.890249,-117.232332,us-census
ZOMDF-HQ,"1101 Technology Drive Suite 100, Ann Arbor, MI 48108",42.213817,-83.746551,us-census
ZONE-HQ,"5920 South 118Th Circle Suite 2, Omaha, NE 68137",41.197908,-96.094051,us-census
ZS-HQ,"120 Holger Way, San Jose, CA 95134",37.417217,-121.955024,us-census
ZSPC-HQ,"2050 Gateway Place Suite 100-302, San Jose, CA 95110",37.371044,-121.923402,us-census
ZSQR-HQ,"550 South Andrews Ave. Ste #700, Fort Lauderdale, FL 33301",26.115500,-80.143191,us-census
ZSTK-HQ,"2626 Cole Avenue, Suite 300, Dallas, TX 75204",32.799638,-96.804850,us-census
ZTEKF-HQ,"1123 York Road, Guelph, ON N1E 6Z1",43.566001,-80.202949,openstreetmap
ZUMZ-HQ,"4001 204Th Street Sw, Lynnwood, WA 98036",47.813704,-122.285543,us-census
ZVIA-HQ,"15821 Ventura Blvd. Suite 135, Encino, CA 91436",34.155645,-118.477894,us-census
ZVRA-HQ,"101 Federal Street, Boston, MA 02110",42.354985,-71.056421,us-census
ZWS-HQ,"511 West Freshwater Way, Milwaukee, WI 53204",43.029282,-87.914403,us-census
ZYME-HQ,"108 Patriot Drive, Suite A, Middletown, DE 19709",39.437210,-75.748301,us-census
