company_id,system,board,host,found_by,checked_on
A,,,,,2026-09-22
AA,workday,alcoa/Careers,alcoa.wd5.myworkdayjobs.com,careers page,2026-09-22
AADX,,,,,2026-09-22
AAL,,,,,2026-09-22
AAME,,,,,2026-09-22
AAMI,,,,,2026-09-22
AAOI,,,,,2026-09-22
AAON,workday,aaon/AAON,aaon.wd108.myworkdayjobs.com,careers page,2026-09-22
AAP,,,,,2026-09-22
AAPL,,,,,2026-09-22
AARD,,,,,2026-09-22
AAT,,,,,2026-09-22
AAUC,,,,,2026-09-22
AAWH,,,,,2026-09-22
ABAT,,,,,2026-09-22
ABBV,,,,,2026-09-22
ABCB,,,,,2026-09-22
ABCL,greenhouse,abcellera,,careers page,2026-09-22
ABEO,,,,,2026-09-22
ABG,,,,,2026-09-22
ABIT,,,,,2026-09-22
ABM,lever,ableserve,,careers page,2026-09-22
ABNB,greenhouse,airbnb,,name,2026-09-22
ABSI,ashby,absci,,careers page,2026-09-22
ABT,workday,abbott/abbottcareers,abbott.wd5.myworkdayjobs.com,careers page,2026-09-22
ABTC,,,,,2026-09-22
ABUS,,,,,2026-09-22
ABVC,,,,,2026-09-22
ABX,,,,,2026-09-22
ACA,,,,,2026-09-22
ACAD,greenhouse,acadiapharmaceuticals,,name,2026-09-22
ACB,,,,,2026-09-22
ACCO,,,,,2026-09-22
ACCS,,,,,2026-09-22
ACDC,,,,,2026-09-22
ACEL,workday,accelentertainment/AccelEntertainment_Careers,accelentertainment.wd12.myworkdayjobs.com,careers link,2026-09-22
ACFN,,,,,2026-09-22
ACGP,,,,,2026-09-22
ACH,workday,owensminor/OMCareers,owensminor.wd1.myworkdayjobs.com,careers link,2026-09-22
ACHC,,,,,2026-09-22
ACHR,,,,,2026-09-22
ACI,,,,,2026-09-22
ACIC,,,,,2026-09-22
ACIW,,,,,2026-09-22
ACLS,workday,axcelis/axcelis,axcelis.wd1.myworkdayjobs.com,careers page,2026-09-22
ACM,,,,,2026-09-22
ACMR,,,,,2026-09-22
ACNB,,,,,2026-09-22
ACNT,,,,,2026-09-22
ACOG,,,,,2026-09-22
ACON,,,,,2026-09-22
ACR,,,,,2026-09-22
ACRE,,,,,2026-09-22
ACRS,,,,,2026-09-22
ACT,,,,,2026-09-22
ACTG,,,,,2026-09-22
ACU,,,,,2026-09-22
ACVA,,,,,2026-09-22
AD,,,,,2026-09-22
ADBE,,,,,2026-09-22
ADC,,,,,2026-09-22
ADEA,,,,,2026-09-22
ADGM,,,,,2026-09-22
ADI,,,,,2026-09-22
ADIG,,,,,2026-09-22
ADM,,,,,2026-09-22
ADMA,,,,,2026-09-22
ADMQ,,,,,2026-09-22
ADP,,,,,2026-09-22
ADPT,greenhouse,adaptivebiotechnologies,,careers page,2026-09-22
ADSK,,,,,2026-09-22
ADT,,,,,2026-09-22
ADTN,workday,adtran/ADTRAN,adtran.wd3.myworkdayjobs.com,careers page,2026-09-22
ADUR,,,,,2026-09-22
ADUS,,,,,2026-09-22
ADV,,,,,2026-09-22
AEE,workday,ameren/External,ameren.wd1.myworkdayjobs.com,careers page,2026-09-22
AEHL,,,,,2026-09-22
AEHR,,,,,2026-09-22
AEI,,,,,2026-09-22
AEIS,,,,,2026-09-22
AEM,,,,,2026-09-22
AEMD,,,,,2026-09-22
AENT,,,,,2026-09-22
AEO,,,,,2026-09-22
AEP,workday,aep/AEPCareerSite,aep.wd1.myworkdayjobs.com,careers page,2026-09-22
AERA,,,,,2026-09-22
AES,workday,aes/AES_US,aes.wd1.myworkdayjobs.com,careers page,2026-09-22
AESI,greenhouse,atlassand,,careers page,2026-09-22
AEVA,,,,,2026-09-22
AEYE,greenhouse,audioeye,,name,2026-09-22
AFCG,,,,,2026-09-22
AFG,,,,,2026-09-22
AFL,,,,,2026-09-22
AFRM,greenhouse,affirm,,name,2026-09-22
AGCO,,,,,2026-09-22
AGEN,,,,,2026-09-22
AGIG,,,,,2026-09-22
AGIO,,,,,2026-09-22
AGL,workday,agilonhealth/External,agilonhealth.wd1.myworkdayjobs.com,careers page,2026-09-22
AGM,,,,,2026-09-22
AGNT,,,,,2026-09-22
AGPU,,,,,2026-09-22
AGQ,greenhouse,proshares,,careers page,2026-09-22
AGSS,,,,,2026-09-22
AGX,,,,,2026-09-22
AGYS,greenhouse,agilysys,,name,2026-09-22
AHCO,,,,,2026-09-22
AHR,,,,,2026-09-22
AHRT,,,,,2026-09-22
AHT,,,,,2026-09-22
AI,greenhouse,c3ascend,,careers page,2026-09-22
AIAI,,,,,2026-09-22
AIB,,,,,2026-09-22
AIDX,,,,,2026-09-22
AIFA,,,,,2026-09-22
AIFC,,,,,2026-09-22
AIFF,,,,,2026-09-22
AIG,workday,aig/aig,aig.wd1.myworkdayjobs.com,careers page,2026-09-22
AII,,,,,2026-09-22
AIM,,,,,2026-09-22
AIMD,,,,,2026-09-22
AIN,,,,,2026-09-22
AIOT,,,,,2026-09-22
AIP,,,,,2026-09-22
AIR,,,,,2026-09-22
AIRE,greenhouse,realpha,,name,2026-09-22
AIRG,,,,,2026-09-22
AIRI,,,,,2026-09-22
AIRO,,,,,2026-09-22
AIRS,greenhouse,airsculpt,,careers link,2026-09-22
AIRT,,,,,2026-09-22
AISP,greenhouse,airship,,name,2026-09-22
AIT,,,,,2026-09-22
AITX,,,,,2026-09-22
AIV,workday,aimcodevco/Aimco,aimcodevco.wd5.myworkdayjobs.com,careers link,2026-09-22
AIZ,,,,,2026-09-22
AJG,,,,,2026-09-22
AKA,lever,akabrands,,careers link,2026-09-22
AKAM,,,,,2026-09-22
AKBA,greenhouse,akebiatherapeutics,,careers page,2026-09-22
AKR,,,,,2026-09-22
AKTS,,,,,2026-09-22
AKTX,,,,,2026-09-22
ALAB,greenhouse,asteralabs,,careers page,2026-09-22
ALB,workday,albemarle/External,albemarle.wd5.myworkdayjobs.com,careers page,2026-09-22
ALC,workday,alcon/careers_alcon,alcon.wd5.myworkdayjobs.com,careers page,2026-09-22
ALCO,,,,,2026-09-22
ALEC,lever,v0,,careers page,2026-09-22
ALG,,,,,2026-09-22
ALGM,workday,allegromicro/AllegroCareers,allegromicro.wd5.myworkdayjobs.com,careers page,2026-09-22
ALGN,,,,,2026-09-22
ALGS,,,,,2026-09-22
ALGT,,,,,2026-09-22
ALH,,,,,2026-09-22
ALHC,workday,alignmenthealthcare/ahc_external,alignmenthealthcare.wd12.myworkdayjobs.com,careers page,2026-09-22
ALIT,,,,,2026-09-22
ALK,,,,,2026-09-22
ALKT,workday,alkami/Alkami,alkami.wd12.myworkdayjobs.com,careers page,2026-09-22
ALL,,,,,2026-09-22
ALLO,,,,,2026-09-22
ALLR,,,,,2026-09-22
ALLY,workday,ally/Ally,ally.wd1.myworkdayjobs.com,careers page,2026-09-22
ALM,,,,,2026-09-22
ALMR,greenhouse,alamarbiosciences,,name,2026-09-22
ALMS,greenhouse,alumis,,name,2026-09-22
ALMU,,,,,2026-09-22
ALNT,,,,,2026-09-22
ALNY,greenhouse,alnylampharmaceuticals,,name,2026-09-22
ALOY,,,,,2026-09-22
ALRM,greenhouse,alarmcom,,careers page,2026-09-22
ALRS,,,,,2026-09-22
ALSN,workday,allisontransmission/ATI-External,allisontransmission.wd1.myworkdayjobs.com,careers page,2026-09-22
ALT,,,,,2026-09-22
ALTG,,,,,2026-09-22
ALTI,,,,,2026-09-22
ALTO,,,,,2026-09-22
ALUR,,,,,2026-09-22
ALV,,,,,2026-09-22
ALX,,,,,2026-09-22
AM,,,,,2026-09-22
AMAL,,,,,2026-09-22
AMAT,,,,,2026-09-22
AMBA,workday,ambarella/Ambarella,ambarella.wd108.myworkdayjobs.com,careers link,2026-09-22
AMBO,,,,,2026-09-22
AMBQ,greenhouse,ambiqmicroinc,,careers page,2026-09-22
AMC,,,,,2026-09-22
AMCI,,,,,2026-09-22
AMCX,workday,amcn/amcnetworks,amcn.wd5.myworkdayjobs.com,careers page,2026-09-22
AMD,,,,,2026-09-22
AME,,,,,2026-09-22
AMG,,,,,2026-09-22
AMGN,workday,amgen/Careers,amgen.wd1.myworkdayjobs.com,careers page,2026-09-22
AMIX,,,,,2026-09-22
AMKR,,,,,2026-09-22
AMLX,greenhouse,amylyx,,careers page,2026-09-22
AMN,,,,,2026-09-22
AMOD,,,,,2026-09-22
AMP,workday,ameriprise/Ameriprise,ameriprise.wd5.myworkdayjobs.com,careers page,2026-09-22
AMPG,,,,,2026-09-22
AMPH,,,,,2026-09-22
AMPL,greenhouse,amplitude,,careers page,2026-09-22
AMPX,,,,,2026-09-22
AMPY,,,,,2026-09-22
AMR,,,,,2026-09-22
AMRC,workday,ameresco/Ameresco,ameresco.wd5.myworkdayjobs.com,careers page,2026-09-22
AMS,,,,,2026-09-22
AMSC,,,,,2026-09-22
AMSF,,,,,2026-09-22
AMSS,,,,,2026-09-22
AMST,,,,,2026-09-22
AMT,,,,,2026-09-22
AMTB,,,,,2026-09-22
AMTM,workday,pae/PAE_AntarcticSupportContract,pae.wd1.myworkdayjobs.com,careers page,2026-09-22
AMTX,,,,,2026-09-22
AMWL,,,,,2026-09-22
AMZE,lever,amaze,,careers link,2026-09-22
AMZN,,,,,2026-09-22
AN,,,,,2026-09-22
ANAB,,,,,2026-09-22
ANDE,workday,andersonsinc/TheAndersonsCareers,andersonsinc.wd1.myworkdayjobs.com,careers page,2026-09-22
ANDG,,,,,2026-09-22
ANET,,,,,2026-09-22
ANF,,,,,2026-09-22
ANG-PD,greenhouse,americanequityinvestmentlifeinsurancecompany,,careers page,2026-09-22
ANGI,,,,,2026-09-22
ANGO,,,,,2026-09-22
ANGX,,,,,2026-09-22
ANIK,,,,,2026-09-22
ANIP,,,,,2026-09-22
ANIX,,,,,2026-09-22
ANNA,,,,,2026-09-22
ANVS,,,,,2026-09-22
ANY,,,,,2026-09-22
AORT,,,,,2026-09-22
AOS,,,,,2026-09-22
AOSL,,,,,2026-09-22
AOUT,,,,,2026-09-22
AP,,,,,2026-09-22
APAM,greenhouse,artisanpartners,,careers page,2026-09-22
APC,,,,,2026-09-22
APD,,,,,2026-09-22
APEI,,,,,2026-09-22
APG,,,,,2026-09-22
APH,,,,,2026-09-22
API,,,,,2026-09-22
APLD,,,,,2026-09-22
APLE,,,,,2026-09-22
APLM,,,,,2026-09-22
APMD,,,,,2026-09-22
APO,workday,athene/Apollo_Careers,athene.wd5.myworkdayjobs.com,careers page,2026-09-22
APOG,,,,,2026-09-22
APP,greenhouse,applovin,,name,2026-09-22
APPF,,,,,2026-09-22
APPN,greenhouse,appian,,name,2026-09-22
APPS,workday,digitalturbine/Digital_Turbine_External_Careers,digitalturbine.wd501.myworkdayjobs.com,careers page,2026-09-22
APT,,,,,2026-09-22
APYX,,,,,2026-09-22
AQB,,,,,2026-09-22
AQMS,,,,,2026-09-22
AQN,,,,,2026-09-22
AQST,,,,,2026-09-22
AR,,,,,2026-09-22
ARAI,,,,,2026-09-22
ARAY,workday,accuray/External,accuray.wd5.myworkdayjobs.com,careers page,2026-09-22
ARCB,,,,,2026-09-22
ARCT,,,,,2026-09-22
ARDT,workday,ensemblehp/EnsembleHealthPartnersCareers,ensemblehp.wd5.myworkdayjobs.com,careers page,2026-09-22
ARDX,,,,,2026-09-22
ARE,,,,,2026-09-22
AREB,,,,,2026-09-22
AREC,,,,,2026-09-22
ARES,,,,,2026-09-22
ARHS,,,,,2026-09-22
ARI,,,,,2026-09-22
ARIS,,,,,2026-09-22
ARKO,,,,,2026-09-22
ARKR,,,,,2026-09-22
ARL,,,,,2026-09-22
ARLO,,,,,2026-09-22
ARLP,,,,,2026-09-22
ARMK,,,,,2026-09-22
AROC,,,,,2026-09-22
ARQ,,,,,2026-09-22
ARQT,,,,,2026-09-22
ARRY,,,,,2026-09-22
ARTNA,,,,,2026-09-22
ARTV,,,,,2026-09-22
ARTW,,,,,2026-09-22
ARVN,greenhouse,arvinas,,careers page,2026-09-22
ARW,,,,,2026-09-22
ARWR,,,,,2026-09-22
ARXS,,,,,2026-09-22
ASAN,greenhouse,asana,,name,2026-09-22
ASB,,,,,2026-09-22
ASBP,,,,,2026-09-22
ASH,,,,,2026-09-22
ASIC,,,,,2026-09-22
ASIX,,,,,2026-09-22
ASLE,,,,,2026-09-22
ASM,,,,,2026-09-22
ASMB,,,,,2026-09-22
ASO,,,,,2026-09-22
ASPI,,,,,2026-09-22
ASPN,,,,,2026-09-22
ASRV,,,,,2026-09-22
ASST,,,,,2026-09-22
ASTC,,,,,2026-09-22
ASTE,,,,,2026-09-22
ASTH,,,,,2026-09-22
ASTI,,,,,2026-09-22
ASTL,,,,,2026-09-22
ASTS,greenhouse,astspacemobile,,careers page,2026-09-22
ASUR,,,,,2026-09-22
ASYS,,,,,2026-09-22
ATCH,,,,,2026-09-22
ATEC,,,,,2026-09-22
ATEN,workday,osv-a10networks/A10CareerSite,osv-a10networks.wd503.myworkdayjobs.com,careers page,2026-09-22
ATER,,,,,2026-09-22
ATEX,greenhouse,anterix,,name,2026-09-22
ATH-PA,workday,athene/athene_careers,athene.wd5.myworkdayjobs.com,careers page,2026-09-22
ATHE,,,,,2026-09-22
ATHR,,,,,2026-09-22
ATI,,,,,2026-09-22
ATKR,,,,,2026-09-22
ATLCP,,,,,2026-09-22
ATLO,,,,,2026-09-22
ATLX,,,,,2026-09-22
ATMU,,,,,2026-09-22
ATNI,,,,,2026-09-22
ATNM,,,,,2026-09-22
ATO,workday,atmosenergy/External_Career_Site,atmosenergy.wd108.myworkdayjobs.com,careers page,2026-09-22
ATOM,,,,,2026-09-22
ATR,,,,,2026-09-22
ATRA,,,,,2026-09-22
ATRC,greenhouse,atricure,,careers page,2026-09-22
ATRO,,,,,2026-09-22
ATS,,,,,2026-09-22
ATTO,,,,,2026-09-22
ATYR,,,,,2026-09-22
AUB,,,,,2026-09-22
AUBN,,,,,2026-09-22
AUC,,,,,2026-09-22
AUID,,,,,2026-09-22
AUPH,,,,,2026-09-22
AUR,,,,,2026-09-22
AUUD,,,,,2026-09-22
AVA,,,,,2026-09-22
AVAH,,,,,2026-09-22
AVAT,,,,,2026-09-22
AVAV,workday,avav/AVAV,avav.wd1.myworkdayjobs.com,careers link,2026-09-22
AVBC,,,,,2026-09-22
AVBH,,,,,2026-09-22
AVD,,,,,2026-09-22
AVEX,,,,,2026-09-22
AVGO,,,,,2026-09-22
AVNT,,,,,2026-09-22
AVNW,,,,,2026-09-22
AVO,,,,,2026-09-22
AVPT,greenhouse,avepoint,,name,2026-09-22
AVR,greenhouse,anteristech,,careers page,2026-09-22
AVT,,,,,2026-09-22
AVTR,,,,,2026-09-22
AVTX,greenhouse,avalotherapeutics,,name,2026-09-22
AVX,,,,,2026-09-22
AVY,,,,,2026-09-22
AWHL,,,,,2026-09-22
AWI,,,,,2026-09-22
AWK,,,,,2026-09-22
AWR,,,,,2026-09-22
AWRE,,,,,2026-09-22
AWX,,,,,2026-09-22
AX,,,,,2026-09-22
AXGN,greenhouse,axogen,,careers page,2026-09-22
AXIL,,,,,2026-09-22
AXON,greenhouse,axon,,name,2026-09-22
AXP,,,,,2026-09-22
AXR,,,,,2026-09-22
AXSM,greenhouse,axsometherapeutics,,careers page,2026-09-22
AXTA,workday,axalta/Axalta,axalta.wd1.myworkdayjobs.com,careers page,2026-09-22
AXTI,,,,,2026-09-22
AYI,,,,,2026-09-22
AYR,,,,,2026-09-22
AYTU,,,,,2026-09-22
AZ,,,,,2026-09-22
AZIO,,,,,2026-09-22
AZO,,,,,2026-09-22
AZTA,workday,brooksauto/Brooks_External_Site,brooksauto.wd1.myworkdayjobs.com,careers page,2026-09-22
AZTR,,,,,2026-09-22
AZZ,smartrecruiters,PrecoatMetals,,careers page,2026-09-22
B,,,,,2026-09-22
BA,workday,boeing/EXTERNAL_CAREERS,boeing.wd1.myworkdayjobs.com,careers page,2026-09-22
BAC,,,,,2026-09-22
BAER,,,,,2026-09-22
BAH,workday,bah/BAH_Jobs,bah.wd1.myworkdayjobs.com,careers page,2026-09-22
BALL,,,,,2026-09-22
BALY,,,,,2026-09-22
BAM,workday,brookfield/brookfield,brookfield.wd5.myworkdayjobs.com,careers page,2026-09-22
BANC,,,,,2026-09-22
BAND,greenhouse,bandwidth,,careers page,2026-09-22
BANF,,,,,2026-09-22
BARK,greenhouse,bark,,careers page,2026-09-22
BATL,,,,,2026-09-22
BATRA,,,,,2026-09-22
BAX,workday,baxter/baxter,baxter.wd1.myworkdayjobs.com,careers page,2026-09-22
BB,workday,bb/BlackBerry,bb.wd3.myworkdayjobs.com,careers page,2026-09-22
BBAI,,,,,2026-09-22
BBCP,,,,,2026-09-22
BBGI,,,,,2026-09-22
BBIO,greenhouse,bridgebio,,careers page,2026-09-22
BBNX,,,,,2026-09-22
BBSI,,,,,2026-09-22
BBT,,,,,2026-09-22
BBW,,,,,2026-09-22
BBWI,,,,,2026-09-22
BBY,,,,,2026-09-22
BC,ashby,brunswick,,name,2026-09-22
BCAL,,,,,2026-09-22
BCBP,,,,,2026-09-22
BCC,,,,,2026-09-22
BCDA,,,,,2026-09-22
BCG,,,,,2026-09-22
BCHT,,,,,2026-09-22
BCML,,,,,2026-09-22
BCO,,,,,2026-09-22
BCPC,,,,,2026-09-22
BCRX,workday,biocryst/External,biocryst.wd501.myworkdayjobs.com,careers page,2026-09-22
BDC,,,,,2026-09-22
BDCO,,,,,2026-09-22
BDL,,,,,2026-09-22
BDN,,,,,2026-09-22
BDSX,greenhouse,phlebotomy,,careers page,2026-09-22
BDTX,,,,,2026-09-22
BDX,workday,bdx/EXTERNAL_CAREER_SITE_USA,bdx.wd1.myworkdayjobs.com,careers page,2026-09-22
BE,workday,bloomenergy/BloomEnergyCareers,bloomenergy.wd1.myworkdayjobs.com,careers page,2026-09-22
BEAM,greenhouse,beamtherapeutics,,name,2026-09-22
BEEM,,,,,2026-09-22
BEEP,,,,,2026-09-22
BELFA,,,,,2026-09-22
BEN,,,,,2026-09-22
BENF,,,,,2026-09-22
BEPC,,,,,2026-09-22
BESS,,,,,2026-09-22
BETA,,,,,2026-09-22
BETR,,,,,2026-09-22
BF-B,workday,bf/USA_Canada,bf.wd5.myworkdayjobs.com,careers page,2026-09-22
BFAM,,,,,2026-09-22
BFC,,,,,2026-09-22
BFH,,,,,2026-09-22
BFLY,greenhouse,butterflynetwork,,careers page,2026-09-22
BFRG,,,,,2026-09-22
BFRI,,,,,2026-09-22
BFS,,,,,2026-09-22
BFST,,,,,2026-09-22
BGC,,,,,2026-09-22
BGDE,,,,,2026-09-22
BGICF,,,,,2026-09-22
BGMS,,,,,2026-09-22
BGS,workday,bgfoods/BG_Foods_Careers,bgfoods.wd1.myworkdayjobs.com,careers link,2026-09-22
BGSF,,,,,2026-09-22
BH-A,,,,,2026-09-22
BHB,,,,,2026-09-22
BHC,,,,,2026-09-22
BHE,,,,,2026-09-22
BHF,,,,,2026-09-22
BHIC,,,,,2026-09-22
BHM,,,,,2026-09-22
BHP,,,,,2026-09-22
BHR,,,,,2026-09-22
BHST,,,,,2026-09-22
BIAF,,,,,2026-09-22
BIIB,workday,biibhr/external,biibhr.wd3.myworkdayjobs.com,careers page,2026-09-22
BILL,greenhouse,billcom,,careers page,2026-09-22
BIO,,,,,2026-09-22
BIOA,,,,,2026-09-22
BIPC,workday,brookfield/brookfield,brookfield.wd5.myworkdayjobs.com,careers page,2026-09-22
BIRD,,,,,2026-09-22
BIYA,,,,,2026-09-22
BJ,,,,,2026-09-22
BJRI,,,,,2026-09-22
BKD,,,,,2026-09-22
BKE,,,,,2026-09-22
BKH,,,,,2026-09-22
BKKT,,,,,2026-09-22
BKNG,,,,,2026-09-22
BKR,,,,,2026-09-22
BKSY,greenhouse,blacksky,,careers page,2026-09-22
BKTI,,,,,2026-09-22
BKU,,,,,2026-09-22
BKV,,,,,2026-09-22
BKYI,,,,,2026-09-22
BL,,,,,2026-09-22
BLBD,,,,,2026-09-22
BLCO,,,,,2026-09-22
BLDP,,,,,2026-09-22
BLDR,ashby,myparadigm,,careers page,2026-09-22
BLFS,,,,,2026-09-22
BLGO,,,,,2026-09-22
BLIN,,,,,2026-09-22
BLK,,,,,2026-09-22
BLKB,,,,,2026-09-22
BLLN,greenhouse,billiontoone,,careers page,2026-09-22
BLMH,,,,,2026-09-22
BLMN,,,,,2026-09-22
BLND,greenhouse,blend,,name,2026-09-22
BLNE,,,,,2026-09-22
BLNK,,,,,2026-09-22
BLZE,greenhouse,backblaze,,careers page,2026-09-22
BMBL,,,,,2026-09-22
BMI,workday,badgermeter/US_CareerSite,badgermeter.wd5.myworkdayjobs.com,careers page,2026-09-22
BMNM,,,,,2026-09-22
BMNR,,,,,2026-09-22
BMO,,,,,2026-09-22
BMRA,,,,,2026-09-22
BMRC,,,,,2026-09-22
BMRN,,,,,2026-09-22
BMTM,,,,,2026-09-22
BMY,workday,bristolmyerssquibb/BMS,bristolmyerssquibb.wd5.myworkdayjobs.com,careers page,2026-09-22
BN,workday,brookfield/brookfield,brookfield.wd5.myworkdayjobs.com,careers page,2026-09-22
BNAI,,,,,2026-09-22
BNC,,,,,2026-09-22
BNED,,,,,2026-09-22
BNGO,,,,,2026-09-22
BNKK,,,,,2026-09-22
BNL,,,,,2026-09-22
BNO,,,,,2026-09-22
BNS,,,,,2026-09-22
BNTC,,,,,2026-09-22
BNY,,,,,2026-09-22
BOBS,,,,,2026-09-22
BOC,,,,,2026-09-22
BODI,,,,,2026-09-22
BOF,,,,,2026-09-22
BOH,,,,,2026-09-22
BOKF,,,,,2026-09-22
BOLT,lever,boltbio,,careers page,2026-09-22
BOOM,,,,,2026-09-22
BOOT,,,,,2026-09-22
BOTJ,,,,,2026-09-22
BOTX,,,,,2026-09-22
BOW,,,,,2026-09-22
BOX,,,,,2026-09-22
BOXL,,,,,2026-09-22
BPOP,,,,,2026-09-22
BPRN,,,,,2026-09-22
BR,workday,broadridge/Careers,broadridge.wd5.myworkdayjobs.com,careers link,2026-09-22
BRAG,workday,bragggaming/External,bragggaming.wd107.myworkdayjobs.com,careers link,2026-09-22
BRBR,,,,,2026-09-22
BRBS,,,,,2026-09-22
BRC,,,,,2026-09-22
BRCB,,,,,2026-09-22
BRCC,,,,,2026-09-22
BRFH,,,,,2026-09-22
BRID,,,,,2026-09-22
BRK-B,,,,,2026-09-22
BRKR,,,,,2026-09-22
BRLS,,,,,2026-09-22
BRLT,greenhouse,brilliantearth,,name,2026-09-22
BRN,,,,,2026-09-22
BRO,workday,bbinsurance/Careers,bbinsurance.wd1.myworkdayjobs.com,careers page,2026-09-22
BROS,,,,,2026-09-22
BRR,,,,,2026-09-22
BRSP,,,,,2026-09-22
BRT,,,,,2026-09-22
BRTX,,,,,2026-09-22
BRUN,,,,,2026-09-22
BRX,,,,,2026-09-22
BRZE,greenhouse,braze,,name,2026-09-22
BSBK,,,,,2026-09-22
BSEM,,,,,2026-09-22
BSET,,,,,2026-09-22
BSIN,,,,,2026-09-22
BSM,,,,,2026-09-22
BSPA,,,,,2026-09-22
BSRR,,,,,2026-09-22
BSTT,,,,,2026-09-22
BSVN,,,,,2026-09-22
BSX,,,,,2026-09-22
BSY,,,,,2026-09-22
BTAI,,,,,2026-09-22
BTBD,,,,,2026-09-22
BTBT,,,,,2026-09-22
BTCK,,,,,2026-09-22
BTCO,,,,,2026-09-22
BTCS,,,,,2026-09-22
BTCY,,,,,2026-09-22
BTE,,,,,2026-09-22
BTGO,greenhouse,bitgo,,careers page,2026-09-22
BTLN,,,,,2026-09-22
BTMD,,,,,2026-09-22
BTOC,,,,,2026-09-22
BTSG,,,,,2026-09-22
BTU,,,,,2026-09-22
BUDA,,,,,2026-09-22
BUKS,,,,,2026-09-22
BULL,,,,,2026-09-22
BURL,,,,,2026-09-22
BURU,,,,,2026-09-22
BUSE,,,,,2026-09-22
BV,,,,,2026-09-22
BVS,workday,osv-bioventus/External,osv-bioventus.wd501.myworkdayjobs.com,careers page,2026-09-22
BW,,,,,2026-09-22
BWA,,,,,2026-09-22
BWB,,,,,2026-09-22
BWEN,,,,,2026-09-22
BWFG,,,,,2026-09-22
BWIN,,,,,2026-09-22
BWMG,,,,,2026-09-22
BWMN,,,,,2026-09-22
BWXT,,,,,2026-09-22
BX,,,,,2026-09-22
BXC,,,,,2026-09-22
BXDC,,,,,2026-09-22
BXMT,,,,,2026-09-22
BXP,,,,,2026-09-22
BY,,,,,2026-09-22
BYD,,,,,2026-09-22
BYFC,,,,,2026-09-22
BYND,workday,beyondmeat/External_Careers,beyondmeat.wd1.myworkdayjobs.com,careers link,2026-09-22
BYRN,,,,,2026-09-22
BYSI,,,,,2026-09-22
BZAI,,,,,2026-09-22
BZFD,,,,,2026-09-22
BZH,,,,,2026-09-22
C,,,,,2026-09-22
CABO,,,,,2026-09-22
CABR,,,,,2026-09-22
CAC,,,,,2026-09-22
CACC,,,,,2026-09-22
CACI,,,,,2026-09-22
CAE,workday,cae/career,cae.wd3.myworkdayjobs.com,careers page,2026-09-22
CAG,,,,,2026-09-22
CAH,,,,,2026-09-22
CAI,,,,,2026-09-22
CAKE,,,,,2026-09-22
CAL,,,,,2026-09-22
CALM,,,,,2026-09-22
CALX,workday,calix/External,calix.wd1.myworkdayjobs.com,careers page,2026-09-22
CALY,,,,,2026-09-22
CAMP,,,,,2026-09-22
CANG,,,,,2026-09-22
CAPL,,,,,2026-09-22
CAPN,,,,,2026-09-22
CAPR,lever,capricor,,careers link,2026-09-22
CAPS,,,,,2026-09-22
CAR,workday,avisbudget/ABG_Careers,avisbudget.wd1.myworkdayjobs.com,careers page,2026-09-22
CARE,,,,,2026-09-22
CARG,greenhouse,cargurus,,name,2026-09-22
CARL,,,,,2026-09-22
CARR,workday,carrier/jobs,carrier.wd5.myworkdayjobs.com,careers page,2026-09-22
CARS,,,,,2026-09-22
CART,,,,,2026-09-22
CARV,,,,,2026-09-22
CASH,greenhouse,pathward,,careers page,2026-09-22
CASS,,,,,2026-09-22
CAST,,,,,2026-09-22
CASY,,,,,2026-09-22
CAT,,,,,2026-09-22
CATO,,,,,2026-09-22
CATY,,,,,2026-09-22
CAVA,,,,,2026-09-22
CBAN,,,,,2026-09-22
CBC,,,,,2026-09-22
CBFV,,,,,2026-09-22
CBIO,,,,,2026-09-22
CBK,,,,,2026-09-22
CBKM,,,,,2026-09-22
CBL,,,,,2026-09-22
CBLL,greenhouse,ceribell,,careers page,2026-09-22
CBNA,,,,,2026-09-22
CBNK,greenhouse,capitalbank,,careers page,2026-09-22
CBOE,,,,,2026-09-22
CBRE,,,,,2026-09-22
CBRL,,,,,2026-09-22
CBRS,ashby,cerebras,,careers page,2026-09-22
CBSH,,,,,2026-09-22
CBT,,,,,2026-09-22
CBU,,,,,2026-09-22
CBUS,,,,,2026-09-22
CBZ,,,,,2026-09-22
CC,,,,,2026-09-22
CCB,ashby,Coastal,,careers page,2026-09-22
CCBG,,,,,2026-09-22
CCC,,,,,2026-09-22
CCCC,,,,,2026-09-22
CCEL,,,,,2026-09-22
CCFN,,,,,2026-09-22
CCI,,,,,2026-09-22
CCK,workday,crownholdings/CrownHoldings,crownholdings.wd501.myworkdayjobs.com,careers link,2026-09-22
CCL,,,,,2026-09-22
CCLD,,,,,2026-09-22
CCNE,,,,,2026-09-22
CCO,workday,clearchanneloutdoor/CCO,clearchanneloutdoor.wd5.myworkdayjobs.com,careers page,2026-09-22
CCOI,,,,,2026-09-22
CCS,greenhouse,centurycommunitiesinc,,careers page,2026-09-22
CCSI,greenhouse,consensuscloudservices,,careers page,2026-09-22
CD,,,,,2026-09-22
CDE,,,,,2026-09-22
CDIO,,,,,2026-09-22
CDIX,,,,,2026-09-22
CDLX,workday,cardlytics/CardlyticsExternalCareerSite,cardlytics.wd5.myworkdayjobs.com,careers page,2026-09-22
CDNA,greenhouse,caredxinc,,careers page,2026-09-22
CDNL,,,,,2026-09-22
CDNS,,,,,2026-09-22
CDP,,,,,2026-09-22
CDR-PB,,,,,2026-09-22
CDRE,,,,,2026-09-22
CDW,,,,,2026-09-22
CDXS,,,,,2026-09-22
CDZI,,,,,2026-09-22
CE,,,,,2026-09-22
CECO,,,,,2026-09-22
CEG,,,,,2026-09-22
CEIN,,,,,2026-09-22
CELH,,,,,2026-09-22
CELU,,,,,2026-09-22
CELZ,,,,,2026-09-22
CENN,,,,,2026-09-22
CENT,,,,,2026-09-22
CENX,,,,,2026-09-22
CEPL,,,,,2026-09-22
CERS,greenhouse,cerus,,careers page,2026-09-22
CERT,,,,,2026-09-22
CETX,,,,,2026-09-22
CETY,,,,,2026-09-22
CEVA,,,,,2026-09-22
CF,,,,,2026-09-22
CFBK,,,,,2026-09-22
CFFI,,,,,2026-09-22
CFFN,,,,,2026-09-22
CFG,,,,,2026-09-22
CFR,workday,frostbank/external,frostbank.wd5.myworkdayjobs.com,careers page,2026-09-22
CFTR-PA,,,,,2026-09-22
CG,,,,,2026-09-22
CGC,workday,canopygrowth/Canopy_Growth_External_Career_Site,canopygrowth.wd3.myworkdayjobs.com,careers page,2026-09-22
CGNX,,,,,2026-09-22
CGON,,,,,2026-09-22
CHAI,,,,,2026-09-22
CHCI,greenhouse,comstock,,careers page,2026-09-22
CHCO,,,,,2026-09-22
CHCT,,,,,2026-09-22
CHD,,,,,2026-09-22
CHDN,,,,,2026-09-22
CHE,,,,,2026-09-22
CHEF,,,,,2026-09-22
CHGA,,,,,2026-09-22
CHGG,workday,osv-chegg/Chegg,osv-chegg.wd5.myworkdayjobs.com,careers page,2026-09-22
CHH,,,,,2026-09-22
CHMG,,,,,2026-09-22
CHMI,,,,,2026-09-22
CHPT,greenhouse,chargepoint,,name,2026-09-22
CHRD,,,,,2026-09-22
CHRN,,,,,2026-09-22
CHRS,greenhouse,coherusbiosciences,,careers page,2026-09-22
CHRW,,,,,2026-09-22
CHSCP,,,,,2026-09-22
CHTR,,,,,2026-09-22
CHUC,,,,,2026-09-22
CHWY,,,,,2026-09-22
CHYM,greenhouse,chime,,name,2026-09-22
CI,workday,cigna/cignacareers,cigna.wd5.myworkdayjobs.com,careers page,2026-09-22
CIA,,,,,2026-09-22
CIEN,,,,,2026-09-22
CIFR,greenhouse,cipherminingtechnologiesinc,,careers page,2026-09-22
CIGI,,,,,2026-09-22
CINF,,,,,2026-09-22
CIRC,,,,,2026-09-22
CISO,,,,,2026-09-22
CITR,,,,,2026-09-22
CIVB,,,,,2026-09-22
CIX,,,,,2026-09-22
CJMB,,,,,2026-09-22
CKX,,,,,2026-09-22
CL,,,,,2026-09-22
CLAR,,,,,2026-09-22
CLB,workday,corelab/CLB,corelab.wd12.myworkdayjobs.com,careers page,2026-09-22
CLBK,,,,,2026-09-22
CLDT,,,,,2026-09-22
CLDX,,,,,2026-09-22
CLF,,,,,2026-09-22
CLFD,greenhouse,clearfield,,name,2026-09-22
CLH,,,,,2026-09-22
CLIR,,,,,2026-09-22
CLMB,,,,,2026-09-22
CLMT,,,,,2026-09-22
CLNE,,,,,2026-09-22
CLNN,,,,,2026-09-22
CLOV,greenhouse,cloverhealth,,careers page,2026-09-22
CLPR,,,,,2026-09-22
CLPT,,,,,2026-09-22
CLRO,,,,,2026-09-22
CLS,,,,,2026-09-22
CLSK,lever,cleanspark,,name,2026-09-22
CLST,,,,,2026-09-22
CLW,,,,,2026-09-22
CLX,,,,,2026-09-22
CM,workday,cibc/search,cibc.wd3.myworkdayjobs.com,careers page,2026-09-22
CMC,,,,,2026-09-22
CMCO,,,,,2026-09-22
CMCSA,,,,,2026-09-22
CMCT,lever,cimgroup,,careers page,2026-09-22
CME,,,,,2026-09-22
CMG,,,,,2026-09-22
CMI,,,,,2026-09-22
CMLS,,,,,2026-09-22
CMP,,,,,2026-09-22
CMPX,greenhouse,compasstherapeutics,,careers page,2026-09-22
CMRC,workday,bigcommerce/Commerce,bigcommerce.wd12.myworkdayjobs.com,careers page,2026-09-22
CMRF,lever,cimgroup,,careers link,2026-09-22
CMS,,,,,2026-09-22
CMT,,,,,2026-09-22
CMTG,,,,,2026-09-22
CMTL,,,,,2026-09-22
CMTV,,,,,2026-09-22
CNA,workday,cna/CNA_Careers,cna.wd1.myworkdayjobs.com,careers page,2026-09-22
CNC,,,,,2026-09-22
CNDT,,,,,2026-09-22
CNI,,,,,2026-09-22
CNK,workday,cinemark/cinemark,cinemark.wd1.myworkdayjobs.com,careers page,2026-09-22
CNM,,,,,2026-09-22
CNMD,,,,,2026-09-22
CNNE,,,,,2026-09-22
CNO,workday,cnoinc/Careers,cnoinc.wd5.myworkdayjobs.com,careers page,2026-09-22
CNOB,,,,,2026-09-22
CNP,,,,,2026-09-22
CNQ,,,,,2026-09-22
CNR,,,,,2026-09-22
CNS,,,,,2026-09-22
CNSY,,,,,2026-09-22
CNTB,,,,,2026-09-22
CNTM,,,,,2026-09-22
CNTN,,,,,2026-09-22
CNTY,,,,,2026-09-22
CNVS,,,,,2026-09-22
CNX,,,,,2026-09-22
CNXC,workday,cnx/external_global,cnx.wd1.myworkdayjobs.com,careers page,2026-09-22
CNXN,,,,,2026-09-22
COCH,,,,,2026-09-22
COCO,,,,,2026-09-22
COCP,,,,,2026-09-22
CODA,,,,,2026-09-22
CODI,,,,,2026-09-22
CODX,,,,,2026-09-22
COF,,,,,2026-09-22
COFS,,,,,2026-09-22
COHN,,,,,2026-09-22
COHR,,,,,2026-09-22
COHU,,,,,2026-09-22
COIN,greenhouse,coinbase,,name,2026-09-22
COKE,,,,,2026-09-22
COLB,,,,,2026-09-22
COLD,,,,,2026-09-22
COLL,greenhouse,collegiumpharma,,careers page,2026-09-22
COLM,workday,columbiasportswearcompany/CSC_Careers,columbiasportswearcompany.wd5.myworkdayjobs.com,careers page,2026-09-22
COMP,,,,,2026-09-22
CON,,,,,2026-09-22
COO,,,,,2026-09-22
COOK,greenhouse,traegergrills,,careers page,2026-09-22
COOT,,,,,2026-09-22
COP,workday,conocophillips/External,conocophillips.wd1.myworkdayjobs.com,careers page,2026-09-22
COR,,,,,2026-09-22
CORT,greenhouse,corcepttherapeutics,,name,2026-09-22
CORZ,greenhouse,users,,careers page,2026-09-22
COSO,,,,,2026-09-22
COST,,,,,2026-09-22
COTY,,,,,2026-09-22
COUR,greenhouse,coursera,,name,2026-09-22
COYA,,,,,2026-09-22
CP,,,,,2026-09-22
CPAY,workday,corpay/Ext_001,corpay.wd103.myworkdayjobs.com,careers page,2026-09-22
CPB,workday,campbellsoup/ExternalCareers_GlobalSite,campbellsoup.wd5.myworkdayjobs.com,careers page,2026-09-22
CPBI,,,,,2026-09-22
CPF,,,,,2026-09-22
CPHC,,,,,2026-09-22
CPIX,,,,,2026-09-22
CPK,,,,,2026-09-22
CPNG,greenhouse,coupang,,name,2026-09-22
CPRT,,,,,2026-09-22
CPS,,,,,2026-09-22
CPSH,,,,,2026-09-22
CPSS,,,,,2026-09-22
CPT,,,,,2026-09-22
CQP,,,,,2026-09-22
CR,workday,cranecompany/Careers,cranecompany.wd5.myworkdayjobs.com,careers link,2026-09-22
CRAI,,,,,2026-09-22
CRBG,workday,corebridgefinancial/CorebridgeFinancial,corebridgefinancial.wd1.myworkdayjobs.com,careers link,2026-09-22
CRBU,,,,,2026-09-22
CRC,,,,,2026-09-22
CRCL,,,,,2026-09-22
CRCT,,,,,2026-09-22
CRD-A,,,,,2026-09-22
CRDF,,,,,2026-09-22
CREX,,,,,2026-09-22
CRGY,,,,,2026-09-22
CRI,,,,,2026-09-22
CRIS,lever,curis,,careers page,2026-09-22
CRK,,,,,2026-09-22
CRL,,,,,2026-09-22
CRLBF,greenhouse,crescolabs,,name,2026-09-22
CRM,,,,,2026-09-22
CRMD,,,,,2026-09-22
CRMT,,,,,2026-09-22
CRMZ,,,,,2026-09-22
CRNC,workday,cerence/Cerence,cerence.wd5.myworkdayjobs.com,careers page,2026-09-22
CRON,,,,,2026-09-22
CROX,,,,,2026-09-22
CRS,workday,cartech/CTCExternal,cartech.wd5.myworkdayjobs.com,careers page,2026-09-22
CRSR,,,,,2026-09-22
CRUS,,,,,2026-09-22
CRVL,,,,,2026-09-22
CRVO,,,,,2026-09-22
CRVW,,,,,2026-09-22
CRWD,workday,crowdstrike/crowdstrikecareers,crowdstrike.wd5.myworkdayjobs.com,careers page,2026-09-22
CRWS,,,,,2026-09-22
CRWV,greenhouse,v1,,careers page,2026-09-22
CSAI,,,,,2026-09-22
CSBB,,,,,2026-09-22
CSBR,,,,,2026-09-22
CSCID,,,,,2026-09-22
CSCO,,,,,2026-09-22
CSGP,greenhouse,costar,,name,2026-09-22
CSIQ,workday,canadiansolar/CanadianSolar,canadiansolar.wd5.myworkdayjobs.com,careers link,2026-09-22
CSL,,,,,2026-09-22
CSPI,,,,,2026-09-22
CSQR,,,,,2026-09-22
CSR,,,,,2026-09-22
CSTL,,,,,2026-09-22
CSV,,,,,2026-09-22
CSW,,,,,2026-09-22
CSX,,,,,2026-09-22
CTAS,,,,,2026-09-22
CTBI,,,,,2026-09-22
CTEV,,,,,2026-09-22
CTGG,,,,,2026-09-22
CTKB,,,,,2026-09-22
CTM,,,,,2026-09-22
CTMX,,,,,2026-09-22
CTNM,,,,,2026-09-22
CTNT,,,,,2026-09-22
CTO,,,,,2026-09-22
CTOR,,,,,2026-09-22
CTOS,,,,,2026-09-22
CTRE,,,,,2026-09-22
CTRI,,,,,2026-09-22
CTRN,,,,,2026-09-22
CTS,,,,,2026-09-22
CTSH,,,,,2026-09-22
CTSO,,,,,2026-09-22
CTVA,workday,corteva/Corteva,corteva.wd5.myworkdayjobs.com,careers page,2026-09-22
CTXR,,,,,2026-09-22
CUBE,,,,,2026-09-22
CUBI,workday,customersbank/customersbankcareers,customersbank.wd1.myworkdayjobs.com,careers page,2026-09-22
CUE,,,,,2026-09-22
CULP,,,,,2026-09-22
CURB,,,,,2026-09-22
CURI,,,,,2026-09-22
CURLF,greenhouse,curaleaf,,name,2026-09-22
CURV,,,,,2026-09-22
CUZ,,,,,2026-09-22
CV,,,,,2026-09-22
CVBF,,,,,2026-09-22
CVCO,,,,,2026-09-22
CVE,,,,,2026-09-22
CVEO,,,,,2026-09-22
CVGI,workday,cvgrp/CVG,cvgrp.wd5.myworkdayjobs.com,careers page,2026-09-22
CVI,,,,,2026-09-22
CVLG,,,,,2026-09-22
CVLT,greenhouse,commvault,,name,2026-09-22
CVNA,greenhouse,carvana,,name,2026-09-22
CVR,,,,,2026-09-22
CVRX,lever,cvrx,,careers page,2026-09-22
CVS,,,,,2026-09-22
CVSA,,,,,2026-09-22
CVSI,,,,,2026-09-22
CVU,,,,,2026-09-22
CVV,,,,,2026-09-22
CVX,,,,,2026-09-22
CW,workday,curtisswright/CW_External_Career_Site,curtisswright.wd1.myworkdayjobs.com,careers page,2026-09-22
CWBC,,,,,2026-09-22
CWBHF,,,,,2026-09-22
CWD,,,,,2026-09-22
CWEN,,,,,2026-09-22
CWGL,,,,,2026-09-22
CWH,,,,,2026-09-22
CWST,,,,,2026-09-22
CWT,workday,calwatergroup/CWSG,calwatergroup.wd5.myworkdayjobs.com,careers link,2026-09-22
CXAI,,,,,2026-09-22
CXDO,,,,,2026-09-22
CXM,workday,sprinklr/careers,sprinklr.wd1.myworkdayjobs.com,careers page,2026-09-22
CXT,,,,,2026-09-22
CXW,,,,,2026-09-22
CXXIF,,,,,2026-09-22
CYAN,,,,,2026-09-22
CYCU,,,,,2026-09-22
CYH,,,,,2026-09-22
CYN,lever,v0,,careers page,2026-09-22
CYRX,workday,cryoport/external,cryoport.wd12.myworkdayjobs.com,careers link,2026-09-22
CYTK,workday,cytokinetics/Cytokinetics,cytokinetics.wd1.myworkdayjobs.com,careers page,2026-09-22
CZFS,,,,,2026-09-22
CZNC,,,,,2026-09-22
CZR,,,,,2026-09-22
CZWI,,,,,2026-09-22
D,,,,,2026-09-22
DAIC,,,,,2026-09-22
DAIO,,,,,2026-09-22
DAKT,,,,,2026-09-22
DAL,,,,,2026-09-22
DAN,,,,,2026-09-22
DAR,,,,,2026-09-22
DARE,,,,,2026-09-22
DASH,,,,,2026-09-22
DAVE,,,,,2026-09-22
DBD,,,,,2026-09-22
DBGI,,,,,2026-09-22
DBHL,,,,,2026-09-22
DBI,,,,,2026-09-22
DBRG,greenhouse,digitalbridge,,careers page,2026-09-22
DBX,greenhouse,dropbox,,name,2026-09-22
DCBO,ashby,docebo,,name,2026-09-22
DCGO,,,,,2026-09-22
DCH,,,,,2026-09-22
DCI,,,,,2026-09-22
DCO,,,,,2026-09-22
DCOM,,,,,2026-09-22
DCOY,,,,,2026-09-22
DCTH,,,,,2026-09-22
DD,workday,dupont/Jobs,dupont.wd5.myworkdayjobs.com,careers page,2026-09-22
DDC,,,,,2026-09-22
DDD,,,,,2026-09-22
DDOG,greenhouse,datadog,,name,2026-09-22
DDS,greenhouse,dillards,,name,2026-09-22
DE,,,,,2026-09-22
DEA,,,,,2026-09-22
DEC,,,,,2026-09-22
DECK,workday,deckers/Deckers,deckers.wd5.myworkdayjobs.com,careers page,2026-09-22
DEFT,,,,,2026-09-22
DEI,,,,,2026-09-22
DELL,,,,,2026-09-22
DERM,,,,,2026-09-22
DFDV,,,,,2026-09-22
DFH,,,,,2026-09-22
DFIN,,,,,2026-09-22
DFLI,,,,,2026-09-22
DFNS,,,,,2026-09-22
DFSC,,,,,2026-09-22
DG,,,,,2026-09-22
DGICA,,,,,2026-09-22
DGII,,,,,2026-09-22
DGX,,,,,2026-09-22
DGXX,,,,,2026-09-22
DH,greenhouse,definitivehc,,careers page,2026-09-22
DHC,,,,,2026-09-22
DHI,,,,,2026-09-22
DHR,,,,,2026-09-22
DHTI,,,,,2026-09-22
DHX,,,,,2026-09-22
DIBS,greenhouse,1stdibscom,,name,2026-09-22
DIN,,,,,2026-09-22
DINO,,,,,2026-09-22
DIOD,,,,,2026-09-22
DIS,,,,,2026-09-22
DIT,,,,,2026-09-22
DJCO,,,,,2026-09-22
DJT,,,,,2026-09-22
DK,,,,,2026-09-22
DKL,,,,,2026-09-22
DKNG,,,,,2026-09-22
DKS,,,,,2026-09-22
DLB,,,,,2026-09-22
DLHC,greenhouse,internal_job_board,,careers page,2026-09-22
DLPN,,,,,2026-09-22
DLR,,,,,2026-09-22
DLTH,,,,,2026-09-22
DLTR,,,,,2026-09-22
DLX,,,,,2026-09-22
DMC,,,,,2026-09-22
DMLP,,,,,2026-09-22
DMRC,greenhouse,digimarc,,careers link,2026-09-22
DNA,greenhouse,ginkgobioworks,,careers link,2026-09-22
DNLI,,,,,2026-09-22
DNOW,workday,distributionnow/DNOW_Careers,distributionnow.wd5.myworkdayjobs.com,careers page,2026-09-22
DNTH,greenhouse,dianthustherapeutics,,name,2026-09-22
DNUT,,,,,2026-09-22
DOC,,,,,2026-09-22
DOCN,,,,,2026-09-22
DOCS,greenhouse,doximity,,name,2026-09-22
DOCU,,,,,2026-09-22
DOMH,,,,,2026-09-22
DOMO,,,,,2026-09-22
DORM,,,,,2026-09-22
DOUG,,,,,2026-09-22
DOV,,,,,2026-09-22
DOW,,,,,2026-09-22
DPRO,,,,,2026-09-22
DPZ,,,,,2026-09-22
DRCT,,,,,2026-09-22
DREM,,,,,2026-09-22
DRH,,,,,2026-09-22
DRI,,,,,2026-09-22
DRIO,,,,,2026-09-22
DRS,,,,,2026-09-22
DRVN,,,,,2026-09-22
DSGN,,,,,2026-09-22
DSGR,,,,,2026-09-22
DSGX,,,,,2026-09-22
DSP,greenhouse,vianttechnology,,careers page,2026-09-22
DSS,,,,,2026-09-22
DT,,,,,2026-09-22
DTCX,,,,,2026-09-22
DTI,,,,,2026-09-22
DTIL,,,,,2026-09-22
DTM,,,,,2026-09-22
DTST,,,,,2026-09-22
DUK,,,,,2026-09-22
DUOL,greenhouse,duolingo,,name,2026-09-22
DUOT,,,,,2026-09-22
DV,greenhouse,doubleverify,,name,2026-09-22
DVA,,,,,2026-09-22
DVLT,,,,,2026-09-22
DVN,,,,,2026-09-22
DWSN,,,,,2026-09-22
DXC,workday,dxctechnology/DXCJobs,dxctechnology.wd1.myworkdayjobs.com,careers page,2026-09-22
DXCM,,,,,2026-09-22
DXLG,,,,,2026-09-22
DXPE,,,,,2026-09-22
DXYN,,,,,2026-09-22
DY,,,,,2026-09-22
DYAI,,,,,2026-09-22
DYNR,,,,,2026-09-22
EACO,,,,,2026-09-22
EAF,,,,,2026-09-22
EAI,,,,,2026-09-22
EAT,,,,,2026-09-22
EBAY,,,,,2026-09-22
EBC,,,,,2026-09-22
EBF,,,,,2026-09-22
EBMT,,,,,2026-09-22
EBON,,,,,2026-09-22
EBS,,,,,2026-09-22
ECBK,,,,,2026-09-22
ECG,,,,,2026-09-22
ECHO,,,,,2026-09-22
ECIA,,,,,2026-09-22
ECL,,,,,2026-09-22
ECOR,,,,,2026-09-22
ECPG,,,,,2026-09-22
ECVT,,,,,2026-09-22
ED,,,,,2026-09-22
EDBL,,,,,2026-09-22
EDIT,,,,,2026-09-22
EDUC,,,,,2026-09-22
EDVA,,,,,2026-09-22
EE,,,,,2026-09-22
EEFT,,,,,2026-09-22
EEIQ,,,,,2026-09-22
EFOI,,,,,2026-09-22
EFOR,,,,,2026-09-22
EFSC,workday,osv-enterprise/EnterpriseBankTrust_Jobs,osv-enterprise.wd1.myworkdayjobs.com,careers page,2026-09-22
EFSI,,,,,2026-09-22
EFX,,,,,2026-09-22
EFXT,,,,,2026-09-22
EGAN,,,,,2026-09-22
EGBN,,,,,2026-09-22
EGHT,,,,,2026-09-22
EGO,,,,,2026-09-22
EGP,,,,,2026-09-22
EGY,,,,,2026-09-22
EHC,,,,,2026-09-22
EHTH,,,,,2026-09-22
EIG,,,,,2026-09-22
EIX,greenhouse,edison,,name,2026-09-22
EL,,,,,2026-09-22
ELA,,,,,2026-09-22
ELAB,,,,,2026-09-22
ELAN,workday,elanco/External_Career,elanco.wd5.myworkdayjobs.com,careers page,2026-09-22
ELE,,,,,2026-09-22
ELF,,,,,2026-09-22
ELMD,,,,,2026-09-22
ELME,,,,,2026-09-22
ELMT,,,,,2026-09-22
ELOX,,,,,2026-09-22
ELS,workday,equitylifestyleproperties/ELS,equitylifestyleproperties.wd5.myworkdayjobs.com,careers link,2026-09-22
ELTP,,,,,2026-09-22
ELUT,,,,,2026-09-22
ELV,workday,elevancehealth/ANT,elevancehealth.wd1.myworkdayjobs.com,careers page,2026-09-22
ELVA,,,,,2026-09-22
ELWT,,,,,2026-09-22
EMA,,,,,2026-09-22
EMAT,,,,,2026-09-22
EMBC,workday,embecta/embectacareers,embecta.wd1.myworkdayjobs.com,careers page,2026-09-22
EME,,,,,2026-09-22
EML,,,,,2026-09-22
EMMA,,,,,2026-09-22
EMN,,,,,2026-09-22
EMPD,,,,,2026-09-22
EMR,,,,,2026-09-22
EMYB,,,,,2026-09-22
ENB,workday,enbridge/enbridge_careers,enbridge.wd3.myworkdayjobs.com,careers page,2026-09-22
ENBP,,,,,2026-09-22
ENHA,,,,,2026-09-22
ENOV,,,,,2026-09-22
ENPH,,,,,2026-09-22
ENR,,,,,2026-09-22
ENS,,,,,2026-09-22
ENSC,,,,,2026-09-22
ENSG,,,,,2026-09-22
ENTA,,,,,2026-09-22
ENTG,workday,entegris/EntegrisCareers,entegris.wd1.myworkdayjobs.com,careers page,2026-09-22
ENVA,greenhouse,enova,,careers page,2026-09-22
ENVX,workday,enovix/External,enovix.wd12.myworkdayjobs.com,careers page,2026-09-22
EOG,,,,,2026-09-22
EOLS,,,,,2026-09-22
EONR,,,,,2026-09-22
EOSE,workday,eosenergystorage/EoS,eosenergystorage.wd1.myworkdayjobs.com,careers page,2026-09-22
EP,,,,,2026-09-22
EPAC,,,,,2026-09-22
EPAM,,,,,2026-09-22
EPC,,,,,2026-09-22
EPD,,,,,2026-09-22
EPM,,,,,2026-09-22
EPR,,,,,2026-09-22
EPRT,,,,,2026-09-22
EPRX,,,,,2026-09-22
EPSN,,,,,2026-09-22
EQ,,,,,2026-09-22
EQBK,,,,,2026-09-22
EQH,,,,,2026-09-22
EQIX,,,,,2026-09-22
EQPT,,,,,2026-09-22
EQT,greenhouse,eqtcorporation,,careers page,2026-09-22
ERIE,,,,,2026-09-22
ERII,lever,energyrecovery,,careers page,2026-09-22
ERNA,,,,,2026-09-22
ERO,,,,,2026-09-22
EROC,,,,,2026-09-22
EROK,,,,,2026-09-22
ES,,,,,2026-09-22
ESAB,,,,,2026-09-22
ESBA,,,,,2026-09-22
ESCA,,,,,2026-09-22
ESE,,,,,2026-09-22
ESGH,,,,,2026-09-22
ESI,,,,,2026-09-22
ESMC,,,,,2026-09-22
ESOA,,,,,2026-09-22
ESP,,,,,2026-09-22
ESQ,,,,,2026-09-22
ESRT,lever,esrtreit,,careers page,2026-09-22
ESS,,,,,2026-09-22
ESTC,greenhouse,elastic,,name,2026-09-22
ET,,,,,2026-09-22
ETD,,,,,2026-09-22
ETON,,,,,2026-09-22
ETR,,,,,2026-09-22
ETS,,,,,2026-09-22
ETST,,,,,2026-09-22
ETSY,,,,,2026-09-22
EU,,,,,2026-09-22
EVC,,,,,2026-09-22
EVCM,,,,,2026-09-22
EVER,greenhouse,everquote,,careers page,2026-09-22
EVFM,,,,,2026-09-22
EVGO,,,,,2026-09-22
EVH,workday,evolent/External,evolent.wd1.myworkdayjobs.com,careers page,2026-09-22
EVI,,,,,2026-09-22
EVLV,,,,,2026-09-22
EVMN,,,,,2026-09-22
EVR,,,,,2026-09-22
EVRG,,,,,2026-09-22
EVTC,,,,,2026-09-22
EW,,,,,2026-09-22
EWBC,,,,,2026-09-22
EWSB,,,,,2026-09-22
EXC,,,,,2026-09-22
EXE,,,,,2026-09-22
EXEL,,,,,2026-09-22
EXFY,ashby,expensify,,careers page,2026-09-22
EXLS,,,,,2026-09-22
EXOD,,,,,2026-09-22
EXP,,,,,2026-09-22
EXPD,,,,,2026-09-22
EXPE,workday,expedia/search,expedia.wd108.myworkdayjobs.com,careers page,2026-09-22
EXPO,,,,,2026-09-22
EXR,,,,,2026-09-22
EXTR,lever,extremenetworks,,careers page,2026-09-22
EXYN,,,,,2026-09-22
EYE,,,,,2026-09-22
EYPT,,,,,2026-09-22
EZPW,,,,,2026-09-22
EZRA,,,,,2026-09-22
F,,,,,2026-09-22
FA,,,,,2026-09-22
FABC,,,,,2026-09-22
FAF,,,,,2026-09-22
FANG,,,,,2026-09-22
FAST,,,,,2026-09-22
FATE,lever,fatetherapeutics,,careers page,2026-09-22
FATN,,,,,2026-09-22
FBDT,,,,,2026-09-22
FBIN,,,,,2026-09-22
FBIO,,,,,2026-09-22
FBIZ,,,,,2026-09-22
FBK,,,,,2026-09-22
FBLA,,,,,2026-09-22
FBNC,,,,,2026-09-22
FBRT,,,,,2026-09-22
FBYD,,,,,2026-09-22
FC,,,,,2026-09-22
FCAP,,,,,2026-09-22
FCBC,,,,,2026-09-22
FCBM,,,,,2026-09-22
FCCN,,,,,2026-09-22
FCCO,,,,,2026-09-22
FCEL,,,,,2026-09-22
FCF,,,,,2026-09-22
FCFS,,,,,2026-09-22
FCN,,,,,2026-09-22
FCNCA,,,,,2026-09-22
FCPT,,,,,2026-09-22
FCUV,,,,,2026-09-22
FCX,,,,,2026-09-22
FDBC,,,,,2026-09-22
FDCT,,,,,2026-09-22
FDMT,greenhouse,4dmoleculartherapeutics,,careers page,2026-09-22
FDS,,,,,2026-09-22
FDSB,,,,,2026-09-22
FDX,,,,,2026-09-22
FDXF,,,,,2026-09-22
FE,,,,,2026-09-22
FEED,,,,,2026-09-22
FEIM,,,,,2026-09-22
FELE,,,,,2026-09-22
FEMY,,,,,2026-09-22
FENC,,,,,2026-09-22
FERG,workday,ferguson/Ferguson_Experienced,ferguson.wd1.myworkdayjobs.com,careers page,2026-09-22
FET,,,,,2026-09-22
FF,,,,,2026-09-22
FFAI,,,,,2026-09-22
FFBC,,,,,2026-09-22
FFIN,,,,,2026-09-22
FFIV,workday,ffive/f5jobs,ffive.wd5.myworkdayjobs.com,careers page,2026-09-22
FG,,,,,2026-09-22
FGBI,,,,,2026-09-22
FGI,,,,,2026-09-22
FGNX,,,,,2026-09-22
FGPR,,,,,2026-09-22
FHB,,,,,2026-09-22
FHI,,,,,2026-09-22
FHN,,,,,2026-09-22
FHTX,,,,,2026-09-22
FIBK,workday,fib/FIBCareers,fib.wd1.myworkdayjobs.com,careers page,2026-09-22
FICO,workday,fico/External,fico.wd1.myworkdayjobs.com,careers page,2026-09-22
FIG,greenhouse,figma,,careers page,2026-09-22
FIGR,,,,,2026-09-22
FIGS,greenhouse,figs15,,careers page,2026-09-22
FINW,,,,,2026-09-22
FIP,,,,,2026-09-22
FIRY,greenhouse,firy,,name,2026-09-22
FIS,workday,fis/SearchJobs,fis.wd5.myworkdayjobs.com,careers page,2026-09-22
FISI,,,,,2026-09-22
FISV,,,,,2026-09-22
FITB,,,,,2026-09-22
FIVE,,,,,2026-09-22
FIVN,greenhouse,five9,,careers page,2026-09-22
FIX,,,,,2026-09-22
FIZZ,,,,,2026-09-22
FJET,,,,,2026-09-22
FKWL,,,,,2026-09-22
FKYS,,,,,2026-09-22
FLD,,,,,2026-09-22
FLEX,workday,flextronics/Careers,flextronics.wd1.myworkdayjobs.com,careers link,2026-09-22
FLG,,,,,2026-09-22
FLGT,,,,,2026-09-22
FLL,,,,,2026-09-22
FLNC,workday,fluenceenergy/fluenceenergy-jobs,fluenceenergy.wd12.myworkdayjobs.com,careers page,2026-09-22
FLNT,,,,,2026-09-22
FLO,,,,,2026-09-22
FLOC,,,,,2026-09-22
FLR,,,,,2026-09-22
FLS,workday,flowserve/applied,flowserve.wd1.myworkdayjobs.com,careers page,2026-09-22
FLUT,,,,,2026-09-22
FLUX,,,,,2026-09-22
FLWS,,,,,2026-09-22
FLXS,,,,,2026-09-22
FLY,,,,,2026-09-22
FLYE,,,,,2026-09-22
FLYW,,,,,2026-09-22
FLYX,,,,,2026-09-22
FLZH,,,,,2026-09-22
FMAO,,,,,2026-09-22
FMBH,,,,,2026-09-22
FMBM,,,,,2026-09-22
FMC,workday,fmc/FMC,fmc.wd12.myworkdayjobs.com,careers link,2026-09-22
FMCB,,,,,2026-09-22
FMCC,,,,,2026-09-22
FMFG,,,,,2026-09-22
FMNB,,,,,2026-09-22
FNB,workday,fnbcorp/FNBCORP,fnbcorp.wd501.myworkdayjobs.com,careers page,2026-09-22
FND,,,,,2026-09-22
FNF,workday,fntg/FNF-Careers,fntg.wd5.myworkdayjobs.com,careers page,2026-09-22
FNKO,,,,,2026-09-22
FNLC,,,,,2026-09-22
FNMA,,,,,2026-09-22
FNRN,,,,,2026-09-22
FNV,,,,,2026-09-22
FNWB,,,,,2026-09-22
FNWD,,,,,2026-09-22
FOA,,,,,2026-09-22
FOR,,,,,2026-09-22
FORM,workday,formfactor/FFI-Careers,formfactor.wd1.myworkdayjobs.com,careers page,2026-09-22
FORR,,,,,2026-09-22
FOSL,,,,,2026-09-22
FOUR,,,,,2026-09-22
FOXA,,,,,2026-09-22
FOXF,workday,foxfactory/FOX,foxfactory.wd1.myworkdayjobs.com,careers page,2026-09-22
FOXO,,,,,2026-09-22
FOXX,,,,,2026-09-22
FPH,,,,,2026-09-22
FPI,,,,,2026-09-22
FPS,,,,,2026-09-22
FR,,,,,2026-09-22
FRAF,,,,,2026-09-22
FRBT,,,,,2026-09-22
FRD,,,,,2026-09-22
FREVS,,,,,2026-09-22
FRGT,,,,,2026-09-22
FRHC,,,,,2026-09-22
FRME,,,,,2026-09-22
FRMM,,,,,2026-09-22
FROG,greenhouse,jfrog,,name,2026-09-22
FRPH,,,,,2026-09-22
FRPT,,,,,2026-09-22
FRSH,,,,,2026-09-22
FRST,,,,,2026-09-22
FRT,,,,,2026-09-22
FRVO,greenhouse,fervoenergy,,name,2026-09-22
FSBC,,,,,2026-09-22
FSBW,,,,,2026-09-22
FSEA,,,,,2026-09-22
FSI,,,,,2026-09-22
FSLR,,,,,2026-09-22
FSLY,greenhouse,fastly,,name,2026-09-22
FSM,,,,,2026-09-22
FSP,,,,,2026-09-22
FSS,,,,,2026-09-22
FSTJ,,,,,2026-09-22
FSTR,,,,,2026-09-22
FSUN,,,,,2026-09-22
FSV,,,,,2026-09-22
FTAI,,,,,2026-09-22
FTCI,,,,,2026-09-22
FTCO,,,,,2026-09-22
FTDR,,,,,2026-09-22
FTEK,,,,,2026-09-22
FTFT,,,,,2026-09-22
FTHM,,,,,2026-09-22
FTK,,,,,2026-09-22
FTLF,,,,,2026-09-22
FTNT,,,,,2026-09-22
FTRE,,,,,2026-09-22
FTS,,,,,2026-09-22
FTV,,,,,2026-09-22
FUBO,greenhouse,fubotv,,careers page,2026-09-22
FUL,workday,hbfuller/Careers,hbfuller.wd1.myworkdayjobs.com,careers page,2026-09-22
FULC,greenhouse,fulcrumtherapeutics,,name,2026-09-22
FULT,,,,,2026-09-22
FUN,,,,,2026-09-22
FUNC,,,,,2026-09-22
FUSB,,,,,2026-09-22
FUSE,,,,,2026-09-22
FVCB,,,,,2026-09-22
FVR,,,,,2026-09-22
FWDI,,,,,2026-09-22
FWONA,,,,,2026-09-22
FWRD,,,,,2026-09-22
FWRG,,,,,2026-09-22
FXA,,,,,2026-09-22
FXB,,,,,2026-09-22
FXC,,,,,2026-09-22
FXE,,,,,2026-09-22
FXF,,,,,2026-09-22
FXNC,,,,,2026-09-22
FXY,,,,,2026-09-22
GABC,lever,germanamerican,,name,2026-09-22
GAIA,,,,,2026-09-22
GAME,,,,,2026-09-22
GAP,,,,,2026-09-22
GATX,,,,,2026-09-22
GAU,,,,,2026-09-22
GBCI,,,,,2026-09-22
GBCS,,,,,2026-09-22
GBFH,,,,,2026-09-22
GBLI,,,,,2026-09-22
GBR,,,,,2026-09-22
GBTG,,,,,2026-09-22
GBX,,,,,2026-09-22
GCBC,,,,,2026-09-22
GCMG,greenhouse,gcmgrosvenor,,name,2026-09-22
GCO,,,,,2026-09-22
GCT,,,,,2026-09-22
GCTS,,,,,2026-09-22
GD,,,,,2026-09-22
GDDY,greenhouse,godaddy,,name,2026-09-22
GDOT,workday,greendotcorp/gdc,greendotcorp.wd1.myworkdayjobs.com,careers page,2026-09-22
GDRX,,,,,2026-09-22
GDYN,,,,,2026-09-22
GE,,,,,2026-09-22
GEF,workday,greif/Greif,greif.wd5.myworkdayjobs.com,careers page,2026-09-22
GEG,,,,,2026-09-22
GEHC,,,,,2026-09-22
GEL,,,,,2026-09-22
GEMI,greenhouse,gemini,,name,2026-09-22
GEN,ashby,gen-digital,,careers page,2026-09-22
GENB,greenhouse,generatebiomedicines,,name,2026-09-22
GENC,,,,,2026-09-22
GENK,,,,,2026-09-22
GEO,,,,,2026-09-22
GEOS,,,,,2026-09-22
GERN,,,,,2026-09-22
GETY,lever,gettyimages,,careers page,2026-09-22
GEV,workday,gevernova/Vernova_ExternalSite,gevernova.wd5.myworkdayjobs.com,careers page,2026-09-22
GEVO,,,,,2026-09-22
GFF,,,,,2026-09-22
GFL,,,,,2026-09-22
GFS,,,,,2026-09-22
GGG,workday,graco/Graco_Careers,graco.wd501.myworkdayjobs.com,careers link,2026-09-22
GGROU,,,,,2026-09-22
GH,,,,,2026-09-22
GHC,,,,,2026-09-22
GHI,,,,,2026-09-22
GHM,,,,,2026-09-22
GIB,,,,,2026-09-22
GIC,,,,,2026-09-22
GIFT,,,,,2026-09-22
GIII,,,,,2026-09-22
GIL,,,,,2026-09-22
GILD,workday,gilead/gileadcareers,gilead.wd1.myworkdayjobs.com,careers page,2026-09-22
GILT,,,,,2026-09-22
GIPR,,,,,2026-09-22
GIS,workday,genmills/GMI_External_Careers,genmills.wd1.myworkdayjobs.com,careers page,2026-09-22
GIW,,,,,2026-09-22
GIX,,,,,2026-09-22
GKOS,,,,,2026-09-22
GL,,,,,2026-09-22
GLAS,,,,,2026-09-22
GLBZ,,,,,2026-09-22
GLGI,,,,,2026-09-22
GLIBA,,,,,2026-09-22
GLOO,,,,,2026-09-22
GLP,workday,global/globalpartnerscareers,global.wd1.myworkdayjobs.com,careers page,2026-09-22
GLPI,,,,,2026-09-22
GLTKD,,,,,2026-09-22
GLUE,,,,,2026-09-22
GLW,,,,,2026-09-22
GLXY,,,,,2026-09-22
GLXZ,,,,,2026-09-22
GM,,,,,2026-09-22
GME,,,,,2026-09-22
GMED,workday,globusmedical/GMED_Careers,globusmedical.wd5.myworkdayjobs.com,careers page,2026-09-22
GMRS,,,,,2026-09-22
GNE,,,,,2026-09-22
GNK,,,,,2026-09-22
GNL,,,,,2026-09-22
GNLN,,,,,2026-09-22
GNLX,,,,,2026-09-22
GNPX,,,,,2026-09-22
GNRC,,,,,2026-09-22
GNSS,,,,,2026-09-22
GNTX,workday,gentex/Gentex,gentex.wd5.myworkdayjobs.com,careers page,2026-09-22
GNW,workday,gnw/GNW,gnw.wd1.myworkdayjobs.com,careers page,2026-09-22
GO,,,,,2026-09-22
GOAI,,,,,2026-09-22
GOGO,workday,gogo/careers,gogo.wd503.myworkdayjobs.com,careers page,2026-09-22
GOLD,,,,,2026-09-22
GOLF,,,,,2026-09-22
GOOD,,,,,2026-09-22
GOOGL,,,,,2026-09-22
GOOS,workday,canadagoose/CanadaGooseCareers,canadagoose.wd3.myworkdayjobs.com,careers page,2026-09-22
GOSS,greenhouse,gossamerbio,,careers page,2026-09-22
GOVB,,,,,2026-09-22
GOVX,,,,,2026-09-22
GP,,,,,2026-09-22
GPC,,,,,2026-09-22
GPGI,,,,,2026-09-22
GPI,,,,,2026-09-22
GPK,,,,,2026-09-22
GPN,,,,,2026-09-22
GPOR,workday,gulfportenergy/GPOR_Career_Site,gulfportenergy.wd5.myworkdayjobs.com,careers page,2026-09-22
GPOX,,,,,2026-09-22
GPRE,,,,,2026-09-22
GPRO,,,,,2026-09-22
GPUS,,,,,2026-09-22
GRAL,lever,grailbio,,careers page,2026-09-22
GRBK,,,,,2026-09-22
GRC,,,,,2026-09-22
GRDN,,,,,2026-09-22
GRDX,,,,,2026-09-22
GRND,,,,,2026-09-22
GRNT,,,,,2026-09-22
GROV,greenhouse,grovecollaborative,,careers link,2026-09-22
GROW,,,,,2026-09-22
GROY,,,,,2026-09-22
GRPN,greenhouse,groupon,,name,2026-09-22
GRUSF,,,,,2026-09-22
GRWG,,,,,2026-09-22
GS,,,,,2026-09-22
GSAT,,,,,2026-09-22
GSBC,,,,,2026-09-22
GSG,,,,,2026-09-22
GSHD,,,,,2026-09-22
GSIT,,,,,2026-09-22
GT,,,,,2026-09-22
GTBIF,,,,,2026-09-22
GTE,,,,,2026-09-22
GTES,,,,,2026-09-22
GTIM,,,,,2026-09-22
GTLB,greenhouse,gitlab,,name,2026-09-22
GTM,greenhouse,zoominfo,,name,2026-09-22
GTN,,,,,2026-09-22
GTY,,,,,2026-09-22
GUER,,,,,2026-09-22
GUTS,greenhouse,fractylhealthinc,,careers page,2026-09-22
GV,,,,,2026-09-22
GVA,workday,granite/careers,granite.wd1.myworkdayjobs.com,careers link,2026-09-22
GVH,,,,,2026-09-22
GWAV,,,,,2026-09-22
GWH,,,,,2026-09-22
GWRE,,,,,2026-09-22
GWRS,,,,,2026-09-22
GWW,,,,,2026-09-22
GXAI,,,,,2026-09-22
GXO,,,,,2026-09-22
GYGY,,,,,2026-09-22
GYRE,,,,,2026-09-22
H,,,,,2026-09-22
HAE,workday,haemonetics/HAE,haemonetics.wd5.myworkdayjobs.com,careers page,2026-09-22
HAFC,,,,,2026-09-22
HAIN,,,,,2026-09-22
HAL,,,,,2026-09-22
HALO,workday,halozyme/halozymecareers,halozyme.wd115.myworkdayjobs.com,careers page,2026-09-22
HAPN,workday,lendingclub/External,lendingclub.wd1.myworkdayjobs.com,careers page,2026-09-22
HAS,greenhouse,hasbro,,name,2026-09-22
HASI,lever,hasi,,careers page,2026-09-22
HAWK,greenhouse,hawkeye360,,name,2026-09-22
HAYW,workday,hayward/External,hayward.wd1.myworkdayjobs.com,careers page,2026-09-22
HBAN,,,,,2026-09-22
HBB,,,,,2026-09-22
HBCP,,,,,2026-09-22
HBIO,,,,,2026-09-22
HBM,,,,,2026-09-22
HBNC,,,,,2026-09-22
HBT,,,,,2026-09-22
HCA,,,,,2026-09-22
HCAT,workday,healthcatalyst/healthcatalystcareers,healthcatalyst.wd5.myworkdayjobs.com,careers page,2026-09-22
HCC,workday,tmhcc/External,tmhcc.wd108.myworkdayjobs.com,careers page,2026-09-22
HCI,,,,,2026-09-22
HCKT,,,,,2026-09-22
HCSG,,,,,2026-09-22
HCTI,,,,,2026-09-22
HCWB,,,,,2026-09-22
HCWC,,,,,2026-09-22
HD,workday,homedepot/CareerDepot,homedepot.wd5.myworkdayjobs.com,careers page,2026-09-22
HDRN,,,,,2026-09-22
HDSN,,,,,2026-09-22
HE,,,,,2026-09-22
HEI,,,,,2026-09-22
HESM,,,,,2026-09-22
HFBL,,,,,2026-09-22
HFFG,workday,hffoodsgroup/HFFoodsCareers,hffoodsgroup.wd5.myworkdayjobs.com,careers page,2026-09-22
HFUS,,,,,2026-09-22
HFWA,,,,,2026-09-22
HGBL,,,,,2026-09-22
HGIT,,,,,2026-09-22
HGTY,workday,hagerty/hagerty,hagerty.wd5.myworkdayjobs.com,careers page,2026-09-22
HGV,,,,,2026-09-22
HHH,,,,,2026-09-22
HHS,,,,,2026-09-22
HIG,,,,,2026-09-22
HII,,,,,2026-09-22
HIMS,,,,,2026-09-22
HIND,,,,,2026-09-22
HIPO,greenhouse,hippo70,,careers page,2026-09-22
HIT,,,,,2026-09-22
HITI,,,,,2026-09-22
HIVE,,,,,2026-09-22
HIW,,,,,2026-09-22
HKHC,,,,,2026-09-22
HL,,,,,2026-09-22
HLI,,,,,2026-09-22
HLIO,,,,,2026-09-22
HLIT,,,,,2026-09-22
HLLY,,,,,2026-09-22
HLMN,,,,,2026-09-22
HLNE,workday,hamiltonlane/search,hamiltonlane.wd108.myworkdayjobs.com,careers page,2026-09-22
HLSQ,,,,,2026-09-22
HLT,,,,,2026-09-22
HMH,,,,,2026-09-22
HMN,,,,,2026-09-22
HNGE,,,,,2026-09-22
HNI,,,,,2026-09-22
HNNA,,,,,2026-09-22
HNRG,,,,,2026-09-22
HNST,,,,,2026-09-22
HNVR,,,,,2026-09-22
HODO,,,,,2026-09-22
HOFT,,,,,2026-09-22
HOG,,,,,2026-09-22
HOLO,,,,,2026-09-22
HOMB,,,,,2026-09-22
HON,,,,,2026-09-22
HONA,,,,,2026-09-22
HOOD,greenhouse,robinhood,,careers page,2026-09-22
HOPE,,,,,2026-09-22
HOS,,,,,2026-09-22
HOUR,,,,,2026-09-22
HOV,,,,,2026-09-22
HP,workday,hpinc/hpinc,hpinc.wd5.myworkdayjobs.com,careers page,2026-09-22
HPE,,,,,2026-09-22
HPK,,,,,2026-09-22
HPP,,,,,2026-09-22
HPQ,,,,,2026-09-22
HQI,,,,,2026-09-22
HQY,,,,,2026-09-22
HR,workday,healthcarerealty/External_Career_Site,healthcarerealty.wd501.myworkdayjobs.com,careers page,2026-09-22
HRB,,,,,2026-09-22
HRI,,,,,2026-09-22
HRL,,,,,2026-09-22
HRMY,,,,,2026-09-22
HRNNF,,,,,2026-09-22
HROW,,,,,2026-09-22
HRTG,,,,,2026-09-22
HRTX,greenhouse,herontherapeutics,,careers page,2026-09-22
HSCS,,,,,2026-09-22
HSDT,,,,,2026-09-22
HSIC,workday,henryschein/External_Careers,henryschein.wd1.myworkdayjobs.com,careers page,2026-09-22
HST,workday,hosthotels/HostHotels,hosthotels.wd5.myworkdayjobs.com,careers page,2026-09-22
HSTM,,,,,2026-09-22
HSY,,,,,2026-09-22
HTB,,,,,2026-09-22
HTFL,greenhouse,heartflowinc,,careers page,2026-09-22
HTH,,,,,2026-09-22
HTLD,,,,,2026-09-22
HTO,,,,,2026-09-22
HTZ,,,,,2026-09-22
HUBB,,,,,2026-09-22
HUBG,,,,,2026-09-22
HUBS,,,,,2026-09-22
HUM,,,,,2026-09-22
HUMA,,,,,2026-09-22
HUN,workday,huntsman/Huntsman,huntsman.wd1.myworkdayjobs.com,careers page,2026-09-22
HURA,,,,,2026-09-22
HURC,,,,,2026-09-22
HURN,workday,huron/huroncareers,huron.wd1.myworkdayjobs.com,careers page,2026-09-22
HUT,greenhouse,hut8,,name,2026-09-22
HVT,,,,,2026-09-22
HWBK,,,,,2026-09-22
HWC,workday,hancockwhitney/Careers,hancockwhitney.wd5.myworkdayjobs.com,careers page,2026-09-22
HWH,,,,,2026-09-22
HWKN,,,,,2026-09-22
HWM,,,,,2026-09-22
HWNI,,,,,2026-09-22
HXL,workday,hexcel/HexcelCareers,hexcel.wd5.myworkdayjobs.com,careers page,2026-09-22
HY,,,,,2026-09-22
HYFM,,,,,2026-09-22
HYLN,greenhouse,hyliion,,name,2026-09-22
HYNE,,,,,2026-09-22
HYPD,,,,,2026-09-22
HYPR,greenhouse,hyperfine53,,careers page,2026-09-22
HZO,,,,,2026-09-22
IA,,,,,2026-09-22
IAG,,,,,2026-09-22
IART,,,,,2026-09-22
IAUX,,,,,2026-09-22
IBCP,,,,,2026-09-22
IBEX,,,,,2026-09-22
IBIO,,,,,2026-09-22
IBKR,,,,,2026-09-22
IBM,,,,,2026-09-22
IBO,,,,,2026-09-22
IBOC,workday,ibc/ibc_careers,ibc.wd5.myworkdayjobs.com,careers page,2026-09-22
IBP,,,,,2026-09-22
IBRX,workday,nant/ImmunityBio,nant.wd5.myworkdayjobs.com,careers page,2026-09-22
IBTA,ashby,ibotta,,careers page,2026-09-22
ICCC,,,,,2026-09-22
ICE,,,,,2026-09-22
ICFI,workday,icf/ICFExternal_Career_Site,icf.wd5.myworkdayjobs.com,careers page,2026-09-22
ICHR,,,,,2026-09-22
ICR-PA,,,,,2026-09-22
ICU,,,,,2026-09-22
ICUI,,,,,2026-09-22
IDA,,,,,2026-09-22
IDAI,,,,,2026-09-22
IDCC,workday,interdigital/InterDigital_Career,interdigital.wd5.myworkdayjobs.com,careers page,2026-09-22
IDN,,,,,2026-09-22
IDR,,,,,2026-09-22
IDT,,,,,2026-09-22
IDXG,,,,,2026-09-22
IDXX,,,,,2026-09-22
IDYA,workday,ideayabio/External,ideayabio.wd501.myworkdayjobs.com,careers page,2026-09-22
IE,,,,,2026-09-22
IEHC,,,,,2026-09-22
IEP,,,,,2026-09-22
IESC,,,,,2026-09-22
IEX,,,,,2026-09-22
IFF,,,,,2026-09-22
IGC,,,,,2026-09-22
IHRT,workday,iheartmedia/External_iHM,iheartmedia.wd5.myworkdayjobs.com,careers page,2026-09-22
IHT,,,,,2026-09-22
III,,,,,2026-09-22
IIIN,,,,,2026-09-22
IIIV,,,,,2026-09-22
IIPR,,,,,2026-09-22
IKT,,,,,2026-09-22
ILLR,,,,,2026-09-22
ILMN,workday,illumina/illumina-careers,illumina.wd1.myworkdayjobs.com,careers page,2026-09-22
IMA,,,,,2026-09-22
IMAX,,,,,2026-09-22
IMDX,,,,,2026-09-22
IMKTA,,,,,2026-09-22
IMMP,,,,,2026-09-22
IMMR,,,,,2026-09-22
IMNM,,,,,2026-09-22
IMO,,,,,2026-09-22
IMSR,,,,,2026-09-22
IMTE,,,,,2026-09-22
IMXI,,,,,2026-09-22
INBK,,,,,2026-09-22
INBP,,,,,2026-09-22
INBS,,,,,2026-09-22
INBX,,,,,2026-09-22
INCY,,,,,2026-09-22
INDB,,,,,2026-09-22
INDI,greenhouse,indiesemiconductor,,careers page,2026-09-22
INDV,,,,,2026-09-22
INFQ,,,,,2026-09-22
INFU,,,,,2026-09-22
INGM,,,,,2026-09-22
INGN,,,,,2026-09-22
INGR,,,,,2026-09-22
INIS,,,,,2026-09-22
INLX,,,,,2026-09-22
INM,,,,,2026-09-22
INMB,,,,,2026-09-22
INN,,,,,2026-09-22
INNV,,,,,2026-09-22
INO,,,,,2026-09-22
INOD,lever,innodata,,name,2026-09-22
INR,,,,,2026-09-22
INRE,,,,,2026-09-22
INSE,,,,,2026-09-22
INSG,,,,,2026-09-22
INSM,workday,insmed/EXTERNAL,insmed.wd504.myworkdayjobs.com,careers page,2026-09-22
INSP,,,,,2026-09-22
INSW,,,,,2026-09-22
INTA,workday,intapp/Intapp,intapp.wd1.myworkdayjobs.com,careers page,2026-09-22
INTC,workday,intel/External,intel.wd1.myworkdayjobs.com,careers page,2026-09-22
INTG,,,,,2026-09-22
INTT,,,,,2026-09-22
INTU,,,,,2026-09-22
INTZ,,,,,2026-09-22
INUV,,,,,2026-09-22
INV,,,,,2026-09-22
INVA,,,,,2026-09-22
INVE,,,,,2026-09-22
INVH,workday,invitationhomes/INVH,invitationhomes.wd503.myworkdayjobs.com,careers page,2026-09-22
INVU,,,,,2026-09-22
INVX,,,,,2026-09-22
IOND,,,,,2026-09-22
IONQ,greenhouse,users,,careers page,2026-09-22
IONS,,,,,2026-09-22
IOSP,,,,,2026-09-22
IOT,greenhouse,samsara,,name,2026-09-22
IOVA,greenhouse,iovancebiotherapeutics,,careers page,2026-09-22
IP,workday,dssmith/careers,dssmith.wd3.myworkdayjobs.com,careers page,2026-09-22
IPAR,,,,,2026-09-22
IPDN,,,,,2026-09-22
IPGP,,,,,2026-09-22
IPI,,,,,2026-09-22
IPM,,,,,2026-09-22
IPSC,,,,,2026-09-22
IPST,,,,,2026-09-22
IPW,,,,,2026-09-22
IPWR,,,,,2026-09-22
IQST,,,,,2026-09-22
IQV,workday,iqvia/IQVIA,iqvia.wd1.myworkdayjobs.com,careers page,2026-09-22
IR,,,,,2026-09-22
IRD,,,,,2026-09-22
IRDM,,,,,2026-09-22
IREN,,,,,2026-09-22
IRIX,,,,,2026-09-22
IRM,,,,,2026-09-22
IRMD,,,,,2026-09-22
IRT,,,,,2026-09-22
IRTC,workday,irhythmtech/irhythm,irhythmtech.wd5.myworkdayjobs.com,careers page,2026-09-22
IRWD,greenhouse,ironwoodpharmaceuticals,,careers page,2026-09-22
ISBA,,,,,2026-09-22
ISCO,,,,,2026-09-22
ISPC,,,,,2026-09-22
ISPR,,,,,2026-09-22
ISRG,,,,,2026-09-22
ISTR,,,,,2026-09-22
IT,,,,,2026-09-22
ITG,greenhouse,virtu,,careers page,2026-09-22
ITGR,,,,,2026-09-22
ITHUF,,,,,2026-09-22
ITIC,,,,,2026-09-22
ITMSF,,,,,2026-09-22
ITRG,,,,,2026-09-22
ITRI,workday,itron/Early_Careers,itron.wd5.myworkdayjobs.com,careers page,2026-09-22
ITT,,,,,2026-09-22
ITW,,,,,2026-09-22
ITXP,,,,,2026-09-22
IVDA,,,,,2026-09-22
IVF,,,,,2026-09-22
IVFH,,,,,2026-09-22
IVT,,,,,2026-09-22
IVVD,greenhouse,invivyd,,careers page,2026-09-22
IVZ,,,,,2026-09-22
IZEA,,,,,2026-09-22
J,,,,,2026-09-22
JACK,,,,,2026-09-22
JAGX,,,,,2026-09-22
JAKK,,,,,2026-09-22
JAN,,,,,2026-09-22
JANL,,,,,2026-09-22
JANX,lever,januxrx,,careers page,2026-09-22
JBGS,,,,,2026-09-22
JBHT,workday,jbhunt/Careers,jbhunt.wd501.myworkdayjobs.com,careers page,2026-09-22
JBI,,,,,2026-09-22
JBL,workday,jabil/Jabil_Careers,jabil.wd5.myworkdayjobs.com,careers page,2026-09-22
JBLU,,,,,2026-09-22
JBSS,,,,,2026-09-22
JBTM,workday,jbtm/JBT_Marel_Career_Site,jbtm.wd108.myworkdayjobs.com,careers link,2026-09-22
JCAP,,,,,2026-09-22
JCTC,,,,,2026-09-22
JEF,,,,,2026-09-22
JELD,,,,,2026-09-22
JETMF,,,,,2026-09-22
JILL,,,,,2026-09-22
JJSF,greenhouse,icee,,careers page,2026-09-22
JKHY,,,,,2026-09-22
JLL,workday,jll/jllcareers,jll.wd1.myworkdayjobs.com,careers page,2026-09-22
JMSB,,,,,2026-09-22
JNJ,,,,,2026-09-22
JOB,,,,,2026-09-22
JOBY,,,,,2026-09-22
JOE,,,,,2026-09-22
JOUT,,,,,2026-09-22
JPM,,,,,2026-09-22
JRSH,,,,,2026-09-22
JRVR,,,,,2026-09-22
JSDA,,,,,2026-09-22
JTAI,,,,,2026-09-22
JUNS,,,,,2026-09-22
JUSH,lever,jushico,,careers page,2026-09-22
JUVF,,,,,2026-09-22
JVA,,,,,2026-09-22
JXN,,,,,2026-09-22
JYNT,,,,,2026-09-22
KAI,,,,,2026-09-22
KALA,,,,,2026-09-22
KALU,workday,kawarrick/Kaiser_Aluminum_Warrick_careers,kawarrick.wd5.myworkdayjobs.com,careers page,2026-09-22
KARX,,,,,2026-09-22
KBH,,,,,2026-09-22
KBR,,,,,2026-09-22
KBSR,,,,,2026-09-22
KD,workday,kyndryl/KyndrylEarlyCareers,kyndryl.wd5.myworkdayjobs.com,careers page,2026-09-22
KDK,greenhouse,kodiak,,careers page,2026-09-22
KDOZF,,,,,2026-09-22
KDP,,,,,2026-09-22
KE,workday,kei/GlobalKimballCareers,kei.wd1.myworkdayjobs.com,careers page,2026-09-22
KEEL,greenhouse,keelinfrastructure,,careers page,2026-09-22
KELYA,,,,,2026-09-22
KEQU,,,,,2026-09-22
KEX,,,,,2026-09-22
KEY,,,,,2026-09-22
KEYS,,,,,2026-09-22
KFFB,,,,,2026-09-22
KFRC,,,,,2026-09-22
KFY,,,,,2026-09-22
KGEI,,,,,2026-09-22
KGS,workday,kodiakgas/KodiakGasCareers,kodiakgas.wd12.myworkdayjobs.com,careers page,2026-09-22
KHC,,,,,2026-09-22
KIDS,,,,,2026-09-22
KIDZ,,,,,2026-09-22
KIM,,,,,2026-09-22
KINS,,,,,2026-09-22
KIQSF,,,,,2026-09-22
KITT,greenhouse,nauticusroboticsinc,,careers page,2026-09-22
KKR,,,,,2026-09-22
KLAC,workday,kla/Search,kla.wd1.myworkdayjobs.com,careers page,2026-09-22
KLC,,,,,2026-09-22
KLNG,,,,,2026-09-22
KLTR,,,,,2026-09-22
KLXE,,,,,2026-09-22
KMB,,,,,2026-09-22
KMI,,,,,2026-09-22
KMPR,workday,kemper/Kemper_Careers,kemper.wd5.myworkdayjobs.com,careers page,2026-09-22
KMT,,,,,2026-09-22
KMTS,greenhouse,kestramedicaltechnologiesinc,,careers link,2026-09-22
KMX,,,,,2026-09-22
KN,,,,,2026-09-22
KNF,,,,,2026-09-22
KNSL,,,,,2026-09-22
KNTK,greenhouse,kinetik,,name,2026-09-22
KNX,,,,,2026-09-22
KO,workday,coke/coca-cola-careers,coke.wd1.myworkdayjobs.com,careers page,2026-09-22
KODK,,,,,2026-09-22
KOP,workday,koppers/Koppers,koppers.wd5.myworkdayjobs.com,careers page,2026-09-22
KOPN,,,,,2026-09-22
KOS,,,,,2026-09-22
KOSS,,,,,2026-09-22
KPLT,,,,,2026-09-22
KPRX,,,,,2026-09-22
KPTI,,,,,2026-09-22
KR,,,,,2026-09-22
KRC,,,,,2026-09-22
KRG,,,,,2026-09-22
KRMD,,,,,2026-09-22
KRMN,,,,,2026-09-22
KRNY,,,,,2026-09-22
KRO,,,,,2026-09-22
KROS,greenhouse,keros,,name,2026-09-22
KRP,,,,,2026-09-22
KRRO,lever,korrobio,,name,2026-09-22
KRSA,,,,,2026-09-22
KRT,,,,,2026-09-22
KRUS,,,,,2026-09-22
KRYS,,,,,2026-09-22
KSCP,,,,,2026-09-22
KSS,,,,,2026-09-22
KTB,workday,kbi/Kontoor,kbi.wd5.myworkdayjobs.com,careers page,2026-09-22
KTCC,,,,,2026-09-22
KTEL,,,,,2026-09-22
KTOS,,,,,2026-09-22
KULR,,,,,2026-09-22
KURA,greenhouse,kuraoncology,,careers page,2026-09-22
KUST,,,,,2026-09-22
KVHI,,,,,2026-09-22
KVUE,workday,kenvue/kenvue,kenvue.wd5.myworkdayjobs.com,careers page,2026-09-22
KVYO,greenhouse,klaviyo,,name,2026-09-22
KWR,,,,,2026-09-22
KWY,,,,,2026-09-22
KYMR,greenhouse,kymeratherapeutics,,name,2026-09-22
KYNB,,,,,2026-09-22
KZIA,,,,,2026-09-22
L,,,,,2026-09-22
LAB,workday,standardbiotools/External,standardbiotools.wd5.myworkdayjobs.com,careers page,2026-09-22
LAD,,,,,2026-09-22
LAKE,,,,,2026-09-22
LAMR,,,,,2026-09-22
LAND,,,,,2026-09-22
LARK,,,,,2026-09-22
LASE,,,,,2026-09-22
LASR,,,,,2026-09-22
LAUR,,,,,2026-09-22
LAW,greenhouse,disco,,careers page,2026-09-22
LAWIL,,,,,2026-09-22
LAZ,,,,,2026-09-22
LB,,,,,2026-09-22
LBRA,,,,,2026-09-22
LBRT,,,,,2026-09-22
LCFY,,,,,2026-09-22
LCID,,,,,2026-09-22
LCII,,,,,2026-09-22
LCLN,greenhouse,lincolninternational,,name,2026-09-22
LCNB,,,,,2026-09-22
LCTC,,,,,2026-09-22
LCTX,,,,,2026-09-22
LCUT,,,,,2026-09-22
LDI,,,,,2026-09-22
LDOS,,,,,2026-09-22
LE,,,,,2026-09-22
LEA,,,,,2026-09-22
LECO,,,,,2026-09-22
LEE,,,,,2026-09-22
LEGH,,,,,2026-09-22
LEGN,,,,,2026-09-22
LEN,,,,,2026-09-22
LENZ,,,,,2026-09-22
LESL,,,,,2026-09-22
LEU,,,,,2026-09-22
LEVI,,,,,2026-09-22
LEXX,,,,,2026-09-22
LFCR,,,,,2026-09-22
LFMD,,,,,2026-09-22
LFST,lever,lifestance,,name,2026-09-22
LFTO,,,,,2026-09-22
LFUS,,,,,2026-09-22
LFVN,,,,,2026-09-22
LFWD,,,,,2026-09-22
LGCY,,,,,2026-09-22
LGIH,,,,,2026-09-22
LGL,,,,,2026-09-22
LGMK,,,,,2026-09-22
LGN,,,,,2026-09-22
LGND,,,,,2026-09-22
LGO,,,,,2026-09-22
LGVN,,,,,2026-09-22
LH,,,,,2026-09-22
LHAI,,,,,2026-09-22
LHX,,,,,2026-09-22
LIDR,greenhouse,aeyeinc,,careers page,2026-09-22
LIF,greenhouse,life360,,name,2026-09-22
LIFD,,,,,2026-09-22
LIFE,,,,,2026-09-22
LII,,,,,2026-09-22
LILA,,,,,2026-09-22
LIME,,,,,2026-09-22
LINC,,,,,2026-09-22
LIND,,,,,2026-09-22
LINE,,,,,2026-09-22
LINK,,,,,2026-09-22
LITE,workday,lumentum/LITE,lumentum.wd5.myworkdayjobs.com,careers page,2026-09-22
LITS,,,,,2026-09-22
LIVE,,,,,2026-09-22
LKFN,,,,,2026-09-22
LKQ,workday,lkqcorp/ExternalCareerSite-LKQ,lkqcorp.wd5.myworkdayjobs.com,careers page,2026-09-22
LLY,,,,,2026-09-22
LLYVA,,,,,2026-09-22
LMAT,,,,,2026-09-22
LMB,,,,,2026-09-22
LMND,ashby,lemonade,,name,2026-09-22
LMNR,,,,,2026-09-22
LMRI,lever,diversifiedradiology,,careers page,2026-09-22
LMT,,,,,2026-09-22
LNAI,,,,,2026-09-22
LNC,,,,,2026-09-22
LNG,,,,,2026-09-22
LNN,,,,,2026-09-22
LNSR,,,,,2026-09-22
LNT,workday,alliantenergy/alliant,alliantenergy.wd1.myworkdayjobs.com,careers page,2026-09-22
LNTH,,,,,2026-09-22
LNZA,,,,,2026-09-22
LOAN,,,,,2026-09-22
LOAR,,,,,2026-09-22
LOB,workday,liveoakbancshares/Live_Oak,liveoakbancshares.wd1.myworkdayjobs.com,careers page,2026-09-22
LOCL,greenhouse,localbounti,,name,2026-09-22
LOCO,,,,,2026-09-22
LODE,,,,,2026-09-22
LOGI,workday,logitech/Logitech,logitech.wd5.myworkdayjobs.com,careers page,2026-09-22
LOOP,,,,,2026-09-22
LOPE,workday,gcu/GCE,gcu.wd1.myworkdayjobs.com,careers page,2026-09-22
LOVE,,,,,2026-09-22
LOW,,,,,2026-09-22
LPG,,,,,2026-09-22
LPLA,,,,,2026-09-22
LPTH,,,,,2026-09-22
LPX,,,,,2026-09-22
LQDA,,,,,2026-09-22
LQDT,,,,,2026-09-22
LRCX,,,,,2026-09-22
LRHC,,,,,2026-09-22
LRN,,,,,2026-09-22
LSBK,,,,,2026-09-22
LSCC,,,,,2026-09-22
LSF,,,,,2026-09-22
LSPD,,,,,2026-09-22
LSTA,,,,,2026-09-22
LSTR,,,,,2026-09-22
LTBR,greenhouse,lightbridgecorporationanevadacorporation,,careers page,2026-09-22
LTC,,,,,2026-09-22
LTCH,,,,,2026-09-22
LTH,,,,,2026-09-22
LTRX,,,,,2026-09-22
LTSV,,,,,2026-09-22
LUCD,,,,,2026-09-22
LUCK,,,,,2026-09-22
LUCYW,,,,,2026-09-22
LULU,,,,,2026-09-22
LUMN,,,,,2026-09-22
LUNG,,,,,2026-09-22
LUNR,,,,,2026-09-22
LUV,,,,,2026-09-22
LUVU,,,,,2026-09-22
LVLU,,,,,2026-09-22
LVO,,,,,2026-09-22
LVRLF,,,,,2026-09-22
LVS,,,,,2026-09-22
LVWR,,,,,2026-09-22
LW,workday,lambweston/Lamb_External,lambweston.wd1.myworkdayjobs.com,careers page,2026-09-22
LWAY,,,,,2026-09-22
LWLG,,,,,2026-09-22
LXP,,,,,2026-09-22
LXRX,,,,,2026-09-22
LXU,,,,,2026-09-22
LYB,,,,,2026-09-22
LYEL,greenhouse,lyellimmunopharma,,name,2026-09-22
LYFT,greenhouse,lyft,,name,2026-09-22
LYTS,,,,,2026-09-22
LYV,workday,livenation/LNExternalSite,livenation.wd503.myworkdayjobs.com,careers page,2026-09-22
LZ,,,,,2026-09-22
LZB,,,,,2026-09-22
M,,,,,2026-09-22
MA,,,,,2026-09-22
MAA,,,,,2026-09-22
MAC,,,,,2026-09-22
MAGN,,,,,2026-09-22
MAIA,,,,,2026-09-22
MAIR,,,,,2026-09-22
MAMA,,,,,2026-09-22
MAMO,,,,,2026-09-22
MAN,,,,,2026-09-22
MANH,workday,manh/External,manh.wd5.myworkdayjobs.com,careers page,2026-09-22
MAPS,,,,,2026-09-22
MAR,,,,,2026-09-22
MARA,,,,,2026-09-22
MAS,,,,,2026-09-22
MASS,,,,,2026-09-22
MAT,,,,,2026-09-22
MATV,,,,,2026-09-22
MATW,,,,,2026-09-22
MATX,,,,,2026-09-22
MAX,greenhouse,mediaalpha,,careers page,2026-09-22
MAYS,,,,,2026-09-22
MAZE,greenhouse,mazetherapeutics,,careers page,2026-09-22
MBBC,,,,,2026-09-22
MBC,,,,,2026-09-22
MBGL,,,,,2026-09-22
MBI,,,,,2026-09-22
MBIN,,,,,2026-09-22
MBOT,,,,,2026-09-22
MBRX,,,,,2026-09-22
MBUU,,,,,2026-09-22
MBWM,,,,,2026-09-22
MCB,,,,,2026-09-22
MCD,,,,,2026-09-22
MCFT,,,,,2026-09-22
MCHB,workday,mechanicsbank/mechanicsbank,mechanicsbank.wd5.myworkdayjobs.com,careers page,2026-09-22
MCHP,,,,,2026-09-22
MCHX,,,,,2026-09-22
MCK,,,,,2026-09-22
MCO,,,,,2026-09-22
MCRB,greenhouse,serestherapeutics,,name,2026-09-22
MCRI,workday,monarchcasino/Atlantis_Casino,monarchcasino.wd501.myworkdayjobs.com,careers page,2026-09-22
MCS,,,,,2026-09-22
MCUJF,,,,,2026-09-22
MCY,,,,,2026-09-22
MD,,,,,2026-09-22
MDAI,,,,,2026-09-22
MDB,greenhouse,mongodb,,careers page,2026-09-22
MDIA,,,,,2026-09-22
MDLN,,,,,2026-09-22
MDLZ,,,,,2026-09-22
MDRR,,,,,2026-09-22
MDU,,,,,2026-09-22
MDXG,,,,,2026-09-22
MEC,,,,,2026-09-22
MED,,,,,2026-09-22
MEDP,,,,,2026-09-22
MEDS,,,,,2026-09-22
MEHA,,,,,2026-09-22
MEI,workday,methode/methode,methode.wd5.myworkdayjobs.com,careers page,2026-09-22
MERC,,,,,2026-09-22
MESO,,,,,2026-09-22
MET,lever,metlife,,name,2026-09-22
META,,,,,2026-09-22
METC,,,,,2026-09-22
MFC,,,,,2026-09-22
MFIN,,,,,2026-09-22
MFP,,,,,2026-09-22
MG,,,,,2026-09-22
MGA,,,,,2026-09-22
MGLD,,,,,2026-09-22
MGM,,,,,2026-09-22
MGNI,workday,osv-rubicon/MagniteCareers,osv-rubicon.wd5.myworkdayjobs.com,careers page,2026-09-22
MGNX,,,,,2026-09-22
MGPI,,,,,2026-09-22
MGRC,,,,,2026-09-22
MGRX,,,,,2026-09-22
MGTE,,,,,2026-09-22
MGTX,,,,,2026-09-22
MGX,,,,,2026-09-22
MGY,,,,,2026-09-22
MGYR,,,,,2026-09-22
MH,,,,,2026-09-22
MHH,,,,,2026-09-22
MHK,,,,,2026-09-22
MHO,,,,,2026-09-22
MIAX,,,,,2026-09-22
MIDD,,,,,2026-09-22
MIND,,,,,2026-09-22
MIR,,,,,2026-09-22
MIRM,greenhouse,mirumpharmaceuticals,,name,2026-09-22
MIST,,,,,2026-09-22
MITK,lever,miteksystems-2,,careers page,2026-09-22
MITQ,,,,,2026-09-22
MKC,,,,,2026-09-22
MKL,workday,markelcorp/GlobalCareers,markelcorp.wd5.myworkdayjobs.com,careers page,2026-09-22
MKSI,,,,,2026-09-22
MKTW,,,,,2026-09-22
MKTX,,,,,2026-09-22
MKZR,,,,,2026-09-22
MLAB,,,,,2026-09-22
MLCI,,,,,2026-09-22
MLGO,,,,,2026-09-22
MLI,,,,,2026-09-22
MLKN,workday,millerknoll/MillerKnoll,millerknoll.wd1.myworkdayjobs.com,careers page,2026-09-22
MLM,,,,,2026-09-22
MLP,,,,,2026-09-22
MLR,,,,,2026-09-22
MLSS,,,,,2026-09-22
MMA,,,,,2026-09-22
MMED,workday,mdtkangaroo/MiniMedCareers,mdtkangaroo.wd108.myworkdayjobs.com,careers page,2026-09-22
MMI,workday,marcusmillichap/MarcusMillichap,marcusmillichap.wd108.myworkdayjobs.com,careers page,2026-09-22
MMLP,,,,,2026-09-22
MMM,,,,,2026-09-22
MMS,,,,,2026-09-22
MMSI,workday,merit/Merit,merit.wd503.myworkdayjobs.com,careers link,2026-09-22
MNKD,,,,,2026-09-22
MNOV,,,,,2026-09-22
MNPR,,,,,2026-09-22
MNR,,,,,2026-09-22
MNRO,,,,,2026-09-22
MNSB,,,,,2026-09-22
MNST,,,,,2026-09-22
MNTK,,,,,2026-09-22
MNTN,greenhouse,mntn,,name,2026-09-22
MNTS,greenhouse,momentus,,careers link,2026-09-22
MO,,,,,2026-09-22
MOB,,,,,2026-09-22
MOBI,,,,,2026-09-22
MOBX,,,,,2026-09-22
MOD,,,,,2026-09-22
MOG-A,workday,moog/MOOG_External_Career_Site,moog.wd5.myworkdayjobs.com,careers page,2026-09-22
MOH,,,,,2026-09-22
MORN,,,,,2026-09-22
MOS,workday,mosaic/mosaic,mosaic.wd5.myworkdayjobs.com,careers page,2026-09-22
MOV,workday,movadogroup/Careers,movadogroup.wd1.myworkdayjobs.com,careers link,2026-09-22
MOVE,,,,,2026-09-22
MP,,,,,2026-09-22
MPAA,,,,,2026-09-22
MPB,,,,,2026-09-22
MPC,,,,,2026-09-22
MPLX,,,,,2026-09-22
MPT,,,,,2026-09-22
MPTI,,,,,2026-09-22
MPWR,,,,,2026-09-22
MQ,,,,,2026-09-22
MRAI,,,,,2026-09-22
MRAM,,,,,2026-09-22
MRBK,,,,,2026-09-22
MRCY,,,,,2026-09-22
MRDN,,,,,2026-09-22
MRK,workday,msd/SearchJobs,msd.wd5.myworkdayjobs.com,careers page,2026-09-22
MRKR,,,,,2026-09-22
MRLN,,,,,2026-09-22
MRMD,,,,,2026-09-22
MRNA,workday,modernatx/M_tx,modernatx.wd1.myworkdayjobs.com,careers page,2026-09-22
MRP,,,,,2026-09-22
MRSH,,,,,2026-09-22
MRTN,,,,,2026-09-22
MRVI,greenhouse,maravailifesciences,,careers page,2026-09-22
MRVL,,,,,2026-09-22
MS,,,,,2026-09-22
MSA,,,,,2026-09-22
MSAI,,,,,2026-09-22
MSB,,,,,2026-09-22
MSBB,,,,,2026-09-22
MSCI,,,,,2026-09-22
MSEX,,,,,2026-09-22
MSFT,,,,,2026-09-22
MSGE,,,,,2026-09-22
MSGM,,,,,2026-09-22
MSGS,,,,,2026-09-22
MSI,,,,,2026-09-22
MSM,,,,,2026-09-22
MSN,,,,,2026-09-22
MSS,,,,,2026-09-22
MSTR,,,,,2026-09-22
MTA,,,,,2026-09-22
MTB,workday,mtb/MTB,mtb.wd5.myworkdayjobs.com,careers page,2026-09-22
MTCH,lever,matchgroup,,careers page,2026-09-22
MTD,,,,,2026-09-22
MTDR,,,,,2026-09-22
MTEX,,,,,2026-09-22
MTG,workday,mgic/MGIC,mgic.wd5.myworkdayjobs.com,careers page,2026-09-22
MTN,,,,,2026-09-22
MTRN,workday,materion/Materion,materion.wd5.myworkdayjobs.com,careers page,2026-09-22
MTRX,,,,,2026-09-22
MTSI,,,,,2026-09-22
MTUS,,,,,2026-09-22
MTW,,,,,2026-09-22
MTX,,,,,2026-09-22
MTZ,,,,,2026-09-22
MU,,,,,2026-09-22
MUR,,,,,2026-09-22
MUSA,,,,,2026-09-22
MVBF,,,,,2026-09-22
MVIS,lever,microvision,,careers page,2026-09-22
MVST,,,,,2026-09-22
MWA,workday,muellerwaterproducts/Mueller,muellerwaterproducts.wd5.myworkdayjobs.com,careers page,2026-09-22
MWH,workday,solvenergy/SOLV_External_Career,solvenergy.wd1.myworkdayjobs.com,careers page,2026-09-22
MWYN,,,,,2026-09-22
MXC,,,,,2026-09-22
MXCT,,,,,2026-09-22
MXL,,,,,2026-09-22
MYE,,,,,2026-09-22
MYFW,greenhouse,firstwestern,,careers page,2026-09-22
MYGN,,,,,2026-09-22
MYND,,,,,2026-09-22
MYO,,,,,2026-09-22
MYPS,,,,,2026-09-22
MYRG,,,,,2026-09-22
MYSE,,,,,2026-09-22
MZTI,,,,,2026-09-22
NABL,,,,,2026-09-22
NAGE,lever,niagenbioscience,,careers link,2026-09-22
NAII,,,,,2026-09-22
NAKA,,,,,2026-09-22
NATH,,,,,2026-09-22
NATL,workday,ncratleos/ext_apacatleos,ncratleos.wd1.myworkdayjobs.com,careers page,2026-09-22
NATR,,,,,2026-09-22
NAUT,,,,,2026-09-22
NAVI,workday,navient/Navient_Jobs,navient.wd1.myworkdayjobs.com,careers page,2026-09-22
NAVN,,,,,2026-09-22
NBBK,,,,,2026-09-22
NBHC,,,,,2026-09-22
NBIX,workday,neurocrine/Neurocrinecareers,neurocrine.wd5.myworkdayjobs.com,careers page,2026-09-22
NBTB,,,,,2026-09-22
NC,workday,nacoal/sawtoothmining,nacoal.wd5.myworkdayjobs.com,careers page,2026-09-22
NCL,,,,,2026-09-22
NCLH,,,,,2026-09-22
NCMI,,,,,2026-09-22
NCNO,,,,,2026-09-22
NCPL,,,,,2026-09-22
NCRA,,,,,2026-09-22
NDAQ,,,,,2026-09-22
NDLS,,,,,2026-09-22
NDSN,,,,,2026-09-22
NE,workday,noblecorp/noblecorp,noblecorp.wd1.myworkdayjobs.com,careers page,2026-09-22
NECB,,,,,2026-09-22
NEE,,,,,2026-09-22
NEGG,,,,,2026-09-22
NEM,,,,,2026-09-22
NEN,,,,,2026-09-22
NEO,,,,,2026-09-22
NEOG,,,,,2026-09-22
NEOV,,,,,2026-09-22
NEPH,,,,,2026-09-22
NERV,,,,,2026-09-22
NESR,,,,,2026-09-22
NET,greenhouse,cloudflare,,name,2026-09-22
NEU,,,,,2026-09-22
NEUP,,,,,2026-09-22
NEXT,workday,nextdecade/GlobalCareers,nextdecade.wd501.myworkdayjobs.com,careers page,2026-09-22
NFE,,,,,2026-09-22
NFG,,,,,2026-09-22
NFGC,,,,,2026-09-22
NFLX,,,,,2026-09-22
NG,,,,,2026-09-22
NGL,workday,nglenergypartners/jobs,nglenergypartners.wd5.myworkdayjobs.com,careers page,2026-09-22
NGNE,,,,,2026-09-22
NGS,workday,ngsgi/External,ngsgi.wd108.myworkdayjobs.com,careers page,2026-09-22
NGVC,,,,,2026-09-22
NGVT,,,,,2026-09-22
NHC,,,,,2026-09-22
NHI,,,,,2026-09-22
NHP,,,,,2026-09-22
NHTC,,,,,2026-09-22
NI,workday,nisource/NiSource,nisource.wd1.myworkdayjobs.com,careers page,2026-09-22
NIC,,,,,2026-09-22
NICE,greenhouse,nice,,careers page,2026-09-22
NINE,,,,,2026-09-22
NIQ,,,,,2026-09-22
NIXX,,,,,2026-09-22
NJR,,,,,2026-09-22
NKE,workday,nike/nke,nike.wd1.myworkdayjobs.com,careers page,2026-09-22
NKSH,,,,,2026-09-22
NKTR,,,,,2026-09-22
NKTX,greenhouse,nkartatherapeutics,,careers page,2026-09-22
NL,,,,,2026-09-22
NLCP,,,,,2026-09-22
NLOP,,,,,2026-09-22
NLST,,,,,2026-09-22
NMAX,,,,,2026-09-22
NMIH,greenhouse,nmi,,name,2026-09-22
NMRK,,,,,2026-09-22
NMTC,,,,,2026-09-22
NN,,,,,2026-09-22
NNBR,,,,,2026-09-22
NNDM,,,,,2026-09-22
NNE,,,,,2026-09-22
NNN,,,,,2026-09-22
NNVC,,,,,2026-09-22
NOBH,,,,,2026-09-22
NOC,,,,,2026-09-22
NODK,,,,,2026-09-22
NOG,,,,,2026-09-22
NOMA,,,,,2026-09-22
NOTE,lever,fiscalnote,,name,2026-09-22
NOV,,,,,2026-09-22
NOVT,workday,novanta/Novanta-Careers,novanta.wd5.myworkdayjobs.com,careers page,2026-09-22
NOW,,,,,2026-09-22
NP,,,,,2026-09-22
NPCE,greenhouse,neuropace,,careers page,2026-09-22
NPK,,,,,2026-09-22
NPKI,,,,,2026-09-22
NPO,,,,,2026-09-22
NPWR,,,,,2026-09-22
NRC,,,,,2026-09-22
NRDS,ashby,nerdwallet,,name,2026-09-22
NRDY,,,,,2026-09-22
NRG,,,,,2026-09-22
NRGV,,,,,2026-09-22
NRIM,,,,,2026-09-22
NRIX,greenhouse,nurix,,careers page,2026-09-22
NROM,,,,,2026-09-22
NRP,,,,,2026-09-22
NRT,,,,,2026-09-22
NRXP,,,,,2026-09-22
NRXS,,,,,2026-09-22
NSC,,,,,2026-09-22
NSIT,,,,,2026-09-22
NSP,,,,,2026-09-22
NSPR,,,,,2026-09-22
NSSC,,,,,2026-09-22
NSTS,,,,,2026-09-22
NSYS,,,,,2026-09-22
NTAP,,,,,2026-09-22
NTCT,,,,,2026-09-22
NTGR,ashby,netgear,,careers page,2026-09-22
NTHI,,,,,2026-09-22
NTIC,,,,,2026-09-22
NTIP,,,,,2026-09-22
NTLA,,,,,2026-09-22
NTNX,,,,,2026-09-22
NTR,,,,,2026-09-22
NTRA,greenhouse,natera,,careers page,2026-09-22
NTRB,,,,,2026-09-22
NTRS,,,,,2026-09-22
NTSK,greenhouse,netskope,,name,2026-09-22
NTST,,,,,2026-09-22
NTWK,,,,,2026-09-22
NUAI,,,,,2026-09-22
NUE,,,,,2026-09-22
NUS,,,,,2026-09-22
NUTX,workday,nutexhealth/nutexhealthcareers,nutexhealth.wd503.myworkdayjobs.com,careers page,2026-09-22
NUVB,,,,,2026-09-22
NUVR,,,,,2026-09-22
NUWE,,,,,2026-09-22
NVAX,,,,,2026-09-22
NVDA,workday,nvidia/NVIDIAExternalCareerSite,nvidia.wd5.myworkdayjobs.com,careers page,2026-09-22
NVEC,,,,,2026-09-22
NVR,,,,,2026-09-22
NVRI,,,,,2026-09-22
NVST,workday,envista/envistacareers,envista.wd1.myworkdayjobs.com,careers page,2026-09-22
NVTS,,,,,2026-09-22
NWBI,workday,northwest/Northwest_Careers,northwest.wd1.myworkdayjobs.com,careers page,2026-09-22
NWE,,,,,2026-09-22
NWFL,,,,,2026-09-22
NWL,,,,,2026-09-22
NWN,,,,,2026-09-22
NWPP,,,,,2026-09-22
NWPX,,,,,2026-09-22
NWSA,,,,,2026-09-22
NWTG,,,,,2026-09-22
NX,,,,,2026-09-22
NXB,,,,,2026-09-22
NXDR,greenhouse,nextdoor,,name,2026-09-22
NXDT,,,,,2026-09-22
NXGL,,,,,2026-09-22
NXH,workday,overstock/BedBathandBeyond_Careers,overstock.wd5.myworkdayjobs.com,careers page,2026-09-22
NXL,,,,,2026-09-22
NXPL,,,,,2026-09-22
NXRT,,,,,2026-09-22
NXST,workday,nexstar/nexstar,nexstar.wd5.myworkdayjobs.com,careers page,2026-09-22
NXT,,,,,2026-09-22
NXTS,,,,,2026-09-22
NXXT,,,,,2026-09-22
NYC,,,,,2026-09-22
NYT,,,,,2026-09-22
O,workday,realtyincome/realty_income_careers,realtyincome.wd108.myworkdayjobs.com,careers page,2026-09-22
OABIW,,,,,2026-09-22
OAK-PA,,,,,2026-09-22
OBAI,,,,,2026-09-22
OBE,,,,,2026-09-22
OBIO,,,,,2026-09-22
OBK,workday,originbank/Careers,originbank.wd1.myworkdayjobs.com,careers page,2026-09-22
OBT,,,,,2026-09-22
OBX,greenhouse,obsidiantherapeutics,,name,2026-09-22
OC,,,,,2026-09-22
OCC,,,,,2026-09-22
OCFC,,,,,2026-09-22
OCGN,,,,,2026-09-22
OCLN,,,,,2026-09-22
OCTV,,,,,2026-09-22
OCUL,greenhouse,oculartherapeutix,,name,2026-09-22
ODC,,,,,2026-09-22
ODFL,workday,odfl/ODFL_Careers,odfl.wd1.myworkdayjobs.com,careers page,2026-09-22
ODTX,,,,,2026-09-22
ODYS,,,,,2026-09-22
OEC,,,,,2026-09-22
OESX,,,,,2026-09-22
OFG,,,,,2026-09-22
OFIX,workday,orthofix/External_Careers,orthofix.wd1.myworkdayjobs.com,careers page,2026-09-22
OFLX,,,,,2026-09-22
OFRM,lever,onceuponafarm,,careers link,2026-09-22
OGE,,,,,2026-09-22
OGG,,,,,2026-09-22
OGI,,,,,2026-09-22
OGN,,,,,2026-09-22
OHI,,,,,2026-09-22
OI,smartrecruiters,O-I,,careers page,2026-09-22
OII,,,,,2026-09-22
OIS,,,,,2026-09-22
OKE,workday,oneok/ONEOK,oneok.wd1.myworkdayjobs.com,careers page,2026-09-22
OKLO,greenhouse,oklo,,careers page,2026-09-22
OKTA,greenhouse,okta,,name,2026-09-22
OKUR,,,,,2026-09-22
OLB,,,,,2026-09-22
OLED,,,,,2026-09-22
OLLI,,,,,2026-09-22
OLN,,,,,2026-09-22
OLOX,,,,,2026-09-22
OM,greenhouse,outsetmedical,,careers page,2026-09-22
OMC,,,,,2026-09-22
OMCC,,,,,2026-09-22
OMCL,,,,,2026-09-22
OMDA,greenhouse,omadahealth,,careers page,2026-09-22
OMER,,,,,2026-09-22
OMEX,,,,,2026-09-22
OMF,workday,myhrhome/OneMainCareers,myhrhome.wd1.myworkdayjobs.com,careers page,2026-09-22
OMQS,,,,,2026-09-22
ON,,,,,2026-09-22
ONB,,,,,2026-09-22
ONCO,,,,,2026-09-22
ONDS,,,,,2026-09-22
ONEW,,,,,2026-09-22
ONFO,,,,,2026-09-22
ONIT,,,,,2026-09-22
ONL,,,,,2026-09-22
ONT,,,,,2026-09-22
ONTO,,,,,2026-09-22
OOMA,greenhouse,ooma,,careers page,2026-09-22
OPAD,,,,,2026-09-22
OPAL,,,,,2026-09-22
OPBK,,,,,2026-09-22
OPCH,workday,optioncare/OptionCare,optioncare.wd1.myworkdayjobs.com,careers page,2026-09-22
OPEN,,,,,2026-09-22
OPFI,,,,,2026-09-22
OPHC,,,,,2026-09-22
OPI,,,,,2026-09-22
OPK,,,,,2026-09-22
OPLN,,,,,2026-09-22
OPRT,greenhouse,oportun,,name,2026-09-22
OPRX,,,,,2026-09-22
OPTT,,,,,2026-09-22
OPTU,,,,,2026-09-22
OPTX,,,,,2026-09-22
OPXS,,,,,2026-09-22
OPY,,,,,2026-09-22
ORA,,,,,2026-09-22
ORBS,,,,,2026-09-22
ORCL,,,,,2026-09-22
ORGO,,,,,2026-09-22
ORI,,,,,2026-09-22
ORIO,,,,,2026-09-22
ORKA,greenhouse,oruka,,careers page,2026-09-22
ORLY,,,,,2026-09-22
ORMP,,,,,2026-09-22
ORN,,,,,2026-09-22
ORRF,,,,,2026-09-22
OSBC,,,,,2026-09-22
OSCR,greenhouse,oscar,,name,2026-09-22
OSG,,,,,2026-09-22
OSIS,,,,,2026-09-22
OSK,,,,,2026-09-22
OSPN,greenhouse,onespan,,name,2026-09-22
OSRH,,,,,2026-09-22
OSS,,,,,2026-09-22
OSUR,lever,dnagenotek,,careers page,2026-09-22
OTEX,,,,,2026-09-22
OTIS,workday,otis/REC_Ext_Gateway,otis.wd504.myworkdayjobs.com,careers page,2026-09-22
OTLK,,,,,2026-09-22
OTTR,,,,,2026-09-22
OUST,,,,,2026-09-22
OUT,workday,outfrontmedia/outfrontmedia,outfrontmedia.wd1.myworkdayjobs.com,careers page,2026-09-22
OVBC,,,,,2026-09-22
OVID,,,,,2026-09-22
OVLY,,,,,2026-09-22
OVV,workday,ovintiv/ovintivcareers,ovintiv.wd3.myworkdayjobs.com,careers page,2026-09-22
OWL,,,,,2026-09-22
OWLT,,,,,2026-09-22
OXM,workday,oxford/Oxford,oxford.wd5.myworkdayjobs.com,careers page,2026-09-22
OXY,workday,oxy/Corporate,oxy.wd5.myworkdayjobs.com,careers page,2026-09-22
OZ,,,,,2026-09-22
P,greenhouse,purestorage,,careers page,2026-09-22
PAA,workday,plains/plains,plains.wd1.myworkdayjobs.com,careers page,2026-09-22
PAAI,,,,,2026-09-22
PAAS,,,,,2026-09-22
PACB,workday,pacbio/PacBio-,pacbio.wd12.myworkdayjobs.com,careers page,2026-09-22
PACK,,,,,2026-09-22
PACS,workday,pacs/pacs,pacs.wd108.myworkdayjobs.com,careers page,2026-09-22
PAG,,,,,2026-09-22
PAGP,workday,plains/plains,plains.wd1.myworkdayjobs.com,careers page,2026-09-22
PAHC,,,,,2026-09-22
PAL,,,,,2026-09-22
PALI,,,,,2026-09-22
PAMT,,,,,2026-09-22
PANL,,,,,2026-09-22
PANW,workday,paloaltonetworks/panwexternalcareers,paloaltonetworks.wd5.myworkdayjobs.com,careers page,2026-09-22
PAPL,,,,,2026-09-22
PAR,,,,,2026-09-22
PARA,,,,,2026-09-22
PARK,,,,,2026-09-22
PARR,,,,,2026-09-22
PATH,ashby,uipath,,careers page,2026-09-22
PATK,,,,,2026-09-22
PAVM,,,,,2026-09-22
PAVS,,,,,2026-09-22
PAY,greenhouse,verifone,,careers page,2026-09-22
PAYC,,,,,2026-09-22
PAYD,,,,,2026-09-22
PAYO,greenhouse,payoneer,,name,2026-09-22
PAYS,,,,,2026-09-22
PAYX,,,,,2026-09-22
PB,,,,,2026-09-22
PBA,,,,,2026-09-22
PBAM,,,,,2026-09-22
PBF,workday,pbfenergy/PBF,pbfenergy.wd1.myworkdayjobs.com,careers page,2026-09-22
PBFS,,,,,2026-09-22
PBH,,,,,2026-09-22
PBHC,,,,,2026-09-22
PBI,workday,pitneybowes/PBCareers,pitneybowes.wd1.myworkdayjobs.com,careers page,2026-09-22
PBLS,,,,,2026-09-22
PBSV,,,,,2026-09-22
PBYI,,,,,2026-09-22
PCAR,,,,,2026-09-22
PCB,,,,,2026-09-22
PCG,,,,,2026-09-22
PCOR,,,,,2026-09-22
PCRX,,,,,2026-09-22
PCSV,,,,,2026-09-22
PCT,,,,,2026-09-22
PCTY,,,,,2026-09-22
PCYO,,,,,2026-09-22
PD,greenhouse,pagerduty,,name,2026-09-22
PDEX,,,,,2026-09-22
PDFS,,,,,2026-09-22
PDLB,,,,,2026-09-22
PDM,,,,,2026-09-22
PDS,,,,,2026-09-22
PDYN,,,,,2026-09-22
PEB,,,,,2026-09-22
PEBK,,,,,2026-09-22
PEBO,,,,,2026-09-22
PECO,workday,phillipsedison/PECO,phillipsedison.wd503.myworkdayjobs.com,careers page,2026-09-22
PED,,,,,2026-09-22
PEG,,,,,2026-09-22
PEGA,,,,,2026-09-22
PEN,lever,penumbrainc,,careers page,2026-09-22
PENG,,,,,2026-09-22
PENN,,,,,2026-09-22
PEP,,,,,2026-09-22
PESI,,,,,2026-09-22
PETS,,,,,2026-09-22
PEVM,,,,,2026-09-22
PEW,,,,,2026-09-22
PFAI,,,,,2026-09-22
PFE,workday,pfizer/PfizerCareers,pfizer.wd1.myworkdayjobs.com,careers page,2026-09-22
PFG,,,,,2026-09-22
PFGC,,,,,2026-09-22
PFHO,,,,,2026-09-22
PFIS,,,,,2026-09-22
PFS,,,,,2026-09-22
PFSA,,,,,2026-09-22
PFSB,,,,,2026-09-22
PFSI,,,,,2026-09-22
PG,,,,,2026-09-22
PGC,,,,,2026-09-22
PGEN,,,,,2026-09-22
PGNY,workday,progyny/progyny,progyny.wd5.myworkdayjobs.com,careers page,2026-09-22
PGR,,,,,2026-09-22
PGY,greenhouse,pagaya,,careers page,2026-09-22
PH,,,,,2026-09-22
PHAT,,,,,2026-09-22
PHIN,workday,phinia/PHINIA_Careers,phinia.wd5.myworkdayjobs.com,careers page,2026-09-22
PHM,workday,pultegroup/PGI,pultegroup.wd1.myworkdayjobs.com,careers link,2026-09-22
PHR,workday,phreesia/Phreesia,phreesia.wd1.myworkdayjobs.com,careers page,2026-09-22
PHUN,,,,,2026-09-22
PHXE-P,,,,,2026-09-22
PI,greenhouse,impinjexternal,,careers page,2026-09-22
PII,greenhouse,polaris,,name,2026-09-22
PIII,,,,,2026-09-22
PINE,,,,,2026-09-22
PINS,greenhouse,pinterest,,name,2026-09-22
PIPR,workday,pipersandler/Piper_Sandler_Careers,pipersandler.wd501.myworkdayjobs.com,careers link,2026-09-22
PJT,workday,pjtpartners/Careers,pjtpartners.wd1.myworkdayjobs.com,careers page,2026-09-22
PK,workday,parkhotelsandresorts/Careers,parkhotelsandresorts.wd503.myworkdayjobs.com,careers page,2026-09-22
PKBK,,,,,2026-09-22
PKE,,,,,2026-09-22
PKG,,,,,2026-09-22
PKOH,,,,,2026-09-22
PL,,,,,2026-09-22
PLAB,,,,,2026-09-22
PLAG,,,,,2026-09-22
PLAY,workday,daveandbusters/Dave_and_Busters_Careers,daveandbusters.wd1.myworkdayjobs.com,careers page,2026-09-22
PLBC,,,,,2026-09-22
PLBY,,,,,2026-09-22
PLCE,workday,childrensplace/TCP01,childrensplace.wd1.myworkdayjobs.com,careers page,2026-09-22
PLD,,,,,2026-09-22
PLMR,,,,,2026-09-22
PLNH,,,,,2026-09-22
PLNT,,,,,2026-09-22
PLOW,,,,,2026-09-22
PLPC,,,,,2026-09-22
PLRX,greenhouse,plianttherapeuticsinc,,careers page,2026-09-22
PLSE,greenhouse,pulsebiosciences,,careers link,2026-09-22
PLTR,lever,palantir,,careers page,2026-09-22
PLUG,workday,plugpower/Plug_Power_Inc,plugpower.wd5.myworkdayjobs.com,careers page,2026-09-22
PLUS,greenhouse,eplusinc,,careers page,2026-09-22
PLX,,,,,2026-09-22
PLXS,lever,plexus,,name,2026-09-22
PM,,,,,2026-09-22
PMCB,,,,,2026-09-22
PMI,,,,,2026-09-22
PMNT,,,,,2026-09-22
PMT,,,,,2026-09-22
PMTS,,,,,2026-09-22
PNBK,,,,,2026-09-22
PNC,,,,,2026-09-22
PNFP,,,,,2026-09-22
PNRG,,,,,2026-09-22
PNTG,,,,,2026-09-22
PNW,,,,,2026-09-22
POCI,,,,,2026-09-22
PODC,,,,,2026-09-22
PODD,workday,insulet/insuletcareers,insulet.wd5.myworkdayjobs.com,careers link,2026-09-22
POET,,,,,2026-09-22
POLA,,,,,2026-09-22
POOL,,,,,2026-09-22
POR,workday,portlandgeneral/pgn,portlandgeneral.wd5.myworkdayjobs.com,careers page,2026-09-22
POST,,,,,2026-09-22
POWI,,,,,2026-09-22
POWL,,,,,2026-09-22
POWW,,,,,2026-09-22
PPC,,,,,2026-09-22
PPG,,,,,2026-09-22
PPHC,,,,,2026-09-22
PPIH,,,,,2026-09-22
PPL,,,,,2026-09-22
PPLI,,,,,2026-09-22
PPSI,,,,,2026-09-22
PR,workday,permianres/Permian_Resources_Careers,permianres.wd12.myworkdayjobs.com,careers link,2026-09-22
PRAA,workday,pra/PRA_Careers,pra.wd1.myworkdayjobs.com,careers page,2026-09-22
PRAX,greenhouse,praxisprecisionmedicines,,careers page,2026-09-22
PRCH,workday,porch/careers,porch.wd1.myworkdayjobs.com,careers page,2026-09-22
PRCT,workday,proceptbiorobotics/PROCEPT,proceptbiorobotics.wd108.myworkdayjobs.com,careers page,2026-09-22
PRDO,,,,,2026-09-22
PREM,,,,,2026-09-22
PRG,,,,,2026-09-22
PRGS,,,,,2026-09-22
PRHI,,,,,2026-09-22
PRI,workday,primerica/PRI,primerica.wd1.myworkdayjobs.com,careers page,2026-09-22
PRIM,workday,prim/Primoris,prim.wd108.myworkdayjobs.com,careers page,2026-09-22
PRK,,,,,2026-09-22
PRKA,,,,,2026-09-22
PRKS,workday,seaworldentertainment/SEA,seaworldentertainment.wd1.myworkdayjobs.com,careers page,2026-09-22
PRLB,lever,protolabs,,careers page,2026-09-22
PRLD,,,,,2026-09-22
PRM,,,,,2026-09-22
PRMB,,,,,2026-09-22
PRME,greenhouse,primemedicine,,name,2026-09-22
PROF,,,,,2026-09-22
PROK,greenhouse,prokidney,,name,2026-09-22
PROP,smartrecruiters,InformaGroupPlc,,careers page,2026-09-22
PROV,,,,,2026-09-22
PRPL,workday,purple/purplecareers,purple.wd1.myworkdayjobs.com,careers page,2026-09-22
PRPO,,,,,2026-09-22
PRSI,,,,,2026-09-22
PRSO,,,,,2026-09-22
PRSU,greenhouse,pursuit,,name,2026-09-22
PRTH,,,,,2026-09-22
PRTS,,,,,2026-09-22
PRU,workday,pru/Careers,pru.wd5.myworkdayjobs.com,careers page,2026-09-22
PRVA,,,,,2026-09-22
PRXA,,,,,2026-09-22
PS,workday,pluralsight/Careers,pluralsight.wd1.myworkdayjobs.com,careers page,2026-09-22
PSA,,,,,2026-09-22
PSIX,,,,,2026-09-22
PSKY,,,,,2026-09-22
PSMT,,,,,2026-09-22
PSN,,,,,2026-09-22
PSNL,greenhouse,personalisinc,,careers page,2026-09-22
PSQH,,,,,2026-09-22
PSTL,,,,,2026-09-22
PSX,,,,,2026-09-22
PTC,,,,,2026-09-22
PTCT,workday,ptcbio/PTC_Careers,ptcbio.wd5.myworkdayjobs.com,careers page,2026-09-22
PTEN,,,,,2026-09-22
PTGX,,,,,2026-09-22
PTHS,,,,,2026-09-22
PTLO,,,,,2026-09-22
PTN,,,,,2026-09-22
PTON,,,,,2026-09-22
PTPI,,,,,2026-09-22
PTRN,lever,pattern,,careers page,2026-09-22
PUBM,greenhouse,pubmatic,,name,2026-09-22
PULM,,,,,2026-09-22
PUMP,workday,propetroservices/PROPWR_Careers,propetroservices.wd5.myworkdayjobs.com,careers link,2026-09-22
PURR,,,,,2026-09-22
PUSA,,,,,2026-09-22
PVH,,,,,2026-09-22
PVLA,,,,,2026-09-22
PW,,,,,2026-09-22
PWCM,,,,,2026-09-22
PWP,,,,,2026-09-22
PWR,,,,,2026-09-22
PXED,,,,,2026-09-22
PXLW,,,,,2026-09-22
PYPL,,,,,2026-09-22
PYXS,greenhouse,pyxisoncology,,careers page,2026-09-22
PYYX,,,,,2026-09-22
PZZA,,,,,2026-09-22
Q,,,,,2026-09-22
QBTS,,,,,2026-09-22
QCOM,,,,,2026-09-22
QCRH,,,,,2026-09-22
QDEL,workday,orthoclinical/Search,orthoclinical.wd1.myworkdayjobs.com,careers page,2026-09-22
QETA,,,,,2026-09-22
QIND,,,,,2026-09-22
QLYS,workday,qualys/Careers,qualys.wd5.myworkdayjobs.com,careers page,2026-09-22
QMCI,,,,,2026-09-22
QMCO,ashby,quantum,,name,2026-09-22
QMLS,,,,,2026-09-22
QNBC,,,,,2026-09-22
QNME,,,,,2026-09-22
QNST,greenhouse,quinstreet,,careers page,2026-09-22
QNT,,,,,2026-09-22
QNTO,,,,,2026-09-22
QRHC,,,,,2026-09-22
QRVO,,,,,2026-09-22
QSI,,,,,2026-09-22
QSP,,,,,2026-09-22
QSR,,,,,2026-09-22
QTI,,,,,2026-09-22
QTRX,,,,,2026-09-22
QTTB,greenhouse,q32bio,,careers page,2026-09-22
QTWO,,,,,2026-09-22
QUAD,,,,,2026-09-22
QUBT,,,,,2026-09-22
QUIK,,,,,2026-09-22
QVCG,,,,,2026-09-22
QXO,,,,,2026-09-22
R,workday,ryder/RyderCareers,ryder.wd5.myworkdayjobs.com,careers page,2026-09-22
RADX,,,,,2026-09-22
RAIL,,,,,2026-09-22
RAIN,,,,,2026-09-22
RAL,,,,,2026-09-22
RAMP,workday,liveramp/LiveRampCareers,liveramp.wd5.myworkdayjobs.com,careers page,2026-09-22
RANI,,,,,2026-09-22
RAPP,greenhouse,rapporttherapeutics,,careers page,2026-09-22
RARE,greenhouse,ultragenyxpharmaceutical,,name,2026-09-22
RAVE,,,,,2026-09-22
RBA,,,,,2026-09-22
RBB,,,,,2026-09-22
RBBN,workday,vhr-genband/ribboncareers,vhr-genband.wd1.myworkdayjobs.com,careers page,2026-09-22
RBC,,,,,2026-09-22
RBCAA,,,,,2026-09-22
RBKB,,,,,2026-09-22
RBLX,greenhouse,roblox,,name,2026-09-22
RBRK,,,,,2026-09-22
RC,workday,readycapital/ReadyCapital,readycapital.wd501.myworkdayjobs.com,careers page,2026-09-22
RCAT,,,,,2026-09-22
RCEL,,,,,2026-09-22
RCI,,,,,2026-09-22
RCKT,,,,,2026-09-22
RCKY,,,,,2026-09-22
RCL,,,,,2026-09-22
RCMT,,,,,2026-09-22
RCUS,,,,,2026-09-22
RDDT,greenhouse,reddit,,careers page,2026-09-22
RDIB,,,,,2026-09-22
RDN,,,,,2026-09-22
RDNT,,,,,2026-09-22
RDNW,,,,,2026-09-22
RDVT,,,,,2026-09-22
RDW,,,,,2026-09-22
RDZN,,,,,2026-09-22
REAL,,,,,2026-09-22
REBN,,,,,2026-09-22
REED,,,,,2026-09-22
REF,greenhouse,reformation,,name,2026-09-22
REFR,,,,,2026-09-22
REG,,,,,2026-09-22
REGN,,,,,2026-09-22
REI,,,,,2026-09-22
REKR,,,,,2026-09-22
RELL,,,,,2026-09-22
RELY,,,,,2026-09-22
RENT,greenhouse,renttherunway,,careers page,2026-09-22
RENX,,,,,2026-09-22
REPX,,,,,2026-09-22
RES,,,,,2026-09-22
REX,,,,,2026-09-22
REXR,greenhouse,rexfordindustrial,,careers page,2026-09-22
REYN,,,,,2026-09-22
REZI,,,,,2026-09-22
RF,,,,,2026-09-22
RFIL,,,,,2026-09-22
RFL,,,,,2026-09-22
RGA,,,,,2026-09-22
RGCO,,,,,2026-09-22
RGEN,workday,repligen/Repligen_Careers,repligen.wd108.myworkdayjobs.com,careers page,2026-09-22
RGLD,,,,,2026-09-22
RGNX,lever,regenxbio,,careers page,2026-09-22
RGP,,,,,2026-09-22
RGR,,,,,2026-09-22
RGS,,,,,2026-09-22
RGTI,lever,rigetti,,careers page,2026-09-22
RH,,,,,2026-09-22
RHEP,,,,,2026-09-22
RHI,,,,,2026-09-22
RHLD,,,,,2026-09-22
RHP,,,,,2026-09-22
RICK,,,,,2026-09-22
RIGL,,,,,2026-09-22
RILY,,,,,2026-09-22
RIME,,,,,2026-09-22
RIOT,,,,,2026-09-22
RITM,,,,,2026-09-22
RIVN,,,,,2026-09-22
RJET,,,,,2026-09-22
RJF,,,,,2026-09-22
RKDA,,,,,2026-09-22
RKLB,greenhouse,rocketlab,,name,2026-09-22
RKT,,,,,2026-09-22
RKTO,,,,,2026-09-22
RL,,,,,2026-09-22
RLAY,greenhouse,relaytherapeutics,,name,2026-09-22
RLBY,,,,,2026-09-22
RLGT,,,,,2026-09-22
RLI,,,,,2026-09-22
RLJ,,,,,2026-09-22
RLYB,,,,,2026-09-22
RM,,,,,2026-09-22
RMBI,,,,,2026-09-22
RMBS,,,,,2026-09-22
RMCF,,,,,2026-09-22
RMCO,,,,,2026-09-22
RMD,,,,,2026-09-22
RMIX,,,,,2026-09-22
RMNI,workday,riministreet/RiminiStreet,riministreet.wd1.myworkdayjobs.com,careers page,2026-09-22
RMR,,,,,2026-09-22
RMSG,,,,,2026-09-22
RMTG,,,,,2026-09-22
RMTI,,,,,2026-09-22
RNA,,,,,2026-09-22
RNAC,,,,,2026-09-22
RNG,workday,ringcentral/RingCentral_Careers,ringcentral.wd1.myworkdayjobs.com,careers page,2026-09-22
RNGR,,,,,2026-09-22
RNST,,,,,2026-09-22
RNTX,,,,,2026-09-22
RNXT,,,,,2026-09-22
ROAD,,,,,2026-09-22
ROC,,,,,2026-09-22
ROCK,,,,,2026-09-22
ROG,,,,,2026-09-22
ROK,workday,rockwellautomation/External_Rockwell_Automation,rockwellautomation.wd1.myworkdayjobs.com,careers page,2026-09-22
ROKU,greenhouse,roku,,name,2026-09-22
ROL,,,,,2026-09-22
ROLR,,,,,2026-09-22
ROOT,,,,,2026-09-22
ROP,,,,,2026-09-22
ROST,,,,,2026-09-22
RPAY,workday,repay/REPAYCareers,repay.wd115.myworkdayjobs.com,careers page,2026-09-22
RPC,,,,,2026-09-22
RPD,,,,,2026-09-22
RPID,lever,rapidmicrobio,,careers link,2026-09-22
RPM,,,,,2026-09-22
RPRX,,,,,2026-09-22
RPT,,,,,2026-09-22
RR,,,,,2026-09-22
RRBI,,,,,2026-09-22
RRC,,,,,2026-09-22
RRGB,,,,,2026-09-22
RRR,,,,,2026-09-22
RRX,,,,,2026-09-22
RS,,,,,2026-09-22
RSG,,,,,2026-09-22
RSI,greenhouse,rushstreetinteractive,,careers page,2026-09-22
RSKD,greenhouse,riskified,,name,2026-09-22
RSKIA,,,,,2026-09-22
RSRV,,,,,2026-09-22
RSSS,,,,,2026-09-22
RSVR,ashby,reservoir,,careers page,2026-09-22
RTB,,,,,2026-09-22
RTX,,,,,2026-09-22
RUM,,,,,2026-09-22
RUN,workday,sunrun/Sunrun_Careers,sunrun.wd5.myworkdayjobs.com,careers page,2026-09-22
RUSHA,,,,,2026-09-22
RVLV,,,,,2026-09-22
RVMD,greenhouse,revolutionmedicines,,name,2026-09-22
RVP,,,,,2026-09-22
RVRF,,,,,2026-09-22
RVSB,,,,,2026-09-22
RVTY,,,,,2026-09-22
RWDMU,,,,,2026-09-22
RWT,,,,,2026-09-22
RXO,workday,rxo/rxojobs,rxo.wd501.myworkdayjobs.com,careers page,2026-09-22
RXRX,greenhouse,recursionpharmaceuticals,,careers page,2026-09-22
RXST,,,,,2026-09-22
RXT,workday,rackspace/External,rackspace.wd1.myworkdayjobs.com,careers page,2026-09-22
RY,workday,rbc/RBCGLOBAL1,rbc.wd3.myworkdayjobs.com,careers page,2026-09-22
RYAM,workday,myrayonieram/careers,myrayonieram.wd5.myworkdayjobs.com,careers page,2026-09-22
RYAN,workday,ryansg/Ryan_Specialty_Career_Site,ryansg.wd5.myworkdayjobs.com,careers page,2026-09-22
RYM,,,,,2026-09-22
RYN,workday,rayonier/Rayonier_Careers,rayonier.wd501.myworkdayjobs.com,careers page,2026-09-22
RYTM,,,,,2026-09-22
RYZ,,,,,2026-09-22
S,,,,,2026-09-22
SABR,workday,sabre/SabreJobs,sabre.wd1.myworkdayjobs.com,careers page,2026-09-22
SABS,,,,,2026-09-22
SACH,,,,,2026-09-22
SAFE,,,,,2026-09-22
SAFT,,,,,2026-09-22
SAFX,,,,,2026-09-22
SAH,,,,,2026-09-22
SAIA,,,,,2026-09-22
SAIC,,,,,2026-09-22
SAIH,,,,,2026-09-22
SAIL,workday,sailpoint/SailPoint,sailpoint.wd1.myworkdayjobs.com,careers page,2026-09-22
SAM,,,,,2026-09-22
SAMG,,,,,2026-09-22
SANG,,,,,2026-09-22
SANM,,,,,2026-09-22
SARO,,,,,2026-09-22
SATL,,,,,2026-09-22
SBAC,,,,,2026-09-22
SBC,,,,,2026-09-22
SBCF,,,,,2026-09-22
SBDS,,,,,2026-09-22
SBET,,,,,2026-09-22
SBFM,,,,,2026-09-22
SBGI,,,,,2026-09-22
SBH,,,,,2026-09-22
SBIG,,,,,2026-09-22
SBMW,,,,,2026-09-22
SBRA,,,,,2026-09-22
SBSI,,,,,2026-09-22
SBUX,,,,,2026-09-22
SCCO,,,,,2026-09-22
SCE-PG,,,,,2026-09-22
SCHL,workday,scholastic/External,scholastic.wd5.myworkdayjobs.com,careers page,2026-09-22
SCHW,,,,,2026-09-22
SCI,,,,,2026-09-22
SCIA,,,,,2026-09-22
SCKT,,,,,2026-09-22
SCL,,,,,2026-09-22
SCLX,,,,,2026-09-22
SCND,,,,,2026-09-22
SCNX,,,,,2026-09-22
SCOR,workday,comscore/External,comscore.wd5.myworkdayjobs.com,careers page,2026-09-22
SCSC,,,,,2026-09-22
SCTH,,,,,2026-09-22
SCTX,,,,,2026-09-22
SCWO,,,,,2026-09-22
SCYX,,,,,2026-09-22
SD,,,,,2026-09-22
SDCH,,,,,2026-09-22
SDEV,,,,,2026-09-22
SDGR,,,,,2026-09-22
SDHC,greenhouse,smithdouglashomes,,name,2026-09-22
SDOT,,,,,2026-09-22
SDSYA,,,,,2026-09-22
SEAT,greenhouse,vividseatsllc,,careers page,2026-09-22
SEB,,,,,2026-09-22
SEER,greenhouse,seer,,name,2026-09-22
SEG,,,,,2026-09-22
SEGG,,,,,2026-09-22
SEI,,,,,2026-09-22
SEIC,workday,seic/SEI_Global_Services,seic.wd1.myworkdayjobs.com,careers page,2026-09-22
SELF,,,,,2026-09-22
SENEA,,,,,2026-09-22
SENS,,,,,2026-09-22
SEPN,greenhouse,septerna,,careers page,2026-09-22
SER,,,,,2026-09-22
SERA,,,,,2026-09-22
SERV,ashby,serverobotics,,careers page,2026-09-22
SES,greenhouse,sesai,,careers page,2026-09-22
SEVN,,,,,2026-09-22
SEZL,greenhouse,sezzle,,careers page,2026-09-22
SF,,,,,2026-09-22
SFBC,,,,,2026-09-22
SFBS,,,,,2026-09-22
SFD,workday,smithfieldfoods/Careers,smithfieldfoods.wd1.myworkdayjobs.com,careers page,2026-09-22
SFDL,,,,,2026-09-22
SFIX,greenhouse,stitchfix,,name,2026-09-22
SFM,,,,,2026-09-22
SFNC,workday,simmonsbank/SimmonsCareers,simmonsbank.wd5.myworkdayjobs.com,careers page,2026-09-22
SFST,,,,,2026-09-22
SG,greenhouse,sweetgreen,,name,2026-09-22
SGA,,,,,2026-09-22
SGC,,,,,2026-09-22
SGHT,,,,,2026-09-22
SGI,workday,tempurpedic/Tempur-Sealy-Careers,tempurpedic.wd108.myworkdayjobs.com,careers page,2026-09-22
SGLY,,,,,2026-09-22
SGMOQ,,,,,2026-09-22
SGRP,,,,,2026-09-22
SGRY,greenhouse,surgerypartners,,careers page,2026-09-22
SGST,,,,,2026-09-22
SGU,,,,,2026-09-22
SHAK,,,,,2026-09-22
SHAZ,,,,,2026-09-22
SHBI,,,,,2026-09-22
SHC,workday,soterahealth/External,soterahealth.wd501.myworkdayjobs.com,careers page,2026-09-22
SHEN,,,,,2026-09-22
SHFS,,,,,2026-09-22
SHIM,,,,,2026-09-22
SHLS,,,,,2026-09-22
SHO,,,,,2026-09-22
SHOE,,,,,2026-09-22
SHOO,,,,,2026-09-22
SHOP,,,,,2026-09-22
SHW,,,,,2026-09-22
SI,,,,,2026-09-22
SIBN,,,,,2026-09-22
SIDU,,,,,2026-09-22
SIEB,,,,,2026-09-22
SIF,,,,,2026-09-22
SIGA,,,,,2026-09-22
SIGI,,,,,2026-09-22
SII,,,,,2026-09-22
SILO,,,,,2026-09-22
SIM,,,,,2026-09-22
SINT,,,,,2026-09-22
SIRI,,,,,2026-09-22
SITC,,,,,2026-09-22
SITE,,,,,2026-09-22
SITM,,,,,2026-09-22
SJM,workday,smucker/US_External_Careers,smucker.wd5.myworkdayjobs.com,careers page,2026-09-22
SKIL,greenhouse,skillsoft,,name,2026-09-22
SKIN,,,,,2026-09-22
SKT,workday,tanger/Tanger_External_CareerSite,tanger.wd108.myworkdayjobs.com,careers page,2026-09-22
SKWD,workday,skywardinsurance/SKY,skywardinsurance.wd12.myworkdayjobs.com,careers page,2026-09-22
SKY,,,,,2026-09-22
SKYA,,,,,2026-09-22
SKYH,,,,,2026-09-22
SKYW,,,,,2026-09-22
SKYX,,,,,2026-09-22
SLAB,workday,silabs/SiliconlabsCareers,silabs.wd1.myworkdayjobs.com,careers page,2026-09-22
SLAIY,,,,,2026-09-22
SLB,,,,,2026-09-22
SLBK,,,,,2026-09-22
SLDE,greenhouse,slideinsurance,,name,2026-09-22
SLDP,greenhouse,solidpower,,name,2026-09-22
SLE,,,,,2026-09-22
SLF,,,,,2026-09-22
SLG,,,,,2026-09-22
SLGN,,,,,2026-09-22
SLM,workday,sallie-mae/Careers,sallie-mae.wd5.myworkdayjobs.com,careers page,2026-09-22
SLND,,,,,2026-09-22
SLNG,,,,,2026-09-22
SLNH,greenhouse,soluna,,careers page,2026-09-22
SLP,,,,,2026-09-22
SLQT,,,,,2026-09-22
SLSN,,,,,2026-09-22
SLVM,,,,,2026-09-22
SM,,,,,2026-09-22
SMA,,,,,2026-09-22
SMBC,,,,,2026-09-22
SMC,,,,,2026-09-22
SMCI,,,,,2026-09-22
SMG,workday,scottsmiraclegro/SMGExternal,scottsmiraclegro.wd5.myworkdayjobs.com,careers page,2026-09-22
SMHI,,,,,2026-09-22
SMID,,,,,2026-09-22
SMMT,greenhouse,summittherapeutics,,name,2026-09-22
SMP,,,,,2026-09-22
SMPL,,,,,2026-09-22
SMR,,,,,2026-09-22
SMRT,greenhouse,smartrent,,name,2026-09-22
SMSI,lever,smithmicro,,name,2026-09-22
SMTC,workday,semtech/SemtechCareers,semtech.wd1.myworkdayjobs.com,careers page,2026-09-22
SMTI,,,,,2026-09-22
SMTK,,,,,2026-09-22
SMXT,,,,,2026-09-22
SN,,,,,2026-09-22
SNA,,,,,2026-09-22
SNAL,,,,,2026-09-22
SNAP,,,,,2026-09-22
SNBRQ,,,,,2026-09-22
SND,,,,,2026-09-22
SNDA,,,,,2026-09-22
SNDK,smartrecruiters,Sandisk,,careers page,2026-09-22
SNDR,,,,,2026-09-22
SNDX,greenhouse,syndaxpharmaceuticals,,name,2026-09-22
SNES,,,,,2026-09-22
SNEX,,,,,2026-09-22
SNFCA,,,,,2026-09-22
SNGX,,,,,2026-09-22
SNNF,,,,,2026-09-22
SNOA,,,,,2026-09-22
SNOW,ashby,snowflake,,name,2026-09-22
SNPS,,,,,2026-09-22
SNTI,lever,sentibio,,careers page,2026-09-22
SNUS-PH,,,,,2026-09-22
SNWV,,,,,2026-09-22
SNX,,,,,2026-09-22
SNYR,,,,,2026-09-22
SO,,,,,2026-09-22
SOAR,,,,,2026-09-22
SOBO,workday,southbow/SouthBow,southbow.wd10.myworkdayjobs.com,careers page,2026-09-22
SOBR,,,,,2026-09-22
SOC,,,,,2026-09-22
SODI,,,,,2026-09-22
SOFI,greenhouse,sofi,,name,2026-09-22
SOLS,,,,,2026-09-22
SOLV,workday,healthcare/Search,healthcare.wd1.myworkdayjobs.com,careers page,2026-09-22
SON,workday,sonoco/CorporateCareers,sonoco.wd1.myworkdayjobs.com,careers page,2026-09-22
SONM,,,,,2026-09-22
SONO,,,,,2026-09-22
SOTK,,,,,2026-09-22
SOUN,,,,,2026-09-22
SOWG,,,,,2026-09-22
SPAI,,,,,2026-09-22
SPB,,,,,2026-09-22
SPCE,,,,,2026-09-22
SPCX,,,,,2026-09-22
SPFI,,,,,2026-09-22
SPFX,,,,,2026-09-22
SPG,,,,,2026-09-22
SPGI,,,,,2026-09-22
SPH,,,,,2026-09-22
SPHR,greenhouse,sphereentertainment,,name,2026-09-22
SPIR,,,,,2026-09-22
SPOK,,,,,2026-09-22
SPRB,,,,,2026-09-22
SPRO,,,,,2026-09-22
SPRS,,,,,2026-09-22
SPRU,,,,,2026-09-22
SPRY,,,,,2026-09-22
SPSC,workday,spscommerce/SPS,spscommerce.wd108.myworkdayjobs.com,careers page,2026-09-22
SPT,greenhouse,sproutsocial,,name,2026-09-22
SPWH,,,,,2026-09-22
SPWR,,,,,2026-09-22
SPXC,,,,,2026-09-22
SQFT,,,,,2026-09-22
SR,,,,,2026-09-22
SRBK,,,,,2026-09-22
SRCE,,,,,2026-09-22
SRE,,,,,2026-09-22
SRFM,,,,,2026-09-22
SRG,,,,,2026-09-22
SRI,workday,stoneridge/Careers,stoneridge.wd5.myworkdayjobs.com,careers link,2026-09-22
SRPT,workday,sarepta/sarepta_external,sarepta.wd5.myworkdayjobs.com,careers page,2026-09-22
SRRK,lever,scholarrock,,name,2026-09-22
SRTA,greenhouse,stratacritical_logistics,,careers page,2026-09-22
SRTS,,,,,2026-09-22
SRXH,,,,,2026-09-22
SRZN,,,,,2026-09-22
SSB,,,,,2026-09-22
SSD,,,,,2026-09-22
SSMR,,,,,2026-09-22
SSNC,,,,,2026-09-22
SSP,workday,scripps/Scripps_Careers,scripps.wd115.myworkdayjobs.com,careers page,2026-09-22
SSRM,,,,,2026-09-22
SST,lever,system1,,careers page,2026-09-22
SSTI,,,,,2026-09-22
SSTK,,,,,2026-09-22
SSYS,,,,,2026-09-22
STAA,,,,,2026-09-22
STAG,,,,,2026-09-22
STBA,,,,,2026-09-22
STC,workday,stewart/External,stewart.wd1.myworkdayjobs.com,careers page,2026-09-22
STCB,,,,,2026-09-22
STDN,,,,,2026-09-22
STEM,,,,,2026-09-22
STEP,greenhouse,stepstone,,name,2026-09-22
STEX,,,,,2026-09-22
STGW,,,,,2026-09-22
STHO,,,,,2026-09-22
STI,,,,,2026-09-22
STIM,,,,,2026-09-22
STKE,,,,,2026-09-22
STKS,,,,,2026-09-22
STLD,,,,,2026-09-22
STLE,,,,,2026-09-22
STLN,,,,,2026-09-22
STLY,,,,,2026-09-22
STOK,greenhouse,stoketherapeutics,,careers page,2026-09-22
STRA,,,,,2026-09-22
STRL,,,,,2026-09-22
STRO,,,,,2026-09-22
STRR,,,,,2026-09-22
STRS,,,,,2026-09-22
STRT,,,,,2026-09-22
STRW,,,,,2026-09-22
STRZ,workday,starz/Starz,starz.wd5.myworkdayjobs.com,careers page,2026-09-22
STSR,,,,,2026-09-22
STT,workday,statestreet/Global,statestreet.wd1.myworkdayjobs.com,careers page,2026-09-22
STTK,,,,,2026-09-22
STUB,greenhouse,stubhubinc,,careers link,2026-09-22
STWD,,,,,2026-09-22
STXS,,,,,2026-09-22
STZ,,,,,2026-09-22
SU,,,,,2026-09-22
SUI,,,,,2026-09-22
SUIG,,,,,2026-09-22
SUJA,,,,,2026-09-22
SUN,,,,,2026-09-22
SUNB,workday,sunbeltrentals/sbcareers,sunbeltrentals.wd1.myworkdayjobs.com,careers page,2026-09-22
SUNC,,,,,2026-09-22
SUNE,,,,,2026-09-22
SUNS,,,,,2026-09-22
SUPN,,,,,2026-09-22
SURG,,,,,2026-09-22
SVC,,,,,2026-09-22
SVCO,smartrecruiters,Silvaco1,,careers link,2026-09-22
SVM,,,,,2026-09-22
SVV,,,,,2026-09-22
SWAG,,,,,2026-09-22
SWBI,,,,,2026-09-22
SWDR,,,,,2026-09-22
SWIM,,,,,2026-09-22
SWK,workday,sbdinc/Stanley_Black_Decker_Career_Site,sbdinc.wd1.myworkdayjobs.com,careers page,2026-09-22
SWKH,,,,,2026-09-22
SWKS,,,,,2026-09-22
SWMR,,,,,2026-09-22
SWRD,,,,,2026-09-22
SWX,,,,,2026-09-22
SXC,,,,,2026-09-22
SXI,,,,,2026-09-22
SXT,,,,,2026-09-22
SXTP,,,,,2026-09-22
SYBT,,,,,2026-09-22
SYK,,,,,2026-09-22
SYM,,,,,2026-09-22
SYNA,,,,,2026-09-22
SYPR,,,,,2026-09-22
SYRA,,,,,2026-09-22
SYRE,greenhouse,spyretherapeutics,,name,2026-09-22
SYY,,,,,2026-09-22
T,,,,,2026-09-22
TAC,,,,,2026-09-22
TACT,,,,,2026-09-22
TALO,,,,,2026-09-22
TAOX,,,,,2026-09-22
TAP-A,,,,,2026-09-22
TARS,greenhouse,tarsusrx,,careers page,2026-09-22
TASK,,,,,2026-09-22
TAYD,,,,,2026-09-22
TBBK,,,,,2026-09-22
TBCH,,,,,2026-09-22
TBI,,,,,2026-09-22
TBLA,greenhouse,taboola,,name,2026-09-22
TBN,,,,,2026-09-22
TBTC,,,,,2026-09-22
TCBI,workday,texascapitalbank/Careers,texascapitalbank.wd12.myworkdayjobs.com,careers page,2026-09-22
TCBK,,,,,2026-09-22
TCBS,,,,,2026-09-22
TCI,,,,,2026-09-22
TCMD,greenhouse,tactilemedical,,careers page,2026-09-22
TCRT,,,,,2026-09-22
TCRX,,,,,2026-09-22
TCX,greenhouse,tucows,,name,2026-09-22
TD,workday,td/TD_Bank_Careers,td.wd3.myworkdayjobs.com,careers page,2026-09-22
TDAY,,,,,2026-09-22
TDC,,,,,2026-09-22
TDG,,,,,2026-09-22
TDOC,workday,teladoc/teladochealth_is_hiring,teladoc.wd503.myworkdayjobs.com,careers link,2026-09-22
TDS,,,,,2026-09-22
TDUP,,,,,2026-09-22
TDW,,,,,2026-09-22
TDY,,,,,2026-09-22
TE,,,,,2026-09-22
TEAD,greenhouse,teads1,,careers page,2026-09-22
TEAM,,,,,2026-09-22
TECH,,,,,2026-09-22
TECK,,,,,2026-09-22
TELA,,,,,2026-09-22
TEM,,,,,2026-09-22
TENB,greenhouse,tenableinc,,careers page,2026-09-22
TENX,,,,,2026-09-22
TER,,,,,2026-09-22
TEX,workday,terex/terexcareers,terex.wd1.myworkdayjobs.com,careers page,2026-09-22
TFC,,,,,2026-09-22
TFII,,,,,2026-09-22
TFIN,workday,tbkbank/tfin,tbkbank.wd1.myworkdayjobs.com,careers page,2026-09-22
TFPM,,,,,2026-09-22
TFSL,,,,,2026-09-22
TFX,,,,,2026-09-22
TGB,,,,,2026-09-22
TGEN,,,,,2026-09-22
TGL,,,,,2026-09-22
TGLS,,,,,2026-09-22
TGT,workday,target/targetcareers,target.wd5.myworkdayjobs.com,careers page,2026-09-22
TGTX,,,,,2026-09-22
TH,,,,,2026-09-22
THC,,,,,2026-09-22
THCH,,,,,2026-09-22
THFF,,,,,2026-09-22
THG,greenhouse,hanover,,name,2026-09-22
THM,,,,,2026-09-22
THO,,,,,2026-09-22
THRM,,,,,2026-09-22
THRY,,,,,2026-09-22
TIC,,,,,2026-09-22
TII,,,,,2026-09-22
TILE,workday,interface/interface,interface.wd1.myworkdayjobs.com,careers page,2026-09-22
TIPT,,,,,2026-09-22
TISI,,,,,2026-09-22
TITN,,,,,2026-09-22
TJX,,,,,2026-09-22
TKNO,,,,,2026-09-22
TKO,workday,wwecorp/TKO,wwecorp.wd5.myworkdayjobs.com,careers link,2026-09-22
TKR,,,,,2026-09-22
TLF,,,,,2026-09-22
TLN,workday,talenenergy/TalenCareers,talenenergy.wd1.myworkdayjobs.com,careers page,2026-09-22
TLPH,,,,,2026-09-22
TLRY,,,,,2026-09-22
TLS,,,,,2026-09-22
TLSI,,,,,2026-09-22
TLX,,,,,2026-09-22
TLYS,,,,,2026-09-22
TMC,,,,,2026-09-22
TMCI,,,,,2026-09-22
TMDX,,,,,2026-09-22
TMO,,,,,2026-09-22
TMP,,,,,2026-09-22
TMS,lever,teamshares,,careers page,2026-09-22
TMUS,,,,,2026-09-22
TNC,,,,,2026-09-22
TNDM,workday,tandemdiabetes/tandemdiabetes,tandemdiabetes.wd12.myworkdayjobs.com,careers page,2026-09-22
TNET,,,,,2026-09-22
TNGX,greenhouse,tangotherapeutics,,careers page,2026-09-22
TNL,workday,wynd/External,wynd.wd5.myworkdayjobs.com,careers page,2026-09-22
TNON,,,,,2026-09-22
TNXP,greenhouse,tonixpharmaceuticals,,careers page,2026-09-22
TNYA,greenhouse,tenayatherapeutics,,careers page,2026-09-22
TOFB,,,,,2026-09-22
TOGI,,,,,2026-09-22
TOL,,,,,2026-09-22
TOMZ,,,,,2026-09-22
TONX,,,,,2026-09-22
TOON,,,,,2026-09-22
TOP,,,,,2026-09-22
TOPP,,,,,2026-09-22
TOST,greenhouse,toast,,name,2026-09-22
TOVX,,,,,2026-09-22
TPB,,,,,2026-09-22
TPC,workday,tutorperini/external,tutorperini.wd12.myworkdayjobs.com,careers link,2026-09-22
TPCS,,,,,2026-09-22
TPET,,,,,2026-09-22
TPG,greenhouse,tpgcareers,,careers page,2026-09-22
TPL,,,,,2026-09-22
TPR,,,,,2026-09-22
TPTS,,,,,2026-09-22
TR,,,,,2026-09-22
TRAK,,,,,2026-09-22
TRAW,,,,,2026-09-22
TRC,,,,,2026-09-22
TRCK,,,,,2026-09-22
TRDA,greenhouse,entradatherapeutics,,name,2026-09-22
TREE,greenhouse,lendingtree,,name,2026-09-22
TREX,,,,,2026-09-22
TRGP,,,,,2026-09-22
TRI,workday,thomsonreuters/External_Career_Site,thomsonreuters.wd5.myworkdayjobs.com,careers page,2026-09-22
TRIP,greenhouse,tripadvisor,,careers page,2026-09-22
TRLV,,,,,2026-09-22
TRMB,,,,,2026-09-22
TRMK,,,,,2026-09-22
TRN,,,,,2026-09-22
TRNO,,,,,2026-09-22
TRNR,,,,,2026-09-22
TRNS,,,,,2026-09-22
TRON,,,,,2026-09-22
TROW,workday,troweprice/TRowePrice,troweprice.wd5.myworkdayjobs.com,careers page,2026-09-22
TROX,,,,,2026-09-22
TRP,workday,tcenergy/CAREER_SITE_TC,tcenergy.wd3.myworkdayjobs.com,careers page,2026-09-22
TRS,,,,,2026-09-22
TRST,,,,,2026-09-22
TRT,,,,,2026-09-22
TRU,,,,,2026-09-22
TRUG,,,,,2026-09-22
TRUP,,,,,2026-09-22
TRV,workday,travelers/External,travelers.wd5.myworkdayjobs.com,careers page,2026-09-22
TRX,,,,,2026-09-22
TSAT,lever,telesat,,name,2026-09-22
TSBK,,,,,2026-09-22
TSCO,,,,,2026-09-22
TSEOQ,,,,,2026-09-22
TSHA,,,,,2026-09-22
TSLA,,,,,2026-09-22
TSN,,,,,2026-09-22
TSNDF,lever,terrascend,,name,2026-09-22
TSQ,greenhouse,townsquareignite,,careers page,2026-09-22
TSSI,greenhouse,tss,,name,2026-09-22
TTAN,workday,servicetitan/ServiceTitan,servicetitan.wd1.myworkdayjobs.com,careers page,2026-09-22
TTC,,,,,2026-09-22
TTD,greenhouse,thetradedesk,,name,2026-09-22
TTEC,,,,,2026-09-22
TTEK,,,,,2026-09-22
TTGT,,,,,2026-09-22
TTI,,,,,2026-09-22
TTMI,workday,ttmtech/jobs,ttmtech.wd5.myworkdayjobs.com,careers link,2026-09-22
TTSH,smartrecruiters,TheTileShop1,,careers link,2026-09-22
TTWO,,,,,2026-09-22
TU,,,,,2026-09-22
TULP,,,,,2026-09-22
TUSK,,,,,2026-09-22
TVRD,,,,,2026-09-22
TVTX,workday,travere/TravereCareers,travere.wd1.myworkdayjobs.com,careers page,2026-09-22
TW,,,,,2026-09-22
TWAV,,,,,2026-09-22
TWFG,,,,,2026-09-22
TWI,,,,,2026-09-22
TWIN,,,,,2026-09-22
TWLO,greenhouse,twilio,,name,2026-09-22
TWST,greenhouse,twistbioscience,,careers page,2026-09-22
TXG,,,,,2026-09-22
TXMD,,,,,2026-09-22
TXN,,,,,2026-09-22
TXNM,,,,,2026-09-22
TXO,,,,,2026-09-22
TXRH,,,,,2026-09-22
TXT,,,,,2026-09-22
TYFG,,,,,2026-09-22
TYGO,,,,,2026-09-22
TYL,,,,,2026-09-22
TZOO,,,,,2026-09-22
U,,,,,2026-09-22
UAA,,,,,2026-09-22
UAL,,,,,2026-09-22
UAMY,,,,,2026-09-22
UAN,,,,,2026-09-22
UAVS,,,,,2026-09-22
UBCP,,,,,2026-09-22
UBER,,,,,2026-09-22
UBSI,,,,,2026-09-22
UCB,,,,,2026-09-22
UCFI,,,,,2026-09-22
UCTT,,,,,2026-09-22
UDR,,,,,2026-09-22
UE,,,,,2026-09-22
UEC,,,,,2026-09-22
UEIC,,,,,2026-09-22
UFCS,,,,,2026-09-22
UFI,,,,,2026-09-22
UFPI,workday,ufpi/ufpi,ufpi.wd503.myworkdayjobs.com,careers page,2026-09-22
UFPT,,,,,2026-09-22
UG,,,,,2026-09-22
UGA,,,,,2026-09-22
UGI,,,,,2026-09-22
UHAL,,,,,2026-09-22
UHS,,,,,2026-09-22
UHT,,,,,2026-09-22
UI,greenhouse,ubiquiti,,careers page,2026-09-22
UIS,workday,unisys/External,unisys.wd5.myworkdayjobs.com,careers page,2026-09-22
ULBI,,,,,2026-09-22
ULCC,,,,,2026-09-22
ULH,workday,hrone/Universal_Logistics_Holdings,hrone.wd1.myworkdayjobs.com,careers page,2026-09-22
ULS,,,,,2026-09-22
ULTA,,,,,2026-09-22
UMAC,greenhouse,unusualmachines,,careers page,2026-09-22
UMBF,workday,umb/UMBExternal,umb.wd1.myworkdayjobs.com,careers link,2026-09-22
UMH,,,,,2026-09-22
UNB,,,,,2026-09-22
UNF,,,,,2026-09-22
UNFI,,,,,2026-09-22
UNG,,,,,2026-09-22
UNH,,,,,2026-09-22
UNIT,ashby,uniti,,name,2026-09-22
UNL,,,,,2026-09-22
UNM,workday,unum/External,unum.wd1.myworkdayjobs.com,careers page,2026-09-22
UNP,,,,,2026-09-22
UNTY,,,,,2026-09-22
UONE,,,,,2026-09-22
UP,,,,,2026-09-22
UPB,,,,,2026-09-22
UPBD,greenhouse,upbound,,name,2026-09-22
UPLD,,,,,2026-09-22
UPS,,,,,2026-09-22
UPST,greenhouse,upstart,,name,2026-09-22
UPWK,greenhouse,upwork,,name,2026-09-22
UPXI,,,,,2026-09-22
URBN,,,,,2026-09-22
URG,,,,,2026-09-22
URI,,,,,2026-09-22
UROY,,,,,2026-09-22
USAC,,,,,2026-09-22
USAR,,,,,2026-09-22
USAS,,,,,2026-09-22
USB,workday,usbank/US_Bank_Careers,usbank.wd1.myworkdayjobs.com,careers page,2026-09-22
USCB,,,,,2026-09-22
USDE,,,,,2026-09-22
USFD,,,,,2026-09-22
USIO,,,,,2026-09-22
USL,,,,,2026-09-22
USLM,,,,,2026-09-22
USNA,,,,,2026-09-22
USO,,,,,2026-09-22
USPH,,,,,2026-09-22
UTGN,,,,,2026-09-22
UTHR,,,,,2026-09-22
UTI,,,,,2026-09-22
UTL,,,,,2026-09-22
UTMD,,,,,2026-09-22
UTZ,,,,,2026-09-22
UUU,,,,,2026-09-22
UUUU,,,,,2026-09-22
UVE,workday,universalproperty/UNIVERSAL_CAREERS,universalproperty.wd1.myworkdayjobs.com,careers page,2026-09-22
UVSP,,,,,2026-09-22
UVV,greenhouse,universal,,name,2026-09-22
UWHR,,,,,2026-09-22
UWMC,,,,,2026-09-22
V,workday,visa/Visa,visa.wd5.myworkdayjobs.com,careers page,2026-09-22
VABK,,,,,2026-09-22
VAC,workday,mymvw/MVW,mymvw.wd5.myworkdayjobs.com,careers page,2026-09-22
VAI,,,,,2026-09-22
VALU,,,,,2026-09-22
VANI,,,,,2026-09-22
VASO,,,,,2026-09-22
VATE,,,,,2026-09-22
VBIO,,,,,2026-09-22
VBNK,,,,,2026-09-22
VC,,,,,2026-09-22
VCEL,,,,,2026-09-22
VCTR,,,,,2026-09-22
VCYT,greenhouse,subscriptions,,careers page,2026-09-22
VECO,,,,,2026-09-22
VEEA,,,,,2026-09-22
VEEE,,,,,2026-09-22
VEEV,lever,veeva,,name,2026-09-22
VELO,lever,velo3d,,careers page,2026-09-22
VENU,,,,,2026-09-22
VERI,,,,,2026-09-22
VERU,,,,,2026-09-22
VERX,workday,vertexinc/VertexInc,vertexinc.wd1.myworkdayjobs.com,careers page,2026-09-22
VET,workday,vermilionenergy/VEI_EXTERNAL,vermilionenergy.wd10.myworkdayjobs.com,careers page,2026-09-22
VFC,workday,vfc/vfc_careers,vfc.wd5.myworkdayjobs.com,careers page,2026-09-22
VFF,,,,,2026-09-22
VG,,,,,2026-09-22
VGZ,,,,,2026-09-22
VHC,,,,,2026-09-22
VHI,,,,,2026-09-22
VHUB,,,,,2026-09-22
VIA,greenhouse,via,,careers page,2026-09-22
VIAV,workday,viavisolutions/careers,viavisolutions.wd1.myworkdayjobs.com,careers page,2026-09-22
VICI,,,,,2026-09-22
VICR,,,,,2026-09-22
VIDA,,,,,2026-09-22
VIK,,,,,2026-09-22
VIP,lever,veonhq,,careers page,2026-09-22
VIR,greenhouse,virbiotechnologyinc,,careers page,2026-09-22
VIRC,,,,,2026-09-22
VIRT,greenhouse,virtu,,careers page,2026-09-22
VISN,,,,,2026-09-22
VITL,greenhouse,vitalfarms,,name,2026-09-22
VIVK,,,,,2026-09-22
VIVS,,,,,2026-09-22
VKTX,,,,,2026-09-22
VLGEA,,,,,2026-09-22
VLO,,,,,2026-09-22
VLTO,,,,,2026-09-22
VLY,,,,,2026-09-22
VMAR,,,,,2026-09-22
VMC,,,,,2026-09-22
VMD,,,,,2026-09-22
VMI,workday,valmont/ValmontCareers,valmont.wd1.myworkdayjobs.com,careers link,2026-09-22
VNCE,,,,,2026-09-22
VNDA,,,,,2026-09-22
VNO,,,,,2026-09-22
VNOM,,,,,2026-09-22
VNRX,,,,,2026-09-22
VNT,,,,,2026-09-22
VOXR,,,,,2026-09-22
VOYA,workday,godirect/voya_jobs,godirect.wd5.myworkdayjobs.com,careers page,2026-09-22
VOYG,greenhouse,voyagertechnologiesinc,,careers page,2026-09-22
VPG,,,,,2026-09-22
VRA,workday,verabradley/vbcareers,verabradley.wd5.myworkdayjobs.com,careers page,2026-09-22
VRCA,,,,,2026-09-22
VRDN,,,,,2026-09-22
VREOF,,,,,2026-09-22
VREX,workday,vareximaging/External_Career_Site,vareximaging.wd103.myworkdayjobs.com,careers link,2026-09-22
VRME,,,,,2026-09-22
VRNO,,,,,2026-09-22
VRNS,,,,,2026-09-22
VRRM,greenhouse,internal_job_board,,careers page,2026-09-22
VRSK,,,,,2026-09-22
VRSN,greenhouse,verisign,,careers page,2026-09-22
VRT,,,,,2026-09-22
VRTS,workday,virtus/VirtusCareers,virtus.wd5.myworkdayjobs.com,careers page,2026-09-22
VRTX,,,,,2026-09-22
VSAT,,,,,2026-09-22
VSEC,,,,,2026-09-22
VSEE,,,,,2026-09-22
VSH,,,,,2026-09-22
VSNT,smartrecruiters,my-applications,,careers page,2026-09-22
VST,workday,vst/vistra_careers,vst.wd5.myworkdayjobs.com,careers page,2026-09-22
VSTD,,,,,2026-09-22
VSTM,,,,,2026-09-22
VSTS,,,,,2026-09-22
VSXY,,,,,2026-09-22
VTAK,,,,,2026-09-22
VTGN,,,,,2026-09-22
VTIX,,,,,2026-09-22
VTOL,workday,bristow/Careers,bristow.wd1.myworkdayjobs.com,careers page,2026-09-22
VTR,workday,ventas/ventas_careers,ventas.wd503.myworkdayjobs.com,careers page,2026-09-22
VTRS,workday,viatris/External,viatris.wd5.myworkdayjobs.com,careers page,2026-09-22
VTS,,,,,2026-09-22
VTSI,,,,,2026-09-22
VTVT,,,,,2026-09-22
VUZI,,,,,2026-09-22
VVOS,,,,,2026-09-22
VVV,,,,,2026-09-22
VVX,,,,,2026-09-22
VWAV,,,,,2026-09-22
VXRT,,,,,2026-09-22
VYGR,greenhouse,voyagertherapeutics,,careers link,2026-09-22
VYX,workday,ncr/ext_apac,ncr.wd1.myworkdayjobs.com,careers page,2026-09-22
VZ,,,,,2026-09-22
W,,,,,2026-09-22
WAB,smartrecruiters,my-applications,,careers page,2026-09-22
WABC,,,,,2026-09-22
WAFD,,,,,2026-09-22
WAL,workday,westernalliancebank/WAB,westernalliancebank.wd5.myworkdayjobs.com,careers page,2026-09-22
WASH,,,,,2026-09-22
WAT,,,,,2026-09-22
WATT,,,,,2026-09-22
WAY,,,,,2026-09-22
WBD,,,,,2026-09-22
WBHC,workday,wilsonbank/WBT_External,wilsonbank.wd504.myworkdayjobs.com,careers page,2026-09-22
WBI,,,,,2026-09-22
WBTN,lever,wattpad,,careers link,2026-09-22
WCC,,,,,2026-09-22
WCN,,,,,2026-09-22
WD,workday,walkerdunlop/WD,walkerdunlop.wd1.myworkdayjobs.com,careers page,2026-09-22
WDAY,workday,workday/Workday,workday.wd5.myworkdayjobs.com,careers page,2026-09-22
WDC,smartrecruiters,WesternDigital,,careers page,2026-09-22
WDFC,,,,,2026-09-22
WDS,,,,,2026-09-22
WEAV,,,,,2026-09-22
WEBNF,,,,,2026-09-22
WEC,,,,,2026-09-22
WELL,,,,,2026-09-22
WELPP,,,,,2026-09-22
WEN,,,,,2026-09-22
WERN,workday,werner/Werner,werner.wd501.myworkdayjobs.com,careers page,2026-09-22
WES,,,,,2026-09-22
WEST,,,,,2026-09-22
WETO,,,,,2026-09-22
WEX,,,,,2026-09-22
WFC,,,,,2026-09-22
WFCF,,,,,2026-09-22
WFG,,,,,2026-09-22
WFRD,,,,,2026-09-22
WGO,,,,,2026-09-22
WGS,greenhouse,genedx,,careers page,2026-09-22
WH,,,,,2026-09-22
WHD,,,,,2026-09-22
WHG,,,,,2026-09-22
WHK,,,,,2026-09-22
WHLR,,,,,2026-09-22
WHR,,,,,2026-09-22
WHWK,,,,,2026-09-22
WINA,,,,,2026-09-22
WING,,,,,2026-09-22
WK,,,,,2026-09-22
WKC,workday,wfscorp/wfscareers,wfscorp.wd5.myworkdayjobs.com,careers page,2026-09-22
WKHS,,,,,2026-09-22
WKSP,,,,,2026-09-22
WLDN,,,,,2026-09-22
WLFC,,,,,2026-09-22
WLK,workday,westlake/westlake,westlake.wd1.myworkdayjobs.com,careers page,2026-09-22
WLKP,,,,,2026-09-22
WLTH,lever,wealthfront,,careers page,2026-09-22
WLY,workday,wiley/wiley_careers,wiley.wd1.myworkdayjobs.com,careers page,2026-09-22
WM,,,,,2026-09-22
WMB,workday,williams/External,williams.wd5.myworkdayjobs.com,careers link,2026-09-22
WMG,workday,wmg/WMGUS,wmg.wd1.myworkdayjobs.com,careers page,2026-09-22
WMK,,,,,2026-09-22
WMS,,,,,2026-09-22
WMT,,,,,2026-09-22
WNC,,,,,2026-09-22
WNEB,,,,,2026-09-22
WOLF,workday,cree/EXT,cree.wd108.myworkdayjobs.com,careers page,2026-09-22
WOOF,,,,,2026-09-22
WOR,,,,,2026-09-22
WPC,,,,,2026-09-22
WPM,,,,,2026-09-22
WPRT,,,,,2026-09-22
WRAP,,,,,2026-09-22
WRB,,,,,2026-09-22
WRBY,,,,,2026-09-22
WRLD,,,,,2026-09-22
WS,,,,,2026-09-22
WSBC,,,,,2026-09-22
WSBF,,,,,2026-09-22
WSBK,,,,,2026-09-22
WSC,,,,,2026-09-22
WSFS,workday,wsfsbank/wsfscareers,wsfsbank.wd1.myworkdayjobs.com,careers page,2026-09-22
WSM,,,,,2026-09-22
WSO,,,,,2026-09-22
WST,,,,,2026-09-22
WT,lever,wisdomtree,,name,2026-09-22
WTBA,,,,,2026-09-22
WTFC,workday,wintrust/Search,wintrust.wd1.myworkdayjobs.com,careers page,2026-09-22
WTI,,,,,2026-09-22
WTM,,,,,2026-09-22
WTRG,,,,,2026-09-22
WTS,,,,,2026-09-22
WTTR,,,,,2026-09-22
WU,workday,westernunion/WesternUnionJobs,westernunion.wd5.myworkdayjobs.com,careers page,2026-09-22
WULF,,,,,2026-09-22
WVE,,,,,2026-09-22
WVVI,,,,,2026-09-22
WW,workday,ww/careers,ww.wd1.myworkdayjobs.com,careers page,2026-09-22
WWD,workday,woodward/woodward,woodward.wd5.myworkdayjobs.com,careers page,2026-09-22
WWW,,,,,2026-09-22
WY,,,,,2026-09-22
WYFI,,,,,2026-09-22
WYNN,,,,,2026-09-22
WYY,,,,,2026-09-22
XAIR,,,,,2026-09-22
XBIO,,,,,2026-09-22
XBP,,,,,2026-09-22
XCUR,,,,,2026-09-22
XE,,,,,2026-09-22
XELB,,,,,2026-09-22
XERS,,,,,2026-09-22
XFOR,,,,,2026-09-22
XGN,,,,,2026-09-22
XHLD,,,,,2026-09-22
XHR,,,,,2026-09-22
XIFR,,,,,2026-09-22
XLO,greenhouse,xiliotherapeutics,,careers page,2026-09-22
XMAX,,,,,2026-09-22
XMTR,greenhouse,xometry,,careers page,2026-09-22
XNCR,,,,,2026-09-22
XNDU,,,,,2026-09-22
XOM,,,,,2026-09-22
XOS,greenhouse,xosinc,,careers link,2026-09-22
XPEL,workday,xpel/XPEL_Careers,xpel.wd5.myworkdayjobs.com,careers page,2026-09-22
XPER,,,,,2026-09-22
XPO,,,,,2026-09-22
XPOF,,,,,2026-09-22
XPON,,,,,2026-09-22
XRAY,,,,,2026-09-22
XRN,,,,,2026-09-22
XRX,,,,,2026-09-22
XTIA,,,,,2026-09-22
XTLB,,,,,2026-09-22
XTNT,,,,,2026-09-22
XWEL,,,,,2026-09-22
XXII,,,,,2026-09-22
XYL,workday,xylem/xylem-careers,xylem.wd5.myworkdayjobs.com,careers page,2026-09-22
XYZ,greenhouse,block,,name,2026-09-22
XZO,,,,,2026-09-22
YARW,,,,,2026-09-22
YCBD,,,,,2026-09-22
YDES,,,,,2026-09-22
YDKG,,,,,2026-09-22
YELP,,,,,2026-09-22
YETI,workday,yeticoolers/YETI,yeticoolers.wd5.myworkdayjobs.com,careers page,2026-09-22
YEXT,greenhouse,yext,,name,2026-09-22
YHC,,,,,2026-09-22
YHGJ,,,,,2026-09-22
YORW,,,,,2026-09-22
YOU,greenhouse,clear,,careers page,2026-09-22
YSS,,,,,2026-09-22
YSWY,,,,,2026-09-22
YUM,,,,,2026-09-22
YUMC,,,,,2026-09-22
YYAI,,,,,2026-09-22
ZARE,workday,aresmgmt/External,aresmgmt.wd1.myworkdayjobs.com,careers page,2026-09-22
ZBH,,,,,2026-09-22
ZBIO,greenhouse,zenasbio,,careers page,2026-09-22
ZBRA,workday,zebra/Zebra_careers,zebra.wd501.myworkdayjobs.com,careers page,2026-09-22
ZD,,,,,2026-09-22
ZDGE,,,,,2026-09-22
ZENA,,,,,2026-09-22
ZEO,,,,,2026-09-22
ZEOX,,,,,2026-09-22
ZETA,greenhouse,zetaglobal,,careers page,2026-09-22
ZG,workday,zillow/Zillow_Group_External,zillow.wd5.myworkdayjobs.com,careers page,2026-09-22
ZION,,,,,2026-09-22
ZIP,greenhouse,ziprecruiter,,name,2026-09-22
ZM,,,,,2026-09-22
ZNB,,,,,2026-09-22
ZNOG,,,,,2026-09-22
ZNTL,,,,,2026-09-22
ZOMDF,,,,,2026-09-22
ZONE,,,,,2026-09-22
ZS,greenhouse,zscaler,,name,2026-09-22
ZSPC,,,,,2026-09-22
ZSQR,,,,,2026-09-22
ZSTK,,,,,2026-09-22
ZTS,workday,zoetis/zoetis,zoetis.wd5.myworkdayjobs.com,careers page,2026-09-22
ZUMZ,,,,,2026-09-22
ZVIA,greenhouse,zevia,,careers page,2026-09-22
ZVRA,,,,,2026-09-22
ZWS,workday,elkay/Elkay_External,elkay.wd1.myworkdayjobs.com,careers page,2026-09-22
ZYME,,,,,2026-09-22
