zip,city,state,latitude,longitude
AB10,Aberdeen,UK,57.14370,-2.09810
AB11,Aberdeen,UK,57.14370,-2.09810
AB12,Aberdeen,UK,57.14370,-2.09810
AB13,Aberdeen,UK,57.10860,-2.23920
AB14,Peterculter,UK,57.09930,-2.26590
AB15,Aberdeen,UK,57.13780,-2.16630
AB16,Aberdeen,UK,57.16000,-2.15670
AB21,Aberdeen,UK,57.21110,-2.20370
AB22,Danestone,UK,57.18650,-2.12140
AB23,Delfrigs,UK,57.23273,-2.07896
AB24,Aberdeen,UK,57.14370,-2.09810
AB25,Aberdeen,UK,57.14370,-2.09810
AB30,Auchenblae,UK,56.83076,-2.55823
AB31,East Learney,UK,57.09104,-2.54558
AB32,Achath,UK,57.15279,-2.36239
AB33,Hillockhead,UK,57.22598,-2.74170
AB34,Aboyne,UK,57.08929,-2.82580
AB35,Easter Balmoral,UK,57.03684,-3.15562
AB36,Tornahaish,UK,57.19871,-3.06636
AB37,Bridge of Brown,UK,57.26821,-3.34569
AB38,Carron,UK,57.48489,-3.23576
AB39,Aberdeen,UK,56.97730,-2.21840
AB41,Tipperty,UK,57.35965,-2.19993
AB42,Waterhill of Bruxie,UK,57.48231,-1.92483
AB43,Towie,UK,57.65490,-2.04688
AB44,Newtown,UK,57.66920,-2.49465
AB45,Auds,UK,57.60101,-2.52641
AB51,Hillbrae,UK,57.27689,-2.44228
AB52,Insch,UK,57.34029,-2.59351
AB53,Turriff,UK,57.52383,-2.39012
AB54,Bainshole,UK,57.38858,-2.81344
AB55,Aultnapaddock,UK,57.45870,-3.14410
AB56,Cullen,UK,57.67444,-2.92192
AB99,Aberdeen City,UK,57.11130,-2.09400
AL1,St Albans,UK,51.75000,-0.33330
AL10,Hatfield,UK,51.76340,-0.22420
AL2,Bricket Wood,UK,51.72060,-0.31490
AL3,St Stephens,UK,51.81540,-0.41840
AL4,Blackmore End,UK,51.77678,-0.28428
AL5,Hatching Green,UK,51.81680,-0.35710
AL6,Tewin,UK,51.82569,-0.21367
AL7,Hatfield Hyde,UK,51.79690,-0.18710
AL8,Digswell,UK,51.81258,-0.19930
AL9,Woodside,UK,51.74751,-0.19217
B1,Birmingham,UK,52.48140,-1.89980
B10,Birmingham,UK,52.46980,-1.85230
B11,Birmingham,UK,52.45480,-1.85960
B12,Birmingham,UK,52.48140,-1.89980
B13,Springfield,UK,52.44200,-1.88385
B14,King's Heath,UK,52.41740,-1.88980
B15,Edgbaston,UK,52.46230,-1.92120
B16,Birmingham,UK,52.47680,-1.93410
B17,Harborne,UK,52.45850,-1.95730
B18,Birmingham,UK,52.48140,-1.89980
B19,Birmingham,UK,52.48140,-1.89980
B2,Birmingham,UK,52.48140,-1.89980
B20,Birmingham,UK,52.51560,-1.91950
B21,Handsworth,UK,52.50640,-1.94060
B23,Short Heath,UK,52.52820,-1.85490
B24,Tyburn,UK,52.52635,-1.80900
B25,Yardley,UK,52.46510,-1.82275
B26,South Yardley,UK,52.45953,-1.78733
B27,Acock's Green,UK,52.44470,-1.82290
B28,Hall Green,UK,52.42720,-1.84320
B29,Bournbrook,UK,52.43930,-1.94020
B3,Birmingham,UK,52.48140,-1.89980
B30,Cotteridge,UK,52.41670,-1.91670
B31,Longbridge,UK,52.40835,-1.97500
B32,Frankley,UK,52.43260,-1.99735
B33,Tile Cross,UK,52.48040,-1.78830
B34,Birmingham,UK,52.49630,-1.78180
B35,Birmingham,UK,52.51880,-1.78910
B36,Castle Bromwich,UK,52.50190,-1.78260
B37,Marston Green,UK,52.46850,-1.74820
B38,West Heath,UK,52.39990,-1.93490
B4,Birmingham,UK,52.48140,-1.89980
B40,Birmingham,UK,52.45890,-1.72350
B42,Perry Barr,UK,52.51580,-1.90170
B43,Great Barr,UK,52.54720,-1.93190
B44,Kingstanding,UK,52.54570,-1.88510
B45,Barnt Green,UK,52.37938,-2.00872
B46,Coleshill,UK,52.50952,-1.67478
B47,Drakes Cross,UK,52.37520,-1.87570
B48,Rowney Green,UK,52.36750,-1.95768
B49,Great Alne,UK,52.22421,-1.83744
B5,Birmingham,UK,52.48140,-1.89980
B50,Broom,UK,52.17120,-1.86050
B6,Aston,UK,52.50470,-1.88630
B60,Tardebigge,UK,52.32155,-2.04380
B61,Upton Warren,UK,52.34271,-2.07645
B62,Romsley,UK,52.43907,-2.03127
B63,Cradley,UK,52.44827,-2.06713
B64,Old Hill,UK,52.48330,-2.06670
B65,Blackheath,UK,52.48320,-2.04375
B66,Smethwick,UK,52.49700,-1.97300
B67,Warley,UK,52.48570,-1.97870
B68,Warley,UK,52.47850,-2.00140
B69,Oldbury,UK,52.50000,-2.01670
B7,Birmingham,UK,52.49410,-1.87260
B70,West Bromwich,UK,52.51870,-1.99450
B71,Bird End,UK,52.53590,-1.99050
B72,Wylde Green,UK,52.53330,-1.81670
B73,Sutton Coldfield,UK,52.56670,-1.81670
B74,Streetly,UK,52.58165,-1.85535
B75,Roughley,UK,52.58790,-1.81280
B76,Curdworth,UK,52.54015,-1.75272
B77,Glascote,UK,52.61580,-1.66638
B78,Hopwas,UK,52.60483,-1.69359
B79,Tamworth,UK,52.66471,-1.66571
B8,Ward End,UK,52.49160,-1.85960
B80,Studley,UK,52.27168,-1.88216
B9,Birmingham,UK,52.47830,-1.85060
B90,Shirley,UK,52.41070,-1.81950
B91,Blossomfield,UK,52.41430,-1.78090
B92,Olton,UK,52.43568,-1.75957
B93,Copt Heath,UK,52.38528,-1.72732
B94,Nuthurst,UK,52.34664,-1.77791
B95,Aston Cantlow,UK,52.28066,-1.79089
B96,Sambourne,UK,52.24846,-1.95809
B97,Ham Green,UK,52.29219,-1.94329
B98,Holt End,UK,52.32380,-1.89610
B99,Birmingham,UK,52.48140,-1.89980
BA1,Bath,UK,51.39846,-2.36147
BA10,Bruton,UK,51.11111,-2.43731
BA11,Berkley,UK,51.21695,-2.35133
BA12,Boreham,UK,51.15965,-2.15175
BA13,Westbury,UK,51.26323,-2.16386
BA14,Trowbridge,UK,51.32102,-2.18767
BA15,Bradford Leigh,UK,51.35828,-2.26495
BA16,Overleigh,UK,51.12430,-2.75557
BA2,Englishcombe,UK,51.35474,-2.39106
BA20,Yeovil,UK,50.94160,-2.63210
BA21,Mudford,UK,50.97430,-2.60770
BA22,Halstock,UK,50.98795,-2.62377
BA3,Highbury,UK,51.26662,-2.48228
BA4,Evercreech,UK,51.14938,-2.51421
BA5,Bleadney,UK,51.21173,-2.65995
BA6,Edgarley,UK,51.14046,-2.70892
BA7,Lovington,UK,51.08744,-2.53894
BA8,Henstridge Ash,UK,51.00731,-2.42590
BA9,Holton,UK,51.05856,-2.41446
BB1,Wilpshire,UK,53.77337,-2.46333
BB10,Hurstwood,UK,53.78860,-2.20553
BB11,Burnley,UK,53.79165,-2.27500
BB12,Barley,UK,53.80440,-2.30968
BB18,Barnoldswick,UK,53.91710,-2.18700
BB2,Balderstone,UK,53.75471,-2.52936
BB3,Hoddlesden,UK,53.70820,-2.47743
BB4,Haslingden Grane,UK,53.69772,-2.29860
BB5,Altham,UK,53.75619,-2.37200
BB6,Langho,UK,53.79365,-2.42975
BB7,Bashall Town,UK,53.87792,-2.38126
BB8,Trawden,UK,53.86204,-2.16767
BB9,Barrowford,UK,53.84652,-2.21094
BB94,Earby,UK,53.91550,-2.14280
BD1,Bradford,UK,53.79390,-1.75210
BD10,Bradford,UK,53.83280,-1.72550
BD11,Adwalton,UK,53.75093,-1.67703
BD12,Low Moor,UK,53.74387,-1.76443
BD13,Cullingworth,UK,53.79408,-1.88974
BD14,Clayton,UK,53.76670,-1.81670
BD15,Allerton,UK,53.81470,-1.84350
BD16,Eldwick,UK,53.84600,-1.84930
BD17,Baildon,UK,53.84710,-1.78790
BD18,Shipley,UK,53.83330,-1.76670
BD19,Gomersal,UK,53.72745,-1.70145
BD2,Bradford,UK,53.79390,-1.75210
BD20,Lothersdale,UK,53.90162,-1.97871
BD21,Ingrow,UK,53.86110,-1.91155
BD22,Cowling,UK,53.84287,-1.96676
BD23,Airton,UK,54.03083,-2.09309
BD24,High Birkwith,UK,54.09361,-2.29149
BD3,Bradford,UK,53.79390,-1.75210
BD4,Tong Street,UK,53.77072,-1.72938
BD5,Bradford,UK,53.79390,-1.75210
BD6,Buttershaw,UK,53.76450,-1.78925
BD7,Bradford,UK,53.78350,-1.78510
BD8,Bradford,UK,53.80170,-1.78390
BD9,Bradford,UK,53.81280,-1.79190
BD97,Bradford,UK,53.85050,-1.83740
BD98,Bradford,UK,53.82380,-1.77030
BD99,Bradford,UK,53.79390,-1.75210
BH1,Bournemouth,UK,50.72050,-1.87950
BH10,Bournemouth,UK,50.75950,-1.89310
BH11,Kinson,UK,50.76550,-1.90960
BH12,Newtown,UK,50.73853,-1.91983
BH13,Canford Cliffs,UK,50.70360,-1.92090
BH14,Lilliput,UK,50.72990,-1.94490
BH15,Longfleet,UK,50.71670,-2.00000
BH16,Lytchett Minster,UK,50.74242,-2.05482
BH17,Waterloo,UK,50.74700,-1.98010
BH18,Broadstone,UK,50.75000,-1.98330
BH19,Worth Matravers,UK,50.61731,-1.98479
BH2,Bournemouth,UK,50.72050,-1.87950
BH20,Bere Regis,UK,50.67082,-2.15494
BH21,Chalbury Common,UK,50.83124,-1.97518
BH22,Longham,UK,50.79826,-1.89451
BH23,Avon,UK,50.75541,-1.75777
BH24,St Leonards,UK,50.84279,-1.78568
BH25,Ashley,UK,50.75084,-1.66298
BH3,Winton,UK,50.73330,-1.86670
BH31,Romford,UK,50.87575,-1.87115
BH4,Westbourne,UK,50.72300,-1.89960
BH5,Boscombe,UK,50.72520,-1.84190
BH6,Wick,UK,50.72485,-1.78210
BH7,Bournemouth,UK,50.73630,-1.82700
BH8,Holdenhurst,UK,50.75680,-1.81940
BH9,Moordown,UK,50.74970,-1.87340
BL0,Edenfield,UK,53.65487,-2.31278
BL1,Bolton,UK,53.58330,-2.43330
BL11,Bolton,UK,53.58330,-2.43330
BL2,Harwood,UK,53.59167,-2.39167
BL3,Daubhill,UK,53.56350,-2.37800
BL4,Kearsley,UK,53.54165,-2.39165
BL5,Wingates,UK,53.54875,-2.52035
BL6,Rivington,UK,53.60800,-2.57570
BL7,Edgworth,UK,53.63592,-2.44458
BL78,Bolton,UK,53.58330,-2.43330
BL8,Tottington,UK,53.61940,-2.33925
BL9,Walmersley,UK,53.60243,-2.29808
BN1,Coldean,UK,50.86140,-0.12042
BN10,Peacehaven,UK,50.79270,-0.00650
BN11,West Worthing,UK,50.81425,-0.38285
BN12,Ferring,UK,50.80785,-0.43005
BN13,West Tarring,UK,50.83870,-0.42806
BN14,Findon,UK,50.84107,-0.38662
BN15,North Lancing,UK,50.82943,-0.32845
BN16,Kingston,UK,50.81518,-0.48550
BN17,Wick,UK,50.81636,-0.54980
BN18,Arundel,UK,50.85500,-0.57770
BN2,Kemp Town,UK,50.82383,-0.08282
BN20,Holywell,UK,50.77764,0.24224
BN21,Eastbourne,UK,50.76870,0.28450
BN22,Hampden Park,UK,50.78940,0.28370
BN23,Friday Street,UK,50.79770,0.31250
BN24,Pevensey Bay,UK,50.81635,0.33847
BN25,East Blatchington,UK,50.78070,0.09563
BN26,Wilmington,UK,50.81958,0.17770
BN27,Lealands,UK,50.87931,0.28069
BN3,Hove,UK,50.83673,-0.17963
BN41,Portslade,UK,50.84290,-0.21610
BN42,Southwick,UK,50.83680,-0.23840
BN43,Shoreham-by-Sea,UK,50.83410,-0.27430
BN44,Ashurst,UK,50.89105,-0.31443
BN45,Poynings,UK,50.89595,-0.18530
BN5,Oreham Common,UK,50.91409,-0.25985
BN50,The City of Brighton and Hove,UK,50.82540,-0.14070
BN51,Rottingdean,UK,50.80980,-0.05940
BN52,The City of Brighton and Hove,UK,50.83440,-0.16810
BN6,Albourne,UK,50.92262,-0.14494
BN7,South Malling,UK,50.87272,-0.01570
BN8,Beddingham,UK,50.90176,0.07530
BN88,The City of Brighton and Hove,UK,50.82690,-0.14040
BN9,South Heighton,UK,50.80458,0.05412
BN91,Worthing,UK,50.81800,-0.37540
BN95,Churchill Ward,UK,50.82320,-0.33010
BN99,Lancing,UK,50.82020,-0.36600
BR1,London,UK,51.40370,0.03050
BR2,London,UK,51.37002,0.02375
BR3,London,UK,51.40880,-0.02530
BR4,London,UK,51.36670,-0.01670
BR5,London,UK,51.38330,0.11670
BR6,London,UK,51.36221,0.09043
BR7,London,UK,51.41710,0.06860
BR8,Hextable,UK,51.39720,0.17320
BS0,City of Bristol,UK,51.46460,-2.56360
BS1,Bristol,UK,51.45520,-2.59660
BS10,Henbury,UK,51.50987,-2.63537
BS11,Avonmouth,UK,51.49965,-2.68215
BS13,Bishopsworth,UK,51.41210,-2.61200
BS14,Whitchurch,UK,51.40610,-2.56270
BS15,Kingswood,UK,51.45280,-2.50830
BS16,Fishponds,UK,51.49089,-2.50360
BS2,Bristol,UK,51.45520,-2.59660
BS20,Weston-in-Gordano,UK,51.47298,-2.73821
BS21,Walton-in-Gordano,UK,51.43066,-2.83668
BS22,Worle,UK,51.36503,-2.92583
BS23,Weston-super-Mare,UK,51.33485,-2.97870
BS24,Lympsham,UK,51.32409,-2.91161
BS25,Rowberrow,UK,51.31628,-2.81036
BS26,Weare,UK,51.27546,-2.86727
BS27,Cheddar,UK,51.25980,-2.75490
BS28,Mudgley,UK,51.22654,-2.81127
BS29,Banwell,UK,51.32890,-2.86910
BS3,Bristol,UK,51.45520,-2.59660
BS30,Bridgeyate,UK,51.44771,-2.46216
BS31,Bristol,UK,51.40840,-2.49180
BS32,Bristol,UK,51.54410,-2.55820
BS34,Bristol,UK,51.52410,-2.56610
BS35,Bristol,UK,51.59750,-2.54850
BS36,Coalpit Heath,UK,51.52840,-2.49003
BS37,Horton,UK,51.53419,-2.43911
BS39,Bristol,UK,51.32900,-2.53390
BS4,Knowle,UK,51.43450,-2.55525
BS40,Bristol,UK,51.34670,-2.69120
BS41,Bristol,UK,51.42220,-2.65360
BS48,Nailsea and Backwell,UK,51.42530,-2.74840
BS49,Yatton,UK,51.38900,-2.81870
BS5,Bristol,UK,51.46200,-2.55190
BS6,Bristol,UK,51.46560,-2.59907
BS7,Horfield,UK,51.47670,-2.55720
BS8,Clifton,UK,51.45020,-2.65032
BS80,Weston-Super-Mare,UK,51.50510,-2.59575
BS9,Westbury on Trym,UK,51.48740,-2.62660
BS98,City of Bristol,UK,51.46460,-2.56360
BS99,Bristol (PO Boxes),UK,51.46460,-2.56360
BT1,Belfast,UK,54.58330,-5.93330
BT10,Belfast,UK,54.56665,-5.95830
BT11,Belfast West,UK,54.58097,-5.96650
BT12,Belfast,UK,54.58330,-5.93330
BT13,Belfast,UK,54.60748,-5.95926
BT14,Belfast,UK,54.58330,-5.93330
BT15,Belfast,UK,54.58330,-5.93330
BT16,Belfast,UK,54.58765,-5.86565
BT17,Belfast,UK,54.56660,-5.96480
BT18,Holywood,UK,54.63860,-5.82470
BT19,Groomsport,UK,54.65968,-5.68788
BT2,Belfast,UK,54.58330,-5.93330
BT20,Bangor,UK,54.65340,-5.66890
BT21,Donaghadee,UK,54.64130,-5.53590
BT22,Newtownards,UK,54.51214,-5.54161
BT23,Newtownards,UK,54.59240,-5.69090
BT24,Ballynahinch,UK,54.43023,-5.85700
BT25,Dromore,UK,54.38668,-6.06333
BT26,Hillsborough,UK,54.46350,-6.07660
BT27,Hillhall,UK,54.52230,-6.00710
BT28,Lisburn,UK,54.54210,-6.15620
BT29,Belfast,UK,54.61506,-6.15071
BT3,Belfast City Airport,UK,54.58330,-5.93330
BT30,Downpatrick,UK,54.31702,-5.68341
BT31,Castlewellan,UK,54.26685,-5.99275
BT32,Banbridge,UK,54.31041,-6.21872
BT33,Dundrum,UK,54.23473,-5.88997
BT34,Annalong,UK,54.14642,-6.12113
BT35,Newtownhamilton,UK,54.17227,-6.45527
BT36,Newtownabbey,UK,54.67553,-5.94830
BT37,Newtownabbey,UK,54.65980,-5.90860
BT38,Carrickfergus,UK,54.73284,-5.78090
BT39,Straid,UK,54.73890,-6.02777
BT4,Belfast,UK,54.59566,-5.88056
BT40,Islandmagee,UK,54.84519,-5.81550
BT41,Randalstown,UK,54.70416,-6.19582
BT42,Ballymena,UK,54.86234,-6.27314
BT43,Knockanully,UK,54.93787,-6.21990
BT44,Ballymena,UK,54.98460,-6.24794
BT45,Desertmartin,UK,54.77112,-6.62858
BT46,Upperlands,UK,54.87380,-6.66012
BT47,Derry,UK,54.94983,-7.08418
BT48,The Collon,UK,55.02711,-7.28090
BT49,Ballykelly,UK,55.04735,-6.98460
BT5,Castlereagh,UK,54.58087,-5.87531
BT51,Ringsend,UK,55.06417,-6.69752
BT52,Cloyfin,UK,55.14167,-6.64170
BT53,Ballymoney,UK,55.10523,-6.46920
BT54,Maghernahar,UK,55.19017,-6.24782
BT55,Portstewart,UK,55.18130,-6.71400
BT56,Craigahullier,UK,55.19590,-6.64930
BT57,Dunseverick,UK,55.21807,-6.49972
BT58,Child Support Agency,UK,55.05910,-6.43420
BT6,Woodstock,UK,54.57280,-5.89087
BT60,Keady,UK,54.29743,-6.77993
BT61,Armagh,UK,54.38890,-6.60558
BT62,Clare,UK,54.41166,-6.41906
BT63,Portadown,UK,54.40035,-6.39960
BT64,Mandeville,UK,54.44677,-6.38970
BT65,Craigavon,UK,54.44710,-6.38700
BT66,Waringstown,UK,54.45331,-6.34893
BT67,Craigavon,UK,54.48503,-6.28717
BT68,Caledon,UK,54.35000,-6.83330
BT69,Aughnacloy,UK,54.42500,-6.95000
BT7,Botanic,UK,54.58144,-5.91850
BT70,Dungannon,UK,54.51206,-6.93335
BT71,Ardboe,UK,54.52466,-6.67319
BT74,Enniskillen,UK,54.33975,-7.72065
BT75,Clabby,UK,54.39165,-7.34165
BT76,Clogher,UK,54.41670,-7.20000
BT77,Augher,UK,54.43330,-7.15000
BT78,Killynure,UK,54.55272,-7.33753
BT79,Omagh,UK,54.63128,-7.20561
BT8,Newtownbreda,UK,54.55042,-5.90680
BT80,Cookstown,UK,54.63100,-6.69863
BT81,Spamount,UK,54.63177,-7.47101
BT82,Ballymagorry,UK,54.82063,-7.43359
BT9,Malone,UK,54.57500,-5.92500
BT92,Newtownbutler,UK,54.24056,-7.50428
BT93,Derrygonnelly,UK,54.44256,-7.86492
BT94,Enniskillen,UK,54.37160,-7.54299
CA1,Carleton,UK,54.89065,-2.92565
CA10,Brougham,UK,54.63107,-2.64229
CA11,Unthank,UK,54.62787,-2.83272
CA12,Keswick,UK,54.58924,-3.16295
CA13,Bridekirk,UK,54.65546,-3.36078
CA14,Branthwaite,UK,54.63002,-3.50065
CA15,Crosscanonby,UK,54.72932,-3.45939
CA16,Dufton,UK,54.56701,-2.47641
CA17,Brough Sowerby,UK,54.48879,-2.34363
CA18,Broad Oak,UK,54.35483,-3.39707
CA19,Beckfoot,UK,54.38707,-3.37791
CA2,Durdar,UK,54.86950,-2.95160
CA20,Sellafield,UK,54.41947,-3.47418
CA21,Beckermet,UK,54.45000,-3.51670
CA22,Haile,UK,54.46528,-3.52620
CA23,Ennerdale Bridge,UK,54.51100,-3.50377
CA24,Moor Row,UK,54.51520,-3.53730
CA25,Wath Brow,UK,54.52140,-3.51590
CA26,Kirkland,UK,54.54850,-3.47625
CA27,St Bees,UK,54.49180,-3.58990
CA28,Parton,UK,54.55782,-3.58370
CA3,Stanwix,UK,54.90757,-2.94077
CA4,Castle Carrock,UK,54.84503,-2.79986
CA5,Moorhouse,UK,54.85615,-3.01981
CA6,Greenhead,UK,54.99652,-2.77219
CA7,Waverton,UK,54.80358,-3.16162
CA8,Banks,UK,54.96666,-2.70711
CA9,Ayle,UK,54.79800,-2.41460
CA95,Workington,UK,54.64250,-3.54410
CA99,Carlisle,UK,54.89510,-2.93820
CB1,Linton,UK,52.19619,0.14833
CB10,Hinxton,UK,52.03343,0.26823
CB11,Arkesden,UK,51.98419,0.18755
CB2,Little Shelford,UK,52.18965,0.12402
CB21,Shudy Camps,UK,52.12763,0.28709
CB22,Cambridge,UK,52.13283,0.13419
CB23,Lolworth,UK,52.21715,-0.01011
CB24,Milton,UK,52.27169,0.08066
CB25,Waterbeach,UK,52.26067,0.23742
CB3,Bar Hill,UK,52.21142,0.09832
CB4,Westwick,UK,52.22381,0.13153
CB5,Lode,UK,52.21305,0.15498
CB6,Little Thetford,UK,52.39729,0.20016
CB7,Stuntney,UK,52.35711,0.33700
CB8,Stradishall,UK,52.20595,0.44596
CB9,Haverhill,UK,52.09591,0.45676
CF10,Cardiff,UK,51.48000,-3.18000
CF11,Cardiff,UK,51.48000,-3.18000
CF14,Cardiff,UK,51.51990,-3.20400
CF15,Cardiff,UK,51.53370,-3.27210
CF23,Cardiff,UK,51.51440,-3.15450
CF24,Cardiff,UK,51.48000,-3.18000
CF3,Began,UK,51.52382,-3.08913
CF30,Llanrumney Community,UK,51.51960,-3.11960
CF31,Newcastle,UK,51.50767,-3.57773
CF32,Aberkenfig,UK,51.53670,-3.59313
CF33,North Cornelly,UK,51.52158,-3.69718
CF34,Dyffryn,UK,51.60306,-3.64850
CF35,Coity,UK,51.51868,-3.52755
CF36,Nottage,UK,51.48453,-3.69510
CF37,Pontypridd,UK,51.61382,-3.35981
CF38,Efail Isaf,UK,51.55430,-3.34528
CF39,Gilfach Goch,UK,51.59881,-3.44798
CF40,Tonypandy,UK,51.62732,-3.46188
CF41,Pentre,UK,51.65430,-3.49130
CF42,Cwm-parc,UK,51.66798,-3.52478
CF43,Tylorstown,UK,51.66792,-3.46710
CF44,Ystradfellte,UK,51.73271,-3.48293
CF45,Abercynon,UK,51.66452,-3.35370
CF46,Nelson,UK,51.67408,-3.30160
CF47,Merthyr Tydfil,UK,51.74790,-3.37780
CF48,Abercanaid,UK,51.73028,-3.37198
CF5,St Fagans,UK,51.47188,-3.27582
CF61,Boverton,UK,51.41158,-3.49100
CF62,Barry,UK,51.40270,-3.37145
CF63,Cadoxton,UK,51.41720,-3.26140
CF64,Penarth,UK,51.42878,-3.21045
CF71,Llanmihangel,UK,51.45726,-3.47230
CF72,Brynna,UK,51.53015,-3.40842
CF81,Bargoed,UK,51.71048,-3.26500
CF82,Cefn Hengoed,UK,51.64832,-3.23907
CF83,Llanbradach,UK,51.59288,-3.23338
CF91,Grangetown Community,UK,51.46560,-3.19390
CF95,Castle Community,UK,51.48120,-3.17100
CF99,Butetown Community,UK,51.46440,-3.16170
CH1,Chester,UK,53.22390,-2.94344
CH2,Bridge Trafford,UK,53.25357,-2.85961
CH25,Wirral,UK,53.39700,-3.01190
CH26,Wirral,UK,53.36570,-3.06590
CH27,Wirral,UK,53.42020,-3.03920
CH28,Wirral,UK,53.37620,-3.10500
CH29,Wirral,UK,53.39030,-3.17940
CH3,Hargrave,UK,53.15445,-2.80734
CH30,Wirral,UK,53.37620,-3.10500
CH31,Wirral,UK,53.32970,-3.09890
CH32,Wirral,UK,53.36190,-2.99760
CH33,Neston,UK,53.28330,-3.05000
CH34,Cheshire West and Chester,UK,53.28630,-2.91280
CH4,Dodleston,UK,53.15807,-2.95347
CH41,Seacombe,UK,53.40150,-3.01630
CH42,Birkenhead,UK,53.37890,-3.01397
CH43,Prenton,UK,53.38423,-3.06243
CH44,Wallasey,UK,53.42320,-3.06500
CH45,Wallasey,UK,53.42825,-3.04915
CH46,Wirral,UK,53.38810,-3.11085
CH47,Hoylake,UK,53.39050,-3.18070
CH48,Greasby,UK,53.36928,-3.16568
CH49,Wirral,UK,53.37540,-3.09610
CH5,Shotton,UK,53.19930,-3.03614
CH6,Bagillt,UK,53.25512,-3.14890
CH60,Gayton,UK,53.32683,-3.09623
CH61,Pensby,UK,53.36262,-3.11880
CH62,Wirral,UK,53.33390,-2.98150
CH63,Wirral,UK,53.34440,-3.01240
CH64,Neston,UK,53.28330,-3.05000
CH65,Ellesmere Port,UK,53.27870,-2.90130
CH66,Ellesmere Port,UK,53.27700,-2.93630
CH7,Tafarn-y-Gelyn,UK,53.17210,-3.16312
CH70,Cheshire West and Chester,UK,53.19280,-2.92260
CH8,Gorsedd,UK,53.29390,-3.26102
CH88,Cheshire West and Chester,UK,53.19730,-2.88320
CH99,Eccleston,UK,53.18640,-2.88990
CM0,Ostend,UK,51.68178,0.85029
CM1,Loves Green,UK,51.76436,0.40790
CM11,Great Burstead,UK,51.62107,0.44701
CM12,Little Burstead,UK,51.60470,0.40770
CM13,Ingrave,UK,51.59780,0.33171
CM14,Brook Street,UK,51.62130,0.30560
CM15,Pilgrims Hatch,UK,51.65617,0.31370
CM16,Coopersale Common,UK,51.70626,0.10613
CM17,Church Langley,UK,51.76719,0.15098
CM18,Harlow,UK,51.77660,0.11160
CM19,Great Parndon,UK,51.76270,0.05697
CM2,West Hanningfield,UK,51.70746,0.48964
CM20,Little Parndon,UK,51.77933,0.09667
CM21,Allen's Green,UK,51.81647,0.13960
CM22,Bamber's Green,UK,51.86526,0.21958
CM23,Berden,UK,51.89539,0.15618
CM24,Stansted Mountfitchet,UK,51.90120,0.19900
CM3,Hazeleigh,UK,51.72066,0.58719
CM4,Blackmore,UK,51.68839,0.39398
CM5,Abbess Roding,UK,51.74109,0.27061
CM6,Little Dunmow,UK,51.85778,0.32577
CM7,Bardfield Saling,UK,51.90884,0.49924
CM77,Braintree,UK,51.87820,0.55290
CM8,White Notley,UK,51.81212,0.64867
CM9,Heybridge Basin,UK,51.75401,0.72444
CM92,Harlow,UK,51.76940,0.06130
CM98,Springfield,UK,51.74780,0.51120
CM99,Chelmsford,UK,51.73570,0.46960
CO1,Colchester,UK,51.88920,0.90420
CO10,Stanstead,UK,52.06250,0.68003
CO11,Brantham,UK,51.93195,1.09124
CO12,Great Oakley,UK,51.92810,1.24049
CO13,Kirby le Soken,UK,51.83420,1.22437
CO14,Walton-on-Naze,UK,51.84820,1.26740
CO15,Clacton-on-Sea,UK,51.80020,1.16817
CO16,Row Heath,UK,51.83399,1.12293
CO2,Birch Green,UK,51.85677,0.87077
CO3,Heckfordbridge,UK,51.88427,0.85217
CO4,Blacksmith's Corner,UK,51.92355,0.92045
CO5,Tiptree Heath,UK,51.82513,0.83988
CO6,Polstead,UK,51.93567,0.80597
CO7,East Bergholt,UK,51.88745,1.00885
CO8,Bures,UK,51.97488,0.75994
CO9,Gosfield,UK,51.99547,0.58822
CR0,London,UK,51.37030,-0.06098
CR2,London,UK,51.33590,-0.07780
CR3,Woldingham,UK,51.28852,-0.07587
CR4,London,UK,51.39360,-0.16300
CR44,London,UK,51.38230,-0.13290
CR5,London,UK,51.31480,-0.15703
CR6,Chelsham,UK,51.31583,-0.04080
CR7,London,UK,51.38330,-0.10000
CR8,London,UK,51.33160,-0.10655
CR9,London,UK,51.38330,-0.10000
CR90,London,UK,51.38330,-0.10000
CT1,Canterbury,UK,51.27405,1.06835
CT10,St Peter's,UK,51.36870,1.43547
CT11,Ramsgate,UK,51.33580,1.41550
CT12,Gore Street,UK,51.34236,1.33812
CT13,Woodnesborough,UK,51.26762,1.32588
CT14,Sholden,UK,51.21556,1.36948
CT15,Nonington,UK,51.17555,1.27347
CT16,Dover,UK,51.14708,1.28973
CT17,Maxton,UK,51.12900,1.29390
CT18,Acrise Place,UK,51.11644,1.14143
CT19,Folkestone,UK,51.08615,1.17570
CT2,Rough Common,UK,51.29775,1.09156
CT20,Sandgate,UK,51.07460,1.14480
CT21,Hythe,UK,51.08130,1.05130
CT3,Westmarsh,UK,51.30005,1.17362
CT4,Barham,UK,51.22036,1.05753
CT5,Chestfield,UK,51.35650,1.04001
CT50,Sandgate,UK,51.07460,1.14480
CT6,Hunters Forstal,UK,51.36519,1.14334
CT7,St Nicholas at Wade,UK,51.35572,1.27693
CT8,Westgate on Sea,UK,51.38240,1.33670
CT9,Margate,UK,51.38500,1.39560
CV1,Coventry,UK,52.40660,-1.51220
CV10,Ansley,UK,52.53173,-1.53220
CV11,Attleborough,UK,52.51297,-1.43737
CV12,Bulkington,UK,52.47807,-1.44760
CV13,Nailstone,UK,52.61619,-1.41473
CV2,Walsgrave on Sowe,UK,52.42453,-1.45917
CV21,Newbold on Avon,UK,52.38110,-1.27540
CV22,Hillmorton,UK,52.34900,-1.28380
CV23,Stretton under Fosse,UK,52.35095,-1.30389
CV3,Willenhall,UK,52.39113,-1.49153
CV31,Radford Semele,UK,52.27050,-1.52190
CV32,Royal Leamington Spa,UK,52.30333,-1.52317
CV33,Avon Dassett,UK,52.27073,-1.47161
CV34,Longbridge,UK,52.28345,-1.58235
CV35,Wellesbourne,UK,52.21832,-1.59782
CV36,Whichford,UK,52.06120,-1.61763
CV37,Clifford Chambers,UK,52.17774,-1.68969
CV4,Westwood Heath,UK,52.38330,-1.58330
CV47,Southam,UK,52.25270,-1.38840
CV5,Allesley,UK,52.42600,-1.57160
CV6,Radford,UK,52.44140,-1.49987
CV7,Corley,UK,52.44594,-1.54873
CV8,Ashow,UK,52.35924,-1.50649
CV9,Hurley,UK,52.59399,-1.56129
CW1,Crewe,UK,53.09252,-2.38900
CW10,Occlestone Green,UK,53.19300,-2.44400
CW11,Brookhouse Green,UK,53.13976,-2.38232
CW12,Congleton,UK,53.17224,-2.21737
CW2,Balterley,UK,53.06799,-2.41370
CW3,Woore,UK,53.00006,-2.40148
CW4,Blackden Heath,UK,53.21438,-2.34830
CW5,Rease Heath,UK,53.07506,-2.50149
CW6,Eaton,UK,53.15209,-2.67135
CW7,Hebden Green,UK,53.17719,-2.53340
CW8,Little Leigh,UK,53.25245,-2.58311
CW9,Antrobus,UK,53.26441,-2.50032
CW98,Crewe,UK,53.09790,-2.44160
DA1,London,UK,51.44770,0.19940
DA10,Northfleet,UK,51.44630,0.32550
DA11,Swanscombe,UK,51.43490,0.35130
DA12,Shorne Ridgeway,UK,51.41779,0.39151
DA13,Meopham Green,UK,51.37409,0.35622
DA14,London,UK,51.42247,0.11070
DA15,London,UK,51.44120,0.09830
DA16,London,UK,51.46250,0.10760
DA17,London,UK,51.49110,0.15140
DA18,London,UK,51.48310,0.17480
DA2,Lane End,UK,51.42953,0.23910
DA3,Longfield Hill,UK,51.38380,0.29418
DA4,Farningham,UK,51.38840,0.22812
DA5,London,UK,51.44060,0.14460
DA6,London,UK,51.46290,0.13940
DA7,London,UK,51.46290,0.13940
DA8,London,UK,51.48310,0.17480
DA9,Stone,UK,51.45030,0.27505
DD1,Dundee,UK,56.46100,-2.97660
DD10,Lochside,UK,56.75394,-2.41992
DD11,Salmond's Muir,UK,56.58151,-2.60219
DD2,Liff,UK,56.47778,-3.05895
DD3,Leoch,UK,56.53040,-3.06950
DD4,Burnside of Duntrune,UK,56.49055,-2.94078
DD5,Monifieth,UK,56.48409,-2.85487
DD6,Wormit,UK,56.43345,-2.94239
DD7,East Haven,UK,56.50305,-2.70545
DD8,Castleton,UK,56.61370,-2.97633
DD9,Arnhall,UK,56.83845,-2.66855
DE1,Derby,UK,52.92280,-1.47660
DE11,Woodville,UK,52.76980,-1.55388
DE12,Caldwell,UK,52.72048,-1.57620
DE13,Barton-under-Needwood,UK,52.80353,-1.71446
DE14,Burton upon Trent,UK,52.79530,-1.65465
DE15,Winshill,UK,52.80910,-1.59015
DE21,Coxbench,UK,52.95998,-1.43668
DE22,Quarndon,UK,52.95310,-1.52113
DE23,Littleover,UK,52.89450,-1.49505
DE24,Alvaston,UK,52.89067,-1.44227
DE3,Mickleover,UK,52.90490,-1.54280
DE4,Lea,UK,53.14372,-1.58564
DE45,Over Haddon,UK,53.21576,-1.67900
DE5,Cross Hill,UK,53.04383,-1.40100
DE55,Lane End,UK,53.11225,-1.38822
DE56,Alderwasley,UK,53.01503,-1.52279
DE6,Wetton,UK,52.98940,-1.71879
DE65,Church Broughton,UK,52.86838,-1.61028
DE7,Stanley Common,UK,52.96914,-1.36678
DE72,Breaston,UK,52.88866,-1.35675
DE73,Melbourne,UK,52.83515,-1.44648
DE74,Kegworth,UK,52.83498,-1.32005
DE75,Heanor,UK,53.01292,-1.34714
DE99,City of Derby,UK,52.91520,-1.46430
DG1,Carrutherstown,UK,55.07440,-3.54663
DG10,Beattock,UK,55.32031,-3.43993
DG11,Hollee,UK,55.09418,-3.29226
DG12,Cummertrees,UK,54.99040,-3.26523
DG13,Langholm,UK,55.19316,-3.06056
DG14,Chapelknowe,UK,55.07720,-2.99170
DG16,Springfield,UK,54.99607,-3.08007
DG2,Speddoch,UK,55.07590,-3.65398
DG3,Tynron,UK,55.24076,-3.72705
DG4,Kirkland,UK,55.37421,-3.94677
DG5,Rockcliffe,UK,54.89636,-3.78619
DG6,High Borgue,UK,54.83639,-4.04869
DG7,Knockgray,UK,54.98142,-3.97432
DG8,Creetown,UK,54.88025,-4.49538
DG9,Airies,UK,54.83567,-4.93645
DH1,Shincliffe,UK,54.77482,-1.56714
DH2,Edmondsley,UK,54.84594,-1.60605
DH3,Chester-le-Street,UK,54.86007,-1.56117
DH4,West Rainton,UK,54.85169,-1.49076
DH5,East Rainton,UK,54.81123,-1.44240
DH6,Cassop,UK,54.75197,-1.48421
DH7,Maiden Law,UK,54.78776,-1.68083
DH8,Whittonstall,UK,54.84848,-1.92957
DH9,Annfield Plain,UK,54.86743,-1.71160
DH97,Neville's Cross ED,UK,54.78600,-1.55660
DH98,Belmont,UK,54.84000,-1.56175
DH99,Belmont,UK,54.78600,-1.55660
DL1,Haughton Le Skerne,UK,54.55433,-1.52982
DL10,Scorton,UK,54.41477,-1.65493
DL11,Langthwaite,UK,54.43932,-1.87782
DL12,Brignall,UK,54.56016,-1.98373
DL13,St John's Chapel,UK,54.71196,-1.91018
DL14,Coundon,UK,54.65141,-1.70709
DL15,Billy Row,UK,54.70219,-1.73018
DL16,Kirk Merrington,UK,54.69168,-1.61778
DL17,Cornforth,UK,54.67000,-1.53453
DL2,Dalton-on-Tees,UK,54.53115,-1.62457
DL3,Mowden,UK,54.52430,-1.55040
DL4,Shildon,UK,54.63030,-1.62815
DL5,Redworth,UK,54.60560,-1.58780
DL6,High Entercommon,UK,54.38591,-1.36845
DL7,Thrintoft,UK,54.33132,-1.48802
DL8,Arrathorne,UK,54.28332,-1.84124
DL9,Scotton,UK,54.35755,-1.71500
DL98,Darlington,UK,54.52430,-1.55040
DN1,Doncaster,UK,53.52280,-1.13120
DN10,Misterton,UK,53.42369,-0.93641
DN11,Bircotes,UK,53.44367,-1.09479
DN12,Conisbrough,UK,53.48510,-1.24530
DN14,Ousefleet,UK,53.71216,-0.90268
DN15,Coleby,UK,53.63216,-0.64574
DN16,Bottesford,UK,53.55885,-0.64505
DN17,West Butterwick,UK,53.60302,-0.73897
DN18,Barton-upon-Humber,UK,53.66976,-0.48362
DN19,Barrow upon Humber,UK,53.68396,-0.35960
DN2,Doncaster,UK,53.53340,-1.10270
DN20,Wrawby,UK,53.57123,-0.49296
DN21,Kirton in Lindsey,UK,53.42314,-0.67083
DN22,Bothamsall,UK,53.31509,-0.90781
DN3,Kirk Sandall,UK,53.55260,-1.06223
DN31,West Marsh,UK,53.57020,-0.08800
DN32,Grimsby,UK,53.56540,-0.07550
DN33,Scartho,UK,53.53670,-0.09110
DN34,Grimsby,UK,53.55740,-0.11330
DN35,Cleethorpes,UK,53.56050,-0.03220
DN36,Grainsby,UK,53.48712,-0.02918
DN37,Barnoldby le Beck,UK,53.53472,-0.17694
DN38,Owmby,UK,53.55595,-0.38842
DN39,Wootton,UK,53.61312,-0.34794
DN4,Warmsworth,UK,53.49700,-1.18210
DN40,Habrough,UK,53.62772,-0.25718
DN41,Grimsby,UK,53.58170,-0.19570
DN5,Hooton Pagnell,UK,53.53578,-1.22907
DN55,Doncaster,UK,53.52280,-1.13120
DN6,Womersley,UK,53.61093,-1.16649
DN7,Fishlake,UK,53.59002,-1.02606
DN8,Sandtoft,UK,53.58750,-0.92100
DN9,Epworth,UK,53.51052,-0.88609
DT1,Dorchester,UK,50.71670,-2.43330
DT10,Fifehead Neville,UK,50.92401,-2.33144
DT11,Winterborne Whitechurch,UK,50.86009,-2.17940
DT2,Stratton,UK,50.76763,-2.45955
DT3,Chickerell,UK,50.64597,-2.47821
DT4,Melcombe Regis,UK,50.60802,-2.46138
DT5,Southwell,UK,50.54368,-2.44228
DT6,Burton Bradstock,UK,50.74445,-2.77674
DT7,Pinhay,UK,50.72640,-2.96298
DT8,Chedington,UK,50.82435,-2.75819
DT9,Beer Hackett,UK,50.93853,-2.51961
DY1,Dudley,UK,52.50000,-2.08330
DY10,Stone,UK,52.38480,-2.21279
DY11,Low Habberley,UK,52.37500,-2.24169
DY12,Kinlet,UK,52.39440,-2.34801
DY13,Areley Kings,UK,52.33356,-2.27963
DY14,Farlow,UK,52.37273,-2.40159
DY2,Netherton,UK,52.48330,-2.08330
DY3,Swindon,UK,52.52563,-2.15085
DY4,Tipton,UK,52.52960,-2.06770
DY5,Woodside,UK,52.49088,-2.11902
DY6,Wall Heath,UK,52.49760,-2.16890
DY7,Halfpenny Green,UK,52.47943,-2.24313
DY8,Amblecote,UK,52.46217,-2.15605
DY9,Clent,UK,52.40855,-2.12438
E1,London,UK,51.51303,-0.06177
E10,London,UK,51.55960,-0.00780
E11,London,UK,51.57657,0.01717
E12,London,UK,51.55080,0.05280
E13,London,UK,51.52933,0.01827
E14,London,UK,51.50564,-0.01876
E15,London,UK,51.53330,0.00000
E16,London,UK,51.50108,0.04420
E17,London,UK,51.58758,-0.02048
E18,London,UK,51.59230,0.02250
E1W,London,UK,51.50940,-0.05900
E2,London,UK,51.53860,-0.05552
E20,London,UK,51.54680,-0.00960
E3,London,UK,51.52766,-0.02657
E4,London,UK,51.63030,0.00050
E5,London,UK,51.55992,-0.05452
E6,London,UK,51.52647,0.04932
E7,London,UK,51.54810,0.02647
E77,London,UK,51.51390,-0.06910
E8,London,UK,51.54800,-0.06290
E9,London,UK,51.53940,-0.04140
E98,London,UK,51.50820,-0.06430
EC1,London,UK,51.52321,-0.10552
EC1A,London,UK,51.50850,-0.12570
EC1M,London,UK,51.50850,-0.12570
EC1N,London,UK,51.50850,-0.12570
EC1P,London,UK,51.53620,-0.10300
EC1R,London,UK,51.50850,-0.12570
EC1V,London,UK,51.52650,-0.09860
EC1Y,London,UK,51.52320,-0.09330
EC2,London,UK,51.52250,-0.08570
EC2A,London,UK,51.52370,-0.08770
EC2M,London,UK,51.51910,-0.08820
EC2N,London,UK,51.51630,-0.08750
EC2P,London,UK,51.50850,-0.12570
EC2R,London,UK,51.51670,-0.09280
EC2V,London,UK,51.51610,-0.09490
EC2Y,London,UK,51.51980,-0.09480
EC3,London,UK,51.50850,-0.12570
EC3A,London,UK,51.51540,-0.08280
EC3M,London,UK,51.51290,-0.08410
EC3N,London,UK,51.51300,-0.08000
EC3P,London,UK,51.50850,-0.12570
EC3R,London,UK,51.51140,-0.08550
EC3V,London,UK,51.51360,-0.08730
EC4,London,UK,51.51250,-0.12250
EC4A,London,UK,51.50850,-0.12570
EC4M,London,UK,51.50850,-0.12570
EC4N,London,UK,51.51440,-0.09410
EC4P,London,UK,51.53620,-0.10300
EC4R,London,UK,51.51150,-0.09120
EC4V,London,UK,51.50850,-0.12570
EC4Y,London,UK,51.50850,-0.12570
EC50,London,UK,51.53620,-0.10300
EH1,Edinburgh,UK,55.95210,-3.19650
EH10,Hillend,UK,55.91467,-3.20463
EH11,Edinburgh,UK,55.93260,-3.25310
EH12,Edinburgh,UK,55.94290,-3.28500
EH13,Colinton,UK,55.90740,-3.25610
EH14,Balerno,UK,55.89473,-3.31102
EH15,Duddingston,UK,55.94803,-3.11207
EH16,Liberton,UK,55.92250,-3.15113
EH17,Kaimes,UK,55.90840,-3.12800
EH18,Polton,UK,55.87080,-3.12640
EH19,Bonnyrigg,UK,55.87330,-3.10510
EH2,Edinburgh,UK,55.95210,-3.19650
EH20,Loanhead,UK,55.87900,-3.15790
EH21,Musselburgh,UK,55.94170,-3.04990
EH22,Old Craighall,UK,55.90278,-3.07817
EH23,Arniston Engine,UK,55.82431,-3.05090
EH24,Rosewell,UK,55.85070,-3.13630
EH25,Bilston,UK,55.86390,-3.17355
EH26,Milton Bridge,UK,55.82387,-3.24137
EH27,Kirknewton,UK,55.88750,-3.41900
EH28,Ratho Station,UK,55.92747,-3.39013
EH29,Kirkliston,UK,55.95360,-3.40290
EH3,Edinburgh,UK,55.95210,-3.19650
EH30,Abercorn,UK,55.98490,-3.38663
EH31,Gullane,UK,56.03540,-2.82950
EH32,Prestonpans,UK,55.97811,-2.91936
EH33,New Winton,UK,55.94500,-2.90840
EH34,Peastonbank,UK,55.90526,-2.88478
EH35,Ormiston,UK,55.91300,-2.93980
EH36,Humbie,UK,55.85470,-2.86540
EH37,Crichton,UK,55.85197,-2.93708
EH38,Heriot,UK,55.78440,-2.95945
EH39,North Berwick,UK,56.02770,-2.73340
EH4,Cramond,UK,55.96513,-3.27090
EH40,East Linton,UK,55.98865,-2.65885
EH41,Samuelston,UK,55.92442,-2.74208
EH42,Spott,UK,55.97228,-2.56169
EH43,Walkerburn,UK,55.62330,-3.01470
EH44,Innerleithen,UK,55.61020,-3.06340
EH45,Peebles,UK,55.65579,-3.20239
EH46,Leadburn,UK,55.73990,-3.33380
EH47,Blackburn,UK,55.85647,-3.66909
EH48,Westrigg,UK,55.91306,-3.67463
EH49,Champany,UK,55.97622,-3.59171
EH5,Edinburgh,UK,55.97570,-3.22170
EH51,Bo'ness,UK,56.01670,-3.61670
EH52,Broxburn,UK,55.93580,-3.48826
EH53,Oakbank,UK,55.89757,-3.47903
EH54,Livingston,UK,55.90290,-3.52260
EH55,Woolfords Cottages,UK,55.82530,-3.57620
EH6,Leith,UK,55.96170,-3.18440
EH7,Edinburgh,UK,55.95210,-3.19650
EH8,Edinburgh,UK,55.94890,-3.16320
EH9,Edinburgh,UK,55.95210,-3.19650
EH91,City of Edinburgh,UK,55.92720,-3.29070
EH95,City of Edinburgh,UK,55.97860,-3.25350
EH99,City of Edinburgh,UK,55.95210,-3.19650
EN1,London,UK,51.65150,-0.08500
EN10,Turnford,UK,51.73977,-0.02170
EN11,Hailey,UK,51.76443,-0.00967
EN2,London,UK,51.65150,-0.08500
EN3,London,UK,51.64450,-0.04650
EN4,London,UK,51.65058,-0.15800
EN5,London,UK,51.65198,-0.19432
EN6,Potters Bar,UK,51.69798,-0.18310
EN7,Flamstead End,UK,51.71190,-0.06890
EN8,Waltham Cross,UK,51.69850,-0.03535
EN9,Bumble's Green,UK,51.70588,0.02967
EX1,Whipton,UK,50.74010,-3.46700
EX10,Salcombe Regis,UK,50.70002,-3.25889
EX11,Ottery St Mary,UK,50.74330,-3.28912
EX12,Axmouth,UK,50.70397,-3.08723
EX13,Chardstock,UK,50.77350,-3.02699
EX14,Cotleigh,UK,50.82076,-3.19418
EX15,Ashill,UK,50.89157,-3.31098
EX16,Bickleigh,UK,50.93113,-3.54374
EX17,Kennerleigh,UK,50.82146,-3.71385
EX18,Ashley,UK,50.90115,-3.88804
EX19,Dolton,UK,50.88404,-4.01916
EX2,Exeter,UK,50.70542,-3.52953
EX20,Okehampton,UK,50.75171,-4.04572
EX21,Beaworthy,UK,50.79043,-4.20806
EX22,Abbots Bickington,UK,50.83056,-4.34811
EX23,Launcells,UK,50.81068,-4.49379
EX24,Colyton,UK,50.74040,-3.08920
EX3,Topsham,UK,50.68540,-3.46115
EX31,Arlington,UK,51.10912,-4.00852
EX32,Newport,UK,51.07364,-3.97823
EX33,Braunton,UK,51.11872,-4.18298
EX34,Berrynarbor,UK,51.19355,-4.12099
EX35,Brendon,UK,51.22418,-3.81773
EX36,South Molton,UK,51.00859,-3.75710
EX37,Langridgeford,UK,50.97867,-3.95153
EX38,Peters Marland,UK,50.93110,-4.16892
EX39,Weare Giffard,UK,50.99406,-4.26196
EX4,Exwick,UK,50.73776,-3.52970
EX5,Sowton,UK,50.77391,-3.44315
EX6,Cheriton Cross,UK,50.69242,-3.59372
EX7,Holcombe,UK,50.58693,-3.48172
EX8,Lympstone,UK,50.63103,-3.40948
EX9,East Budleigh,UK,50.64750,-3.31310
FK1,Shieldhill,UK,55.96849,-3.79648
FK10,Alloa,UK,56.10688,-3.75340
FK11,Menstrie,UK,56.15140,-3.85470
FK12,Alva,UK,56.15280,-3.80500
FK13,Tillicoultry,UK,56.15250,-3.74020
FK14,Pool of Muckhart,UK,56.18320,-3.62609
FK15,Dunblane,UK,56.23001,-3.91851
FK16,Burn of Cambus,UK,56.18990,-4.05290
FK17,Doune,UK,56.24022,-4.21991
FK18,Runacraig,UK,56.32470,-4.32904
FK19,Ardveich,UK,56.33963,-4.39476
FK2,Polmont,UK,56.01717,-3.75547
FK20,Crianlarich,UK,56.40655,-4.64296
FK21,Achmore,UK,56.46798,-4.30581
FK3,Grangemouth,UK,56.01140,-3.72180
FK4,Dennyloanhead,UK,55.99558,-3.91310
FK5,Glenbervie,UK,56.02580,-3.82353
FK6,Dunipace,UK,56.02528,-3.91140
FK7,South Alloa,UK,56.08611,-3.91089
FK8,Aberfoyle,UK,56.12893,-4.22891
FK9,Blairlogie,UK,56.14369,-3.93150
FY0,Saint Anne's on the Sea,UK,53.75000,-3.01670
FY1,Blackpool,UK,53.81670,-3.05000
FY2,Bispham,UK,53.85250,-3.03630
FY3,Staining,UK,53.81190,-3.02260
FY4,Common Edge,UK,53.79110,-3.02910
FY5,Trunnah,UK,53.87267,-3.02952
FY6,Poulton-le-Fylde,UK,53.86723,-2.97395
FY7,Fleetwood,UK,53.92530,-3.01090
FY8,St Anne's,UK,53.74350,-2.98980
G1,Glasgow,UK,55.86510,-4.25760
G11,Partick,UK,55.87080,-4.30570
G12,Glasgow,UK,55.88040,-4.30070
G13,Glasgow,UK,55.89350,-4.34800
G14,Yoker,UK,55.88050,-4.35090
G15,Drumchapel,UK,55.91020,-4.37330
G2,Glasgow,UK,55.86510,-4.25760
G20,Maryhill,UK,55.89060,-4.29040
G21,Springburn,UK,55.89020,-4.23320
G22,Glasgow,UK,55.86510,-4.25760
G23,Glasgow,UK,55.90250,-4.28510
G3,Glasgow,UK,55.86510,-4.25760
G31,Glasgow,UK,55.85700,-4.20900
G32,Carmyle,UK,55.85000,-4.18330
G33,Stepps,UK,55.88900,-4.15210
G34,Glasgow,UK,55.86810,-4.11140
G4,Glasgow,UK,55.86510,-4.25760
G40,Glasgow,UK,55.84850,-4.22350
G41,Glasgow,UK,55.83760,-4.28430
G42,Glasgow,UK,55.83220,-4.25760
G43,Pollokshaws,UK,55.82420,-4.29620
G44,Glasgow,UK,55.81430,-4.25610
G45,Castlemilk,UK,55.80500,-4.23270
G46,Giffnock,UK,55.80370,-4.29490
G5,Glasgow,UK,55.86510,-4.25760
G51,Govan,UK,55.86330,-4.31240
G52,Glasgow,UK,55.84790,-4.35030
G53,Nitshill,UK,55.81410,-4.36060
G58,Glasgow City,UK,55.85190,-4.29710
G60,Old Kilpatrick,UK,55.92670,-4.47085
G61,Bearsden,UK,55.91540,-4.33280
G62,Milngavie,UK,55.94070,-4.32310
G63,Craigton,UK,56.03654,-4.35001
G64,Bishopbriggs,UK,55.91015,-4.21788
G65,Twechar,UK,55.97357,-4.05812
G66,Lenzie,UK,55.94035,-4.15418
G67,Luggiebank,UK,55.94680,-3.99050
G68,Castlecary,UK,55.95783,-4.01387
G69,Moodiesburn,UK,55.90105,-4.09460
G70,North Lanarkshire,UK,55.94960,-3.98850
G71,Viewpark,UK,55.81120,-4.07600
G72,Calderglen,UK,55.80098,-4.12986
G73,Rutherglen,UK,55.82890,-4.21380
G74,Nerston,UK,55.76583,-4.17003
G75,Auldhouse,UK,55.75110,-4.19770
G76,Eaglesham,UK,55.77547,-4.26837
G77,Mearns,UK,55.77330,-4.33340
G78,Hall,UK,55.77522,-4.46122
G79,South Lanarkshire,UK,55.77100,-4.22310
G81,Clydebank,UK,55.91568,-4.40918
G82,Ardmore,UK,55.95480,-4.58152
G83,Edentaggart,UK,56.03989,-4.60066
G84,Ardpeaton,UK,56.06313,-4.78592
G9,Glasgow City,UK,55.86670,-4.25000
G90,Glasgow City,UK,55.86670,-4.25000
GL1,Gloucester,UK,51.86570,-2.24310
GL10,Nympsfield,UK,51.74016,-2.29197
GL11,Dursley,UK,51.68969,-2.35414
GL12,Wotton-under-Edge,UK,51.62173,-2.39471
GL13,Newport,UK,51.68483,-2.46872
GL14,Cinderford,UK,51.81538,-2.46786
GL15,The Eaves,UK,51.73502,-2.55902
GL16,Broadwell,UK,51.79531,-2.61565
GL17,Lower Lydbrook,UK,51.85708,-2.50398
GL18,Botloe's Green,UK,51.94479,-2.41667
GL19,Eldersfield,UK,51.94325,-2.25906
GL2,Arlingham,UK,51.85873,-2.27771
GL20,Bredon's Hardwick,UK,52.01830,-2.09431
GL3,Brockworth,UK,51.85200,-2.16258
GL4,Whaddon,UK,51.82706,-2.18781
GL5,Stroud,UK,51.73660,-2.21976
GL50,Cheltenham,UK,51.90000,-2.08330
GL51,Bentham,UK,51.90278,-2.12395
GL52,Bishop's Cleeve,UK,51.93145,-2.06022
GL53,Coberley,UK,51.81920,-2.05427
GL54,Great Rissington,UK,51.88725,-1.86092
GL55,Chipping Campden,UK,52.05808,-1.77496
GL56,Barton-on-the-Heath,UK,51.98522,-1.69868
GL6,Chalford,UK,51.73854,-2.19290
GL7,Down Ampney,UK,51.71670,-1.88065
GL8,Ashley,UK,51.64567,-2.18855
GL9,Hawkesbury,UK,51.55853,-2.29554
GU1,Guildford,UK,51.24703,-0.55000
GU10,The Sands,UK,51.19784,-0.78943
GU11,Farnborough,UK,51.24840,-0.76300
GU12,Aldershot,UK,51.25775,-0.72562
GU13,Church Crookham,UK,51.28330,-0.83330
GU14,Farnborough Green,UK,51.29550,-0.79080
GU15,Camberley,UK,51.33700,-0.74260
GU16,Deepcut,UK,51.29827,-0.71955
GU17,Blackwater,UK,51.32398,-0.77210
GU18,Lightwater,UK,51.34850,-0.67150
GU19,Bagshot,UK,51.36070,-0.68800
GU2,Onslow Village,UK,51.24385,-0.59775
GU20,Windlesham,UK,51.36510,-0.65480
GU21,St John's,UK,51.32240,-0.59237
GU22,Woking,UK,51.31570,-0.53500
GU23,Ockham,UK,51.30242,-0.48888
GU24,Chobham,UK,51.32350,-0.63177
GU25,Virginia Water,UK,51.40340,-0.56650
GU26,Beacon Hill,UK,51.11380,-0.73350
GU27,Shottermill,UK,51.07171,-0.72636
GU28,Barlavington,UK,50.98240,-0.64313
GU29,Robins,UK,50.97672,-0.75511
GU3,Wanborough,UK,51.24201,-0.64842
GU30,Bramshott,UK,51.07720,-0.80320
GU31,Nursted,UK,50.98630,-0.87712
GU32,Stoner Hill,UK,51.00937,-0.97933
GU33,Rake,UK,51.05425,-0.89538
GU34,Beech,UK,51.13412,-0.98631
GU35,Bordon,UK,51.12429,-0.84250
GU4,Blackheath,UK,51.22979,-0.52236
GU46,Yateley,UK,51.34300,-0.82980
GU47,Sandhurst,UK,51.34680,-0.78660
GU5,Shere,UK,51.20391,-0.50260
GU51,Fleet,UK,51.28330,-0.83330
GU52,Fleet,UK,51.28330,-0.83330
GU6,Alfold Crossways,UK,51.13030,-0.48100
GU7,Hurtmore,UK,51.18460,-0.61730
GU8,Wormley,UK,51.16574,-0.65637
GU9,The Bourne,UK,51.20989,-0.79731
GU95,Surrey Heath,UK,51.32630,-0.76310
GY1,St Peter Port,UK,49.45980,-2.53530
GY10,Sark,UK,49.43330,-2.35620
GY2,St Sampsons,UK,49.48380,-2.54290
GY3,Vale,UK,49.48190,-2.53770
GY4,St Martin,UK,49.43710,-2.55480
GY5,Castel,UK,49.46760,-2.60020
GY6,Vale,UK,49.46885,-2.54625
GY7,Saint Pierre du Bois,UK,49.45125,-2.63970
GY8,Forest,UK,49.42955,-2.62095
GY9,Alderney,UK,49.71360,-2.19960
HA0,London,UK,51.55380,-0.31023
HA1,London,UK,51.57740,-0.33615
HA2,London,UK,51.59148,-0.35392
HA3,London,UK,51.59937,-0.33073
HA4,London,UK,51.57340,-0.42340
HA5,London,UK,51.59273,-0.38443
HA6,London,UK,51.61160,-0.42303
HA7,London,UK,51.61670,-0.31670
HA8,London,UK,51.60745,-0.27090
HA9,London,UK,51.55310,-0.30230
HD1,Huddersfield,UK,53.64900,-1.78420
HD2,Huddersfield,UK,53.64900,-1.78420
HD3,Outlane,UK,53.65382,-1.84502
HD4,Almondbury,UK,53.62390,-1.74850
HD5,Kirkheaton,UK,53.65720,-1.72860
HD6,Brighouse,UK,53.70320,-1.78430
HD7,Slaithwaite,UK,53.62085,-1.87583
HD8,Denby Dale,UK,53.59509,-1.66512
HD9,Holmfirth,UK,53.56970,-1.78780
HG1,Bilton,UK,53.99700,-1.53577
HG2,Harrogate,UK,53.99080,-1.53730
HG3,West End,UK,54.04693,-1.63343
HG4,Swinton,UK,54.17376,-1.60560
HG5,Arkendale,UK,54.02321,-1.44800
HP1,Boxmoor,UK,51.76236,-0.49158
HP10,Wooburn,UK,51.59593,-0.68741
HP11,Wycombe Marsh,UK,51.62420,-0.74530
HP12,Booker,UK,51.61430,-0.79440
HP13,Downley,UK,51.63740,-0.76260
HP14,Ibstone,UK,51.64750,-0.85027
HP15,Great Kingshill,UK,51.65726,-0.71096
HP16,The Lee,UK,51.70921,-0.71897
HP17,Aston Sandford,UK,51.77266,-0.87367
HP18,Upper Winchendon,UK,51.81699,-1.00205
HP19,Aylesbury,UK,51.81670,-0.81460
HP2,Gaddesden Row,UK,51.76390,-0.45310
HP20,Aylesbury,UK,51.81670,-0.81460
HP21,Walton,UK,51.80580,-0.80600
HP22,Buckland,UK,51.83288,-0.78665
HP23,Marsworth,UK,51.79858,-0.66160
HP27,Monks Risborough,UK,51.71848,-0.84094
HP3,Hemel Hempstead,UK,51.73197,-0.48950
HP4,Berkhamsted,UK,51.77412,-0.56985
HP5,Bellingdon,UK,51.71185,-0.60319
HP6,Chesham Bois,UK,51.68210,-0.60265
HP7,Little Missenden,UK,51.66548,-0.61732
HP8,Chalfont St Giles,UK,51.63180,-0.57030
HP9,Holtspur,UK,51.61503,-0.61508
HR1,Weston Beggard,UK,52.08174,-2.61299
HR2,Michaelchurch,UK,51.98334,-2.79654
HR3,Hardwicke,UK,52.08754,-3.04927
HR4,Byford,UK,52.10107,-2.80002
HR5,Eywood,UK,52.19377,-3.05004
HR6,Lower Lye,UK,52.21560,-2.67857
HR7,Bromyard Downs,UK,52.19132,-2.54078
HR8,Little Marcle,UK,52.04965,-2.45497
HR9,Brampton Abbotts,UK,51.90822,-2.56752
HS1,Newmarket,UK,58.21167,-6.38268
HS2,Pabail Iarach,UK,58.22364,-6.40218
HS3,Abhainnsuidhe,UK,57.87810,-6.84710
HS4,Kennavay,UK,57.87080,-6.69640
HS5,Strannda,UK,57.76570,-7.01150
HS6,Baile Raghaill,UK,57.60573,-7.30029
HS7,Griminis,UK,57.44650,-7.34010
HS8,Baghasdal,UK,57.27500,-7.34170
HS9,Castlebay,UK,56.97055,-7.47429
HU1,Kingston upon Hull,UK,53.74460,-0.33530
HU10,Anlaby,UK,53.75540,-0.44617
HU11,Withernwick,UK,53.83033,-0.20684
HU12,Burstwick,UK,53.71602,-0.09559
HU13,Hessle,UK,53.72450,-0.43840
HU14,North Ferriby,UK,53.72927,-0.49843
HU15,Gilberdyke,UK,53.75398,-0.65009
HU16,Skidby,UK,53.78490,-0.43837
HU17,Arram,UK,53.86293,-0.43018
HU18,Rolston,UK,53.89363,-0.15233
HU19,Withernsea,UK,53.71047,0.04558
HU2,Hull,UK,53.74460,-0.33530
HU20,Rowley,UK,53.79020,-0.50680
HU3,Hull,UK,53.74460,-0.33530
HU4,Hull,UK,53.74460,-0.33530
HU5,Hull,UK,53.76030,-0.37580
HU6,Dunswell,UK,53.80110,-0.37140
HU7,Wawne,UK,53.79850,-0.32670
HU8,Hull,UK,53.76930,-0.29980
HU9,Marfleet,UK,53.74950,-0.27260
HX1,Halifax,UK,53.71670,-1.85000
HX2,Wainstalls,UK,53.71870,-1.94580
HX3,Shelf,UK,53.72608,-1.84160
HX4,Barkisland,UK,53.67798,-1.89230
HX5,Elland,UK,53.68510,-1.83880
HX6,Triangle,UK,53.68140,-1.93349
HX7,Cragg,UK,53.73411,-2.02002
IG1,London,UK,51.55760,0.07280
IG10,Loughton,UK,51.64600,0.05380
IG11,London,UK,51.53330,0.08330
IG2,London,UK,51.57590,0.08150
IG3,London,UK,51.56400,0.09630
IG4,London,UK,51.57960,0.05160
IG5,London,UK,51.59050,0.06370
IG6,London,UK,51.59805,0.09435
IG7,Grange Hill,UK,51.61590,0.08103
IG8,London,UK,51.60470,0.02000
IG9,Buckhurst Hill,UK,51.62410,0.03260
IM1,Douglas,UK,54.15000,-4.48330
IM2,Douglas,UK,54.15000,-4.48330
IM3,Onchan,UK,54.17330,-4.45320
IM4,Union Mills,UK,54.21202,-4.71289
IM5,Knockaloe Moar,UK,54.19849,-4.70480
IM6,Orrisdale,UK,54.17980,-4.56590
IM7,Churchtown,UK,54.25514,-4.31991
IM8,Ramsey,UK,54.32270,-4.38530
IM9,The Howe,UK,54.08400,-4.69428
IP1,Whitton,UK,52.07127,1.14440
IP10,Trimley St Mary,UK,52.01816,1.27780
IP11,Walton,UK,51.96523,1.35057
IP12,Eyke,UK,52.08110,1.39921
IP13,Dennington,UK,52.18400,1.31701
IP14,Old Newton,UK,52.22075,1.06530
IP15,Aldeburgh,UK,52.15260,1.60120
IP16,Coldfair Green,UK,52.20417,1.59104
IP17,Knodishall,UK,52.23405,1.50819
IP18,Reydon,UK,52.33237,1.67153
IP19,Blyford,UK,52.33588,1.48858
IP2,Chantry,UK,52.04520,1.12470
IP20,Metfield,UK,52.40635,1.32664
IP21,North Green,UK,52.35750,1.22720
IP22,Botesdale,UK,52.37849,1.01118
IP23,Mellis,UK,52.30194,1.12957
IP24,Euston,UK,52.41756,0.77555
IP25,Watton,UK,52.59483,0.83625
IP26,West Tofts,UK,52.52006,0.62716
IP27,Town Street,UK,52.43953,0.59873
IP28,Kennyhill,UK,52.31059,0.57752
IP29,Barrow,UK,52.18828,0.65751
IP3,Ipswich,UK,52.04170,1.18660
IP30,Tostock,UK,52.20718,0.82819
IP31,Honington,UK,52.29954,0.83732
IP32,Bury St. Edmunds,UK,52.24630,0.71110
IP33,Bury St Edmunds,UK,52.24815,0.68890
IP4,Ipswich,UK,52.05920,1.15550
IP5,Martlesham Heath,UK,52.06417,1.22463
IP6,Witnesham,UK,52.13068,1.13320
IP7,Aldham,UK,52.07877,0.92726
IP8,Flowton,UK,52.07269,1.05960
IP9,Chelmondiston,UK,51.98622,1.16571
IP98,Diss,UK,52.37680,1.10910
IV1,Westhill,UK,57.48360,-4.23304
IV10,Balmungie,UK,57.58620,-4.12390
IV11,Muirton,UK,57.67757,-4.03839
IV12,Milton,UK,57.50361,-3.88262
IV13,Balvraid,UK,57.33879,-4.01636
IV14,Auchterneed,UK,57.58059,-4.54694
IV15,Mountgerald,UK,57.59767,-4.45830
IV16,Redburn,UK,57.65815,-4.34517
IV17,Achandunie,UK,57.72641,-4.30170
IV18,Kildary,UK,57.70278,-4.15300
IV19,Ardmore,UK,57.79531,-4.05807
IV2,Culcabock,UK,57.47910,-4.22400
IV20,Rockfield,UK,57.76553,-3.85588
IV21,Shieldaig,UK,57.72530,-5.74349
IV22,Poolewe,UK,57.73561,-5.54990
IV23,Badrallach,UK,57.76513,-5.05825
IV24,Kyloag,UK,57.88527,-4.36474
IV25,Fourpenny,UK,57.88944,-4.06391
IV26,Rhue,UK,57.98301,-5.29086
IV27,Clachtoll,UK,58.23050,-4.87040
IV28,West Langwell,UK,58.01358,-4.15755
IV3,Balbeg,UK,57.47257,-4.25459
IV30,Elgin,UK,57.65520,-3.33472
IV31,Stotfield,UK,57.71270,-3.27780
IV32,Boat o' Brig,UK,57.63625,-3.11385
IV36,Findhorn,UK,57.61094,-3.60213
IV4,Beauly,UK,57.41755,-4.60245
IV40,Inverinate,UK,57.24136,-5.59737
IV41,Kyleakin,UK,57.27070,-5.74090
IV42,Breakish,UK,57.23900,-5.85430
IV43,Duisdealmor,UK,57.17410,-5.84100
IV44,Kilmore,UK,57.10660,-5.86820
IV45,Calligarry,UK,57.04713,-5.91980
IV46,Ord,UK,57.11772,-5.98048
IV47,Drynoch,UK,57.28797,-6.35217
IV48,Sconser,UK,57.31340,-6.11150
IV49,Broadford,UK,57.21043,-6.00542
IV5,Drumchardine,UK,57.47660,-4.41320
IV51,Borve,UK,57.51906,-6.31615
IV52,Plockton,UK,57.33760,-5.65130
IV53,Stromeferry,UK,57.34285,-5.55940
IV54,Milton,UK,57.45499,-5.63848
IV55,Balmore,UK,57.46155,-6.62264
IV56,Bracadale,UK,57.36430,-6.39668
IV6,Balvaird,UK,57.51320,-4.42549
IV63,Drumnadrochit,UK,57.30530,-4.53190
IV7,Conon Bridge,UK,57.59235,-4.36392
IV8,Belmaduthy,UK,57.55040,-4.26644
IV9,Avoch,UK,57.56895,-4.17760
IV99,Highland,UK,57.48130,-4.22400
JE1,St Helier,UK,49.18800,-2.10490
JE2,St Helier,UK,49.18800,-2.10490
JE3,St Lawrence,UK,49.21580,-2.14140
JE4,Jersey,UK,49.21670,-2.11670
KA1,Crookedholm,UK,55.56470,-4.50461
KA10,Troon,UK,55.54900,-4.64810
KA11,Springside,UK,55.61312,-4.61773
KA12,Irvine,UK,55.61940,-4.65510
KA13,Kilwinning,UK,55.65330,-4.70670
KA14,Glengarnock,UK,55.73930,-4.67760
KA15,Woodside,UK,55.73868,-4.61332
KA16,Greenholm,UK,55.60750,-4.32420
KA17,Darvel,UK,55.60980,-4.28140
KA18,New Cumnock,UK,55.45913,-4.21766
KA19,Dalvennan,UK,55.32431,-4.64940
KA2,Crosshouse,UK,55.58962,-4.56710
KA20,Stevenston,UK,55.63970,-4.75340
KA21,Saltcoats,UK,55.63620,-4.78590
KA22,Ardrossan,UK,55.65020,-4.80660
KA23,West Kilbride,UK,55.68860,-4.86296
KA24,The Den,UK,55.70960,-4.71673
KA25,Kilbirnie,UK,55.75080,-4.68790
KA26,Balkissock,UK,55.17715,-4.84096
KA27,Lamlash,UK,55.56021,-5.21534
KA28,Millport,UK,55.75350,-4.92560
KA29,Fairlie,UK,55.75600,-4.85560
KA3,Kilmarnock,UK,55.64551,-4.50276
KA30,Routenburn,UK,55.79630,-4.86340
KA4,Moscow,UK,55.60090,-4.38170
KA5,Nethershield,UK,55.49810,-4.40462
KA6,Loch Head,UK,55.40893,-4.50213
KA7,Lagg,UK,55.43328,-4.67560
KA8,Whitletts,UK,55.47180,-4.61240
KA9,St Quivox,UK,55.49447,-4.60688
KT1,London,UK,51.41260,-0.29740
KT10,Esher,UK,51.36696,-0.35434
KT11,Martyr's Green,UK,51.32017,-0.40150
KT12,Whiteley Village,UK,51.37650,-0.41110
KT13,Weybridge,UK,51.37220,-0.45300
KT14,Byfleet,UK,51.33915,-0.48370
KT15,Woodham,UK,51.36555,-0.49538
KT16,Ottershaw,UK,51.37608,-0.54150
KT17,Epsom,UK,51.34000,-0.25975
KT18,Headley,UK,51.27880,-0.27630
KT19,Epsom,UK,51.33050,-0.27010
KT2,London,UK,51.41860,-0.29040
KT20,Tadworth,UK,51.28947,-0.23182
KT21,Ashtead,UK,51.30870,-0.29970
KT22,Leatherhead,UK,51.31423,-0.34367
KT23,Great Bookham,UK,51.28367,-0.37220
KT24,East Horsley,UK,51.26847,-0.42847
KT3,London,UK,51.39920,-0.25560
KT4,London,UK,51.38995,-0.24720
KT5,London,UK,51.39150,-0.29820
KT6,London,UK,51.38595,-0.28980
KT7,Thames Ditton,UK,51.38960,-0.33930
KT8,East Molesey,UK,51.39925,-0.36460
KT9,London,UK,51.36520,-0.30540
KW1,Lynegar,UK,58.47427,-3.24281
KW10,Golspie,UK,57.97437,-3.98247
KW11,Rhifail,UK,58.32255,-4.12266
KW12,Clayock,UK,58.43085,-3.57492
KW13,Forsinain,UK,58.45636,-3.89575
KW14,Fresgoe,UK,58.58519,-3.60030
KW15,Kirkwall,UK,58.97398,-2.96880
KW16,Rinnigill,UK,58.95387,-3.27234
KW17,Balfour,UK,59.28169,-2.64091
KW2,Ulbster,UK,58.35210,-3.16173
KW3,Swiney,UK,58.31162,-3.27178
KW5,Stemster,UK,58.28672,-3.38150
KW6,Knockally,UK,58.24993,-3.45532
KW7,Badbea,UK,58.18500,-3.50538
KW8,Marrel,UK,58.11303,-3.66828
KW9,Achrimsdale,UK,58.02991,-3.90090
KY1,Kirkcaldy,UK,56.13450,-3.12141
KY10,Grangemuir,UK,56.23049,-2.70375
KY11,Charlestown,UK,56.03764,-3.42259
KY12,Oakley,UK,56.08709,-3.53924
KY13,Burnside,UK,56.20541,-3.46531
KY14,Strathmiglo,UK,56.30910,-3.23731
KY15,Peat Inn,UK,56.33469,-3.06777
KY16,Strathkinness,UK,56.34000,-2.81631
KY2,Cluny,UK,56.11667,-3.20970
KY3,Dunearn,UK,56.05788,-3.21864
KY4,Lumphinnans,UK,56.10405,-3.36373
KY5,Cardenden,UK,56.14931,-3.28587
KY6,Auchmuirbridge,UK,56.20000,-3.21670
KY7,Glenrothes,UK,56.19679,-3.13580
KY8,Backmuir of New Gilston,UK,56.20957,-2.98033
KY9,Colinsburgh,UK,56.21640,-2.83578
KY99,Fife,UK,56.05480,-3.43770
L1,Liverpool,UK,53.41060,-2.97790
L10,Aintree,UK,53.47540,-2.95200
L11,Liverpool,UK,53.44810,-2.91550
L12,West Derby,UK,53.43280,-2.90960
L13,Liverpool,UK,53.41790,-2.92060
L14,Knotty Ash,UK,53.41620,-2.89650
L15,Liverpool,UK,53.39750,-2.92060
L16,Childwall,UK,53.39720,-2.89700
L17,Aigburth,UK,53.36530,-2.91780
L18,Allerton,UK,53.38050,-2.90860
L19,Garston,UK,53.33330,-2.90000
L2,Liverpool,UK,53.41060,-2.97790
L20,Bootle,UK,53.46670,-3.01670
L21,Litherland,UK,53.46990,-2.99810
L22,Waterloo,UK,53.46670,-3.01670
L23,Thornton,UK,53.48942,-3.02137
L24,Speke,UK,53.34070,-2.84100
L25,Hunt's Cross,UK,53.37400,-2.87000
L26,Halewood,UK,53.35960,-2.83150
L27,Liverpool,UK,53.38770,-2.83830
L28,Liverpool,UK,53.43550,-2.86580
L29,Lunt,UK,53.50410,-2.97200
L3,Liverpool,UK,53.41060,-2.97790
L30,Ford,UK,53.48185,-2.96750
L31,Melling Mount,UK,53.51752,-2.94293
L32,Kirkby,UK,53.48330,-2.90000
L33,Liverpool,UK,53.48980,-2.87640
L34,Knowsley,UK,53.44175,-2.82715
L35,Whiston,UK,53.41183,-2.76833
L36,Roby,UK,53.41030,-2.84805
L37,Great Altcar,UK,53.55150,-3.04263
L38,Hightown,UK,53.52050,-3.03865
L39,Barrow Nook,UK,53.55560,-2.90941
L4,Liverpool,UK,53.43780,-2.96110
L40,Scaris-brick,UK,53.60540,-2.81699
L5,Liverpool,UK,53.41060,-2.97790
L6,Liverpool,UK,53.41060,-2.97790
L67,Liverpool,UK,53.41060,-2.97790
L68,Sefton,UK,53.47310,-2.96070
L69,Non-geographic,UK,53.40690,-2.97460
L7,Liverpool,UK,53.41060,-2.97790
L70,Liverpool,UK,53.40933,-2.97270
L71,Liverpool,UK,53.42395,-2.97625
L72,Sefton,UK,53.50410,-2.97200
L73,Liverpool,UK,53.41060,-2.97790
L74,Liverpool,UK,53.41060,-2.97790
L75,Liverpool,UK,53.42570,-2.98115
L8,Liverpool,UK,53.41060,-2.97790
L80,Sefton,UK,53.46920,-2.96910
L9,Walton,UK,53.46160,-2.95340
LA1,Scotforth,UK,54.03160,-2.79150
LA10,Deepdale,UK,54.30289,-2.46654
LA11,Cark,UK,54.21159,-2.92777
LA12,Oxen Park,UK,54.20816,-3.06592
LA13,Dendron,UK,54.11367,-3.19349
LA14,Vickerstown,UK,54.11597,-3.23425
LA15,Dalton-in-Furness,UK,54.15000,-3.16670
LA16,Askam in Furness,UK,54.18590,-3.20765
LA17,Soutergate,UK,54.23907,-3.17810
LA18,Kirksanton,UK,54.21290,-3.30477
LA19,Corney,UK,54.27590,-3.37210
LA2,Clapham,UK,54.05347,-2.62091
LA20,Bigert Mire,UK,54.35044,-3.20118
LA21,Sunny Bank,UK,54.35260,-3.08442
LA22,Clappersgate,UK,54.40410,-2.99644
LA23,Windermere,UK,54.38873,-2.91545
LA3,Sandylands,UK,54.03558,-2.87485
LA4,Morecambe,UK,54.06833,-2.84703
LA5,Arnside,UK,54.15767,-2.78531
LA6,Burton-in-Kendal,UK,54.18342,-2.62361
LA7,Beetham,UK,54.22919,-2.76121
LA8,Crosthwaite,UK,54.32177,-2.73918
LA9,Kendal,UK,54.32532,-2.74938
LD1,Crossway,UK,52.26180,-3.32579
LD2,Llanbedr,UK,52.10484,-3.36342
LD3,Llanelieu,UK,51.99435,-3.41108
LD4,Llangammarch Wells,UK,52.12278,-3.53580
LD5,Abergwesyn,UK,52.12708,-3.63963
LD6,Gaufron,UK,52.32829,-3.49270
LD7,Five Turnings,UK,52.38222,-3.06860
LD8,Knill,UK,52.26257,-3.05375
LE1,Leicester,UK,52.63860,-1.13170
LE10,Wolvey,UK,52.51393,-1.34117
LE11,Nanpantan,UK,52.76670,-1.20000
LE12,Hathern,UK,52.78191,-1.18451
LE13,Melton Mowbray,UK,52.76590,-0.88690
LE14,Saltby,UK,52.79070,-0.87545
LE15,Brooke,UK,52.64714,-0.69799
LE16,Church Langton,UK,52.50365,-0.87082
LE17,Mowsley,UK,52.47293,-1.16979
LE18,Wigston,UK,52.57243,-1.10443
LE19,Leicester,UK,52.58460,-1.20530
LE2,Aylestone,UK,52.60182,-1.11672
LE21,City of Leicester,UK,52.63230,-1.12490
LE3,Dane Hills,UK,52.63250,-1.18697
LE4,Belgrave,UK,52.66457,-1.10873
LE41,City of Leicester,UK,52.66460,-1.10870
LE5,Humberstone,UK,52.64740,-1.08650
LE55,Ashby-de-la-Zouch,UK,52.74320,-1.44120
LE6,Ratby,UK,52.66550,-1.23267
LE65,Smisby,UK,52.75585,-1.45533
LE67,Hugglescote,UK,52.70980,-1.37210
LE7,Loddington,UK,52.66119,-1.00971
LE8,Peatling Magna,UK,52.54881,-1.04937
LE87,Whetstone,UK,52.62750,-1.13290
LE9,Peckleton,UK,52.57718,-1.27398
LE94,Harborough,UK,52.48370,-0.90550
LE95,Braunstone,UK,52.61840,-1.17900
LL11,Llandegla,UK,53.06451,-3.05297
LL12,Hope,UK,53.10402,-3.00360
LL13,Knolton,UK,52.99176,-2.91168
LL14,Bronygarth,UK,52.98906,-3.05152
LL15,Hirwaen,UK,53.09202,-3.33776
LL16,Llannefydd,UK,53.17015,-3.43132
LL17,Plas-yn-Cefn,UK,53.25438,-3.41338
LL18,Plas Llwyd,UK,53.29182,-3.45482
LL19,Meliden,UK,53.32740,-3.40803
LL20,Rhewl,UK,52.95585,-3.16774
LL21,Maerdy,UK,52.97559,-3.38906
LL22,Rhyd-y-foel,UK,53.20816,-3.64820
LL23,Rhiwlas,UK,52.90324,-3.59721
LL24,Penmachno,UK,53.09247,-3.80145
LL25,Pentre-bont,UK,53.05390,-3.88860
LL26,Pentre-tafarn-y-fedw,UK,53.11150,-3.78266
LL27,Trefriw,UK,53.15140,-3.82570
LL28,Tal-y-cafn,UK,53.28349,-3.76640
LL29,Llysfaen,UK,53.28328,-3.69660
LL30,Llandudno,UK,53.32500,-3.83150
LL31,Deganwy,UK,53.29415,-3.81595
LL32,Conwy,UK,53.22179,-3.84348
LL33,Nant y Pandy,UK,53.25780,-3.97420
LL34,Penmaenmawr,UK,53.26670,-3.93330
LL35,Aberdyfi,UK,52.54440,-4.04540
LL36,Dolgoch,UK,52.60728,-4.05971
LL37,Llwyngwril,UK,52.66770,-4.08420
LL38,Fairbourne,UK,52.69650,-4.05325
LL39,Arthog,UK,52.71160,-4.00970
LL40,Minffordd,UK,52.78853,-3.90087
LL41,Tanygrisiau,UK,52.95797,-3.94751
LL42,Llanaber,UK,52.73580,-4.04510
LL43,Tal-y-bont,UK,52.77450,-4.09270
LL44,Dyffryn Ardudwy,UK,52.78545,-4.09633
LL45,Pentre Gwynfryn,UK,52.82098,-4.09708
LL46,Llanfair,UK,52.85177,-4.11188
LL47,Ynys,UK,52.90340,-4.06490
LL48,Cae Ddafydd,UK,52.93149,-4.07309
LL49,Rhoslan,UK,52.94291,-4.16000
LL51,Garn-Dolbenmaen,UK,52.97570,-4.25280
LL52,Llanystumdwy,UK,52.92068,-4.25310
LL53,Anelog,UK,52.89524,-4.49386
LL54,Carmel,UK,53.01644,-4.24830
LL55,Dinorwic,UK,53.12915,-4.19505
LL56,Y Felinheli,UK,53.18740,-4.20480
LL57,Pont Pen-y-benglog,UK,53.20393,-4.10668
LL58,Penmon,UK,53.28206,-4.09396
LL59,Llansadwrn,UK,53.23563,-4.15997
LL60,Llangaffo,UK,53.22317,-4.28267
LL61,Llanfairpwllgwyngyll,UK,53.19120,-4.26724
LL62,Hermon,UK,53.21098,-4.38980
LL63,Tycroes,UK,53.21910,-4.47040
LL64,Llanfaelog,UK,53.23005,-4.50415
LL65,Trearddur,UK,53.28969,-4.53446
LL66,Rhosgoch,UK,53.37690,-4.39090
LL67,Cemaes,UK,53.40765,-4.45027
LL68,Burwen,UK,53.38499,-4.37023
LL69,Penysarn,UK,53.38980,-4.31700
LL70,Nebo,UK,53.36380,-4.28800
LL71,Ceidio,UK,53.33650,-4.36137
LL72,Moelfre,UK,53.35000,-4.23330
LL73,Llanallgo,UK,53.34400,-4.24770
LL74,Benllech,UK,53.32040,-4.22610
LL75,Pentraeth,UK,53.28370,-4.21780
LL76,Llanbedrgoch,UK,53.30030,-4.23640
LL77,Llanddyfnan,UK,53.27263,-4.30660
LL78,Marian-glas,UK,53.32745,-4.25350
LN1,Scampton,UK,53.28800,-0.65075
LN10,Woodhall Spa,UK,53.15232,-0.19228
LN11,North Ormsby,UK,53.35671,0.01013
LN12,Thorpe,UK,53.33035,0.24877
LN13,Markby,UK,53.27154,0.17535
LN2,Caenby,UK,53.26476,-0.49927
LN3,Stixwould,UK,53.26022,-0.37911
LN4,Bracebridge Heath,UK,53.12072,-0.35036
LN5,Beckingham,UK,53.11981,-0.58195
LN6,Skellingthorpe,UK,53.18842,-0.64137
LN7,Cabourne,UK,53.48943,-0.34112
LN8,North Owersby,UK,53.38839,-0.33923
LN9,Baumber,UK,53.22673,-0.11441
LS1,Leeds,UK,53.79650,-1.54780
LS10,Middleton,UK,53.74960,-1.54940
LS11,Beeston,UK,53.76670,-1.56670
LS12,New Farnley,UK,53.79130,-1.59720
LS13,Leeds,UK,53.81070,-1.63540
LS14,Seacroft,UK,53.84860,-1.44443
LS15,Whitkirk,UK,53.81088,-1.44242
LS16,Tinshill,UK,53.86847,-1.59810
LS17,Weeton,UK,53.88427,-1.51275
LS18,Horsforth,UK,53.83800,-1.64040
LS19,Rawdon,UK,53.85980,-1.68575
LS2,Leeds,UK,53.79650,-1.54780
LS20,Guiseley,UK,53.87495,-1.71405
LS21,Stainburn,UK,53.92170,-1.66936
LS22,Bickerton,UK,53.94204,-1.39838
LS23,Bramham,UK,53.90194,-1.34150
LS24,Barkston,UK,53.87515,-1.24868
LS25,South Milford,UK,53.78190,-1.28303
LS26,Methley,UK,53.75040,-1.45370
LS27,Morley,UK,53.75357,-1.60593
LS28,Calverley,UK,53.81067,-1.67370
LS29,Denton,UK,53.91629,-1.79556
LS3,Leeds,UK,53.79650,-1.54780
LS4,Leeds,UK,53.81030,-1.58460
LS5,Kirkstall,UK,53.81580,-1.60220
LS6,Leeds,UK,53.82010,-1.57040
LS7,Chapel Allerton,UK,53.82900,-1.53830
LS8,Gledhow,UK,53.82450,-1.50990
LS88,Leeds,UK,53.76570,-1.50120
LS9,Halton,UK,53.80605,-1.51360
LS98,Leeds,UK,53.79650,-1.54780
LS99,Leeds,UK,53.79650,-1.54780
LU1,Slip End,UK,51.86930,-0.42528
LU2,Peter's Green,UK,51.91140,-0.38198
LU3,Limbury,UK,51.93223,-0.45677
LU4,Leagrave,UK,51.91505,-0.48075
LU5,Houghton Regis,UK,51.93400,-0.50938
LU6,Edlesborough,UK,51.86860,-0.54636
LU7,Pitstone Green,UK,51.89277,-0.65815
M1,Manchester,UK,53.48090,-2.23740
M11,Manchester,UK,53.47900,-2.18180
M12,Levenshulme,UK,53.44420,-2.19160
M13,Rusholm,UK,53.46980,-2.22950
M14,Manchester,UK,53.44820,-2.22570
M15,Manchester,UK,53.48090,-2.23740
M16,Manchester,UK,53.45510,-2.26450
M17,Trafford Park,UK,53.46880,-2.31190
M18,Gorton,UK,53.46670,-2.16670
M19,Burnage,UK,53.43270,-2.19970
M2,Manchester,UK,53.48090,-2.23740
M20,Didsbury,UK,53.42580,-2.23295
M21,Chorlton-cum-Hardy,UK,53.43510,-2.26310
M22,Moss Nook,UK,53.38610,-2.25990
M23,Baguley,UK,53.39470,-2.27900
M24,Middleton,UK,53.55870,-2.21280
M25,Prestwich,UK,53.53330,-2.28330
M26,Prestolee,UK,53.55000,-2.33330
M27,Swinton,UK,53.51115,-2.32760
M28,Walkden,UK,53.50607,-2.39907
M29,Tyldesley,UK,53.51390,-2.46750
M3,Manchester,UK,53.48090,-2.23740
M30,Eccles,UK,53.48330,-2.33330
M31,Partington,UK,53.42605,-2.40575
M32,Stretford,UK,53.45000,-2.31670
M33,Sale,UK,53.42520,-2.32440
M34,Denton,UK,53.44900,-2.10823
M35,Failsworth,UK,53.50480,-2.16570
M38,Little Hulton,UK,53.53330,-2.41670
M4,Manchester,UK,53.48090,-2.23740
M40,Manchester,UK,53.50410,-2.19100
M41,Urmston,UK,53.44925,-2.36875
M43,Droylsden,UK,53.48000,-2.14540
M44,Cadishead,UK,53.44250,-2.42320
M45,Whitefield,UK,53.55000,-2.30000
M46,Atherton,UK,53.52370,-2.49350
M5,Salford,UK,53.47920,-2.28590
M50,Salford,UK,53.47670,-2.29320
M6,Salford,UK,53.49260,-2.29910
M60,Manchester,UK,53.48090,-2.23740
M61,Manchester,UK,53.48090,-2.23740
M7,Broughton,UK,53.50560,-2.26230
M8,Cheetham Hill,UK,53.49860,-2.23850
M9,Manchester,UK,53.52200,-2.21390
M90,Ringway,UK,53.36350,-2.27800
M99,Manchester,UK,53.48090,-2.23740
ME1,Burham,UK,51.36095,0.48257
ME10,Kemsley,UK,51.34500,0.73847
ME11,Queenborough,UK,51.41620,0.74770
ME12,Halfway Houses,UK,51.41453,0.85140
ME13,Oare,UK,51.28871,0.90317
ME14,Sandling,UK,51.28348,0.55668
ME15,West Farleigh,UK,51.24715,0.50860
ME16,East Barming,UK,51.27380,0.49700
ME17,Lenham,UK,51.24155,0.61929
ME18,Mereworth,UK,51.24775,0.40526
ME19,Birling,UK,51.30136,0.39650
ME2,Frindsbury,UK,51.37254,0.46549
ME20,Aylesford,UK,51.30302,0.46184
ME3,Cliffe Woods,UK,51.43855,0.55684
ME4,Brompton,UK,51.38945,0.53060
ME5,Luton,UK,51.35207,0.53370
ME6,Ham Hill,UK,51.32970,0.44300
ME7,Gillingham,UK,51.37172,0.55842
ME8,Rainham,UK,51.36225,0.60250
ME9,Bredgar,UK,51.32237,0.71799
ME99,Maidstone,UK,51.26670,0.51670
MK1,Milton Keynes,UK,52.00750,-0.72710
MK10,Milton Keynes Village,UK,52.03860,-0.69870
MK11,Stony Stratford,UK,52.05680,-0.85280
MK12,Wolverton,UK,52.06250,-0.81660
MK13,New Bradwell,UK,52.04860,-0.78770
MK14,Great Linford,UK,52.06560,-0.75910
MK15,Willen,UK,52.06410,-0.72310
MK16,Gayhurst,UK,52.10048,-0.70848
MK17,Newton Longville,UK,51.98292,-0.71290
MK18,Tingewick,UK,51.96865,-0.96522
MK19,Haversham,UK,52.06605,-0.84613
MK2,Fenny Stratford,UK,51.99680,-0.71800
MK3,Bletchley,UK,51.99330,-0.73470
MK4,Milton Keynes,UK,52.00450,-0.78230
MK40,Biddenham,UK,52.13655,-0.48660
MK41,Salph End,UK,52.15575,-0.45058
MK42,Elstow,UK,52.11410,-0.47977
MK43,Newton Blossomville,UK,52.11038,-0.56438
MK44,Cardington,UK,52.20561,-0.42049
MK45,Wilstead,UK,52.02854,-0.46388
MK46,Olney,UK,52.15774,-0.69951
MK5,Shenley Church End,UK,52.02257,-0.78683
MK6,Little Woolstone,UK,52.02920,-0.72790
MK7,Walton,UK,52.01720,-0.69090
MK77,Abbey Hill,UK,52.04210,-0.81890
MK8,Milton Keynes,UK,52.03380,-0.80280
MK9,Milton Keynes,UK,52.04170,-0.75580
ML1,Motherwell,UK,55.80563,-3.95475
ML10,Shawtonhill,UK,55.67949,-4.08539
ML11,Auchenheath,UK,55.68366,-3.72056
ML12,Wanlockhead,UK,55.52578,-3.56453
ML2,Waterloo,UK,55.76569,-3.89634
ML3,Hamilton,UK,55.76254,-4.04546
ML4,Bellshill,UK,55.81670,-4.00835
ML5,Coatbridge,UK,55.87820,-4.03543
ML6,Longriggend,UK,55.87699,-3.92541
ML7,Allanton,UK,55.82960,-3.79618
ML8,Rosebank,UK,55.72567,-3.86456
ML9,Larkhall,UK,55.70290,-3.95120
N1,London,UK,51.53669,-0.09440
N10,London,UK,51.59050,-0.14210
N11,London,UK,51.61650,-0.14410
N12,London,UK,51.60770,-0.16600
N13,London,UK,51.61790,-0.11010
N14,London,UK,51.63298,-0.13062
N15,London,UK,51.58430,-0.07300
N16,London,UK,51.56250,-0.07400
N17,London,UK,51.59922,-0.07094
N18,London,UK,51.61735,-0.05830
N19,London,UK,51.56490,-0.13510
N1C,London,UK,51.53620,-0.10300
N1P,London,UK,51.53620,-0.10300
N2,London,UK,51.59000,-0.15310
N20,London,UK,51.63330,-0.18332
N21,London,UK,51.62500,-0.10000
N22,London,UK,51.60000,-0.11670
N3,London,UK,51.60055,-0.19430
N4,London,UK,51.56930,-0.10690
N5,London,UK,51.55000,-0.10000
N6,London,UK,51.56570,-0.15900
N7,London,UK,51.54910,-0.12051
N8,London,UK,51.58337,-0.11583
N81,London,UK,51.57480,-0.08005
N9,London,UK,51.62850,-0.05810
NE1,Newcastle upon Tyne,UK,54.97330,-1.61400
NE10,Felling,UK,54.95300,-1.57150
NE11,Kibblesworth,UK,54.93283,-1.62972
NE12,Forest Hall,UK,55.02900,-1.56760
NE13,Wide Open,UK,55.05230,-1.64737
NE15,Horsley,UK,54.99177,-1.78854
NE16,Burnopfield,UK,54.93048,-1.69105
NE17,Leadgate,UK,54.91350,-1.81760
NE18,Ouston,UK,55.03933,-1.86885
NE19,Capheaton,UK,55.21118,-2.15415
NE2,Heaton,UK,54.98670,-1.59200
NE20,Ponteland,UK,55.06832,-1.85252
NE21,Blaydon,UK,54.95830,-1.71893
NE22,East Sleekburn,UK,55.13060,-1.59320
NE23,Nelson Village,UK,55.06788,-1.56079
NE24,Newsham,UK,55.12894,-1.53142
NE25,New Hartley,UK,55.05343,-1.49700
NE26,Hartley,UK,55.05495,-1.45778
NE27,New York,UK,55.03390,-1.51085
NE28,Wallsend,UK,54.99560,-1.52705
NE29,North Shields,UK,55.01650,-1.44930
NE3,Fawdon,UK,55.00317,-1.63390
NE30,North Shields,UK,55.02168,-1.43694
NE31,Hebburn,UK,54.97300,-1.51550
NE32,Monkton,UK,54.97405,-1.48425
NE33,South Shields,UK,54.99860,-1.43230
NE34,Harton,UK,54.96670,-1.40000
NE35,Boldon Colliery,UK,54.95030,-1.46900
NE36,East Boldon,UK,54.94423,-1.44403
NE37,Washington,UK,54.90000,-1.51670
NE38,Washington,UK,54.90000,-1.51670
NE39,High Spen,UK,54.92312,-1.75706
NE4,Blakelaw,UK,54.97400,-1.64470
NE40,Ryton,UK,54.97400,-1.76310
NE41,Wylam,UK,54.97650,-1.82190
NE42,Ovingham,UK,54.96690,-1.87103
NE43,Stocksfield,UK,54.94790,-1.90760
NE44,Healey,UK,54.93802,-1.97103
NE45,Dilston,UK,54.97836,-2.01016
NE46,Chollerton,UK,54.99340,-2.09518
NE47,Bardon Mill,UK,54.92307,-2.24317
NE48,Stannersburn,UK,55.10176,-2.23065
NE49,Melkridge,UK,54.97138,-2.45150
NE5,Wallbottle,UK,54.99600,-1.68890
NE6,Walker,UK,54.97750,-1.56560
NE61,Netherwitton,UK,55.16569,-1.71116
NE62,Stakeford,UK,55.16150,-1.59330
NE63,North Seaton,UK,55.16817,-1.55940
NE64,Woodhorn,UK,55.18940,-1.52400
NE65,Netherton,UK,55.31840,-1.80441
NE66,West Ditchburn,UK,55.41994,-1.79074
NE67,Newham Hall,UK,55.53888,-1.75702
NE68,Seahouses,UK,55.57893,-1.65953
NE69,Bamburgh,UK,55.60523,-1.71782
NE7,Longbenton,UK,55.01780,-1.56940
NE70,Warenton,UK,55.59358,-1.81554
NE71,Fenton,UK,55.55752,-2.05445
NE8,Gateshead,UK,54.96210,-1.60170
NE82,Gateshead,UK,54.96210,-1.60170
NE83,Gateshead,UK,54.93460,-1.61510
NE85,Gateshead,UK,54.92870,-1.57470
NE88,Gateshead,UK,54.96210,-1.60170
NE9,Wrekenton,UK,54.93130,-1.58550
NE92,Gateshead,UK,54.96210,-1.60170
NE98,Gateshead,UK,54.96770,-1.60785
NE99,Newcastle upon Tyne (PO Boxes),UK,54.96580,-1.60580
NG1,Nottingham,UK,52.95360,-1.15050
NG10,New Sawley,UK,52.90147,-1.28717
NG11,Bunny,UK,52.87862,-1.19524
NG12,Stanton-on-the-Wolds,UK,52.90358,-1.04427
NG13,Redmile,UK,52.95257,-0.89417
NG14,Bleasby,UK,53.01377,-1.00620
NG15,Linby,UK,53.06146,-1.20341
NG16,Pinxton,UK,53.02096,-1.29021
NG17,Sutton in Ashfield,UK,53.12837,-1.26768
NG18,Mansfield,UK,53.13330,-1.20000
NG19,Pleasley,UK,53.16900,-1.22050
NG2,West Bridgford,UK,52.92915,-1.11485
NG20,Shirebrook,UK,53.21734,-1.18344
NG21,Haywood Oaks,UK,53.14462,-1.09997
NG22,Boughton,UK,53.18415,-0.95117
NG23,Stubton,UK,53.11408,-0.79916
NG24,Balderton,UK,53.06900,-0.78526
NG25,Southwell,UK,53.06637,-0.96857
NG3,Nottingham,UK,52.95360,-1.15050
NG31,Manthorpe,UK,52.92550,-0.64680
NG32,Knipton,UK,52.94541,-0.63901
NG33,Buckminster,UK,52.81893,-0.57174
NG34,Swaton,UK,52.96024,-0.38495
NG4,Carlton,UK,52.97096,-1.08100
NG5,Redhill,UK,53.00060,-1.13150
NG6,Old Basford,UK,52.99890,-1.19710
NG7,Nottingham,UK,52.95360,-1.15050
NG70,Mansfield,UK,53.13330,-1.20000
NG8,Bilborough,UK,52.96480,-1.21320
NG80,Ruddington,UK,52.89250,-1.14950
NG9,Stapleford,UK,52.91914,-1.24548
NG90,City of Nottingham,UK,52.92630,-1.19150
NN1,Northampton,UK,52.25000,-0.88330
NN10,Higham Ferrers,UK,52.28803,-0.59930
NN11,Lower Shuckburgh,UK,52.21614,-1.17929
NN12,Astcote,UK,52.12114,-1.03124
NN13,Biddlesden,UK,52.03436,-1.14061
NN14,Great Oakley,UK,52.40360,-0.64003
NN15,Burton Latimer,UK,52.36370,-0.67850
NN16,Weekley,UK,52.40790,-0.71160
NN17,Weldon,UK,52.52906,-0.63365
NN18,Little Oakley,UK,52.47830,-0.71370
NN2,Boughton,UK,52.27265,-0.90015
NN29,Bozeat,UK,52.25283,-0.66748
NN3,Moulton,UK,52.27582,-0.83308
NN4,Far Cotton,UK,52.20812,-0.87904
NN5,Dallington,UK,52.24257,-0.93795
NN6,Harrington,UK,52.34139,-0.94737
NN7,Piddington,UK,52.20861,-0.91483
NN8,Wellingborough,UK,52.29475,-0.71175
NN9,Chelveston,UK,52.33031,-0.61577
NP10,Newport,UK,51.58770,-2.99840
NP11,Newport,UK,51.64390,-3.13170
NP12,Blackwood,UK,51.66780,-3.20750
NP13,Abertillery,UK,51.72980,-3.13430
NP15,Usk,UK,51.70350,-2.90330
NP16,Chepstow,UK,51.64090,-2.67680
NP18,Newport,UK,51.60840,-2.94350
NP19,Newport,UK,51.58880,-2.96380
NP20,Newport,UK,51.58770,-2.99840
NP22,Tredegar,UK,51.77250,-3.24680
NP23,Ebbw Vale,UK,51.77710,-3.20790
NP24,New Tredegar,UK,51.72050,-3.24130
NP25,Monmouth,UK,51.81270,-2.71360
NP26,Caldicot,UK,51.58660,-2.75740
NP4,Glascoed,UK,51.71852,-3.03052
NP44,Croes-y-mwyalch,UK,51.65070,-3.01780
NP7,Llanvihangel Gobion,UK,51.85129,-3.03862
NP8,Gaer,UK,51.85892,-3.13283
NR1,Lakenham,UK,52.62710,1.30720
NR10,Fairstead,UK,52.74850,1.24916
NR11,Saxthorpe,UK,52.84664,1.24421
NR12,Bacton,UK,52.74471,1.45073
NR13,Freethorpe Common,UK,52.62461,1.48256
NR14,Ashby St Mary,UK,52.56781,1.37147
NR15,Brooke,UK,52.50137,1.27474
NR16,East Harling,UK,52.47334,1.03208
NR17,Great Ellingham,UK,52.52170,0.95286
NR18,Kimberley,UK,52.57489,1.09535
NR19,Whinburgh,UK,52.68061,0.88482
NR2,Eaton,UK,52.62865,1.28955
NR20,Gressenhall,UK,52.74466,0.97064
NR21,Dunton,UK,52.83983,0.85681
NR22,Great Walsingham,UK,52.88517,0.85842
NR23,Cockthorpe,UK,52.94408,0.87620
NR24,Briston,UK,52.86965,1.04095
NR25,Baconsthorpe,UK,52.91988,1.07667
NR26,Upper Sheringham,UK,52.94080,1.20930
NR27,West Runton,UK,52.91906,1.31625
NR28,Worstead,UK,52.80972,1.39357
NR29,California,UK,52.67039,1.59429
NR3,Norwich,UK,52.62780,1.29830
NR30,West End,UK,52.62998,1.72162
NR31,Hopton,UK,52.57279,1.70429
NR32,Blundeston,UK,52.50262,1.70617
NR33,Carlton Colville,UK,52.43928,1.70619
NR34,Barsham,UK,52.42453,1.58624
NR35,Mettingham,UK,52.46874,1.44251
NR4,Colney,UK,52.61646,1.24368
NR5,Bowthorpe,UK,52.63880,1.21890
NR6,Hellesdon,UK,52.66225,1.27955
NR7,Thorpe St Andrew,UK,52.64305,1.33730
NR8,Ringland,UK,52.67253,1.19853
NR9,Weston Longville,UK,52.64452,1.09288
NR99,Norwich,UK,52.62780,1.29830
NW1,London,UK,51.52988,-0.14718
NW10,London,UK,51.53759,-0.24312
NW11,London,UK,51.57813,-0.19805
NW1W,London,UK,51.53080,-0.13540
NW2,London,UK,51.56080,-0.22332
NW26,London,UK,51.53080,-0.13540
NW3,London,UK,51.54620,-0.16808
NW4,London,UK,51.60000,-0.21670
NW5,London,UK,51.55170,-0.14130
NW6,London,UK,51.54194,-0.19319
NW7,London,UK,51.60940,-0.22730
NW8,London,UK,51.52990,-0.17470
NW9,London,UK,51.58940,-0.25692
OL1,Oldham,UK,53.54050,-2.11830
OL10,Heywood,UK,53.59250,-2.21940
OL11,Slattocks,UK,53.58330,-2.18330
OL12,Shawforth,UK,53.64494,-2.16322
OL13,Stacksteads,UK,53.70145,-2.20363
OL14,Warland,UK,53.71421,-2.11302
OL15,Littleborough,UK,53.64490,-2.09943
OL16,Rochdale,UK,53.61488,-2.13084
OL2,Crompton Fold,UK,53.56590,-2.10300
OL3,Diggle,UK,53.55580,-2.01020
OL4,Grasscroft,UK,53.55000,-2.06670
OL5,Micklehurst,UK,53.51445,-2.03320
OL6,Hurst,UK,53.49410,-2.08660
OL7,Ashton-under-Lyne,UK,53.48880,-2.09890
OL8,Bardsley,UK,53.52600,-2.11730
OL9,Chadderton,UK,53.54050,-2.11830
OL95,Oldham,UK,53.54050,-2.11830
OX1,South Hinksey,UK,51.72478,-1.27500
OX10,North Stoke,UK,51.61515,-1.12674
OX11,Blewbury,UK,51.58722,-1.23552
OX12,Ardington,UK,51.59349,-1.43072
OX13,Longworth,UK,51.67354,-1.35612
OX14,Abingdon,UK,51.64858,-1.25598
OX15,Ratley,UK,52.03769,-1.41986
OX16,Grimsbury,UK,52.06170,-1.34125
OX17,Warmington,UK,52.07670,-1.28002
OX18,Little Barrington,UK,51.77070,-1.61960
OX2,Chawley,UK,51.76277,-1.28794
OX20,Woodstock,UK,51.86152,-1.36730
OX25,Bicester,UK,51.90000,-1.15360
OX26,Bicester,UK,51.90000,-1.15360
OX27,Bicester,UK,51.90000,-1.15360
OX28,Witney,UK,51.78360,-1.48540
OX29,Witney,UK,51.78200,-1.46985
OX3,Marston,UK,51.78040,-1.21717
OX33,Horspath,UK,51.75925,-1.12911
OX39,Chinnor,UK,51.70180,-0.91160
OX4,Iffley,UK,51.72373,-1.22437
OX44,Stadhampton,UK,51.69898,-1.12917
OX49,Watlington,UK,51.64330,-1.00450
OX5,Begbroke,UK,51.84473,-1.25130
OX6,Poundon,UK,51.91522,-1.18399
OX7,Bledington,UK,51.91158,-1.52122
OX8,Sutton,UK,51.78518,-1.37627
OX9,Pyrton,UK,51.72604,-0.98103
PA1,Paisley,UK,55.83170,-4.43250
PA10,Carruthmuir,UK,55.83160,-4.54473
PA11,Quarrier's Village,UK,55.85000,-4.58330
PA12,Lochwinnoch,UK,55.79520,-4.63030
PA13,Cairncurran,UK,55.89470,-4.62640
PA14,Port Glasgow,UK,55.92910,-4.64105
PA15,Greenock,UK,55.94840,-4.76120
PA16,Garvock,UK,55.93690,-4.80646
PA17,Upper Skelmorlie,UK,55.86950,-4.88470
PA18,Wemyss Bay,UK,55.87610,-4.88950
PA19,Castle Levan,UK,55.96160,-4.81790
PA2,Paisley,UK,55.83170,-4.43250
PA20,Kerrycroy,UK,55.82872,-5.05376
PA21,Kilfinan,UK,55.93215,-5.28991
PA22,Ballochandrain,UK,55.99590,-5.16977
PA23,Dunoon,UK,55.98900,-4.98592
PA24,Ardnahein,UK,56.15958,-4.90413
PA25,Hazelbank,UK,56.21450,-5.04220
PA26,Clachan,UK,56.25834,-4.93707
PA27,Glenbranter,UK,56.14258,-5.10017
PA28,Southend,UK,55.50961,-5.54076
PA29,Muasdale,UK,55.77605,-5.49320
PA3,Linwood,UK,55.85160,-4.44600
PA30,Ardrishaig,UK,56.01570,-5.44810
PA31,Achnashelloch,UK,56.11421,-5.45762
PA32,Dalchenna,UK,56.13424,-5.19887
PA33,Lochawe,UK,56.38962,-5.11116
PA34,Arduaine,UK,56.42273,-5.54971
PA35,Cadderlie,UK,56.38369,-5.19230
PA36,Auch,UK,56.53680,-4.75409
PA37,South Shian,UK,56.46651,-5.37051
PA38,Kinlochlaich,UK,56.59393,-5.33477
PA4,Southbar,UK,55.88097,-4.41547
PA41,Ardminish,UK,55.67450,-5.74260
PA42,Lower Killeyan,UK,55.63935,-6.17181
PA43,Bridgend,UK,55.75589,-6.28386
PA44,Cattadale,UK,55.83149,-6.29995
PA45,Ballygrant,UK,55.81900,-6.15930
PA46,Port Askaig,UK,55.85898,-6.11600
PA47,Portnahaven,UK,55.67850,-6.50670
PA48,Kilchiaran,UK,55.73827,-6.38362
PA49,Aruadh,UK,55.77740,-6.40288
PA5,Johnstone,UK,55.83120,-4.50100
PA6,Houston,UK,55.86730,-4.53287
PA60,Tarbert,UK,55.88646,-5.90136
PA61,Balnahard,UK,56.07079,-6.20843
PA62,Lochbuie,UK,56.35600,-5.87310
PA63,Croggan,UK,56.38220,-5.71630
PA64,Lochdon,UK,56.43555,-5.68475
PA65,Garmony,UK,56.46780,-5.69920
PA66,Aridhglas,UK,56.32340,-6.35826
PA67,Scoor,UK,56.31430,-6.23279
PA68,Balnahard,UK,56.43430,-6.14300
PA69,Argyll and Bute,UK,56.37950,-6.07770
PA7,Bishopton,UK,55.90970,-4.50560
PA70,Pennyghael,UK,56.36420,-6.03450
PA71,Knock,UK,56.46670,-5.98330
PA72,Ardnacross,UK,56.50761,-5.96150
PA73,Kilbrenan,UK,56.50072,-6.15638
PA74,Tostarie,UK,56.52197,-6.23397
PA75,Achnadrish,UK,56.60410,-6.19421
PA76,Ruanaich,UK,56.33390,-6.39490
PA77,Caolas,UK,56.48807,-6.86576
PA78,Arnabost,UK,56.62611,-6.55444
PA8,Erskine,UK,55.90050,-4.45030
PA80,Castlebay,UK,56.56620,-5.78430
PA9,Howwood,UK,55.80000,-4.55000
PE1,New England,UK,52.58253,-0.24193
PE10,Grimsthorpe,UK,52.80376,-0.38134
PE11,Church End,UK,52.81630,-0.22127
PE12,Gedney Broadgate,UK,52.72537,-0.01047
PE13,Wisbech,UK,52.67383,0.11728
PE14,Christchurch,UK,52.64054,0.20368
PE15,Purls Bridge,UK,52.50867,0.08866
PE16,Chatteris,UK,52.45400,0.05010
PE19,Yelling,UK,52.23201,-0.24097
PE2,Alwalton,UK,52.55525,-0.26657
PE20,Frampton,UK,52.96066,-0.13083
PE21,Skirbeck,UK,52.96388,-0.01025
PE22,New Bolingbroke,UK,53.06330,0.01023
PE23,Hundleby,UK,53.17304,0.06535
PE24,Anderby,UK,53.17388,0.25940
PE25,Ingoldmells,UK,53.16452,0.33443
PE26,Huntingdon,UK,52.45360,-0.11620
PE27,St. Ives,UK,52.33250,-0.07500
PE28,Huntingdon,UK,52.33050,-0.18650
PE29,Huntingdon,UK,52.33050,-0.18650
PE3,Longthorpe,UK,52.56700,-0.28300
PE30,Gaywood,UK,52.76658,0.42087
PE31,Great Bircham,UK,52.87443,0.62396
PE32,South Acre,UK,52.72798,0.65384
PE33,Thorpland,UK,52.63225,0.46287
PE34,Tilney High End,UK,52.70376,0.33693
PE35,Sandringham,UK,52.83090,0.50700
PE36,Hunstanton,UK,52.94070,0.53978
PE37,Beechamwell,UK,52.62713,0.72060
PE38,Downham Market,UK,52.56103,0.36907
PE4,Walton,UK,52.60700,-0.26950
PE5,Ailsworth,UK,52.57928,-0.36295
PE6,Glinton,UK,52.66212,-0.28451
PE7,Caldecote,UK,52.51083,-0.27019
PE8,Thornhaugh,UK,52.50982,-0.45081
PE9,Ketton,UK,52.66194,-0.46300
PE99,City of Peterborough,UK,52.61400,-0.28720
PH1,Pickston,UK,56.43175,-3.49806
PH10,Craigie,UK,56.60022,-3.49944
PH11,Glenhead Farm,UK,56.71389,-3.29081
PH12,Kirkinch,UK,56.57704,-3.15922
PH13,Arthurstone,UK,56.53444,-3.27746
PH14,Knapp,UK,56.44897,-3.18691
PH15,Aberfeldy,UK,56.60185,-4.03139
PH16,Badyo,UK,56.70678,-3.96471
PH17,Rannoch School,UK,56.67783,-4.39831
PH18,Pitagowan,UK,56.75799,-3.92878
PH19,Dalwhinnie,UK,56.93470,-4.24170
PH2,Colenden,UK,56.37225,-3.35635
PH20,Aberarder,UK,57.05771,-4.15229
PH21,Lynchat,UK,57.11829,-3.98822
PH22,Aviemore,UK,57.19082,-3.81882
PH23,Bogroy,UK,57.28200,-3.81372
PH24,Kinveachy,UK,57.25030,-3.75560
PH25,Aundorach,UK,57.26490,-3.65610
PH26,Lettoch,UK,57.33286,-3.60129
PH3,Millearn,UK,56.30178,-3.70543
PH30,Luibeilt,UK,56.79220,-4.60160
PH31,Roughburn,UK,56.89530,-4.78754
PH32,Fort Augustus,UK,57.14310,-4.68220
PH33,Achagavel,UK,56.78532,-5.16745
PH34,Letter Finlay,UK,56.92587,-4.93652
PH35,Tomdoun,UK,57.08078,-4.90764
PH36,Acharacle,UK,56.69646,-5.80876
PH37,Glenaladale,UK,56.83154,-5.51138
PH38,Inverailort,UK,56.85834,-5.71126
PH39,Portnaluchaig,UK,56.90980,-5.84590
PH4,Blackford,UK,56.25000,-3.76670
PH40,Lettermorar,UK,56.97038,-5.77600
PH41,Tarbet,UK,57.01263,-5.78851
PH42,Galmisdale,UK,56.89698,-6.14154
PH43,Kilmory,UK,57.01540,-6.28150
PH44,A'Chill,UK,57.05680,-6.50370
PH49,Highland,UK,56.67450,-5.11340
PH5,Westerton,UK,56.33210,-3.83290
PH50,Highland,UK,56.71450,-4.96500
PH6,Tullybannocher,UK,56.38994,-4.02891
PH7,Crieff,UK,56.37649,-3.81652
PH8,Scotston,UK,56.55702,-3.61737
PH9,Edradynate,UK,56.64477,-3.68221
PL1,Devonport,UK,50.37435,-4.16420
PL10,Cremyll,UK,50.34091,-4.20040
PL11,Downderry,UK,50.37290,-4.25206
PL12,St Mellion,UK,50.44634,-4.26704
PL13,Morval,UK,50.36005,-4.51401
PL14,Upton Cross,UK,50.46451,-4.46481
PL15,St Giles on the Heath,UK,50.63607,-4.41104
PL16,Chillaton,UK,50.64045,-4.24585
PL17,Stoke Climsland,UK,50.51929,-4.31926
PL18,Chilsworthy,UK,50.51030,-4.20988
PL19,Willsworthy,UK,50.57162,-4.19131
PL2,Plymouth,UK,50.37150,-4.14300
PL20,Buckland Monachorum,UK,50.51386,-4.06233
PL21,Bittaford,UK,50.38369,-3.89957
PL22,Bridgend,UK,50.39221,-4.64028
PL23,Fowey,UK,50.34220,-4.63756
PL24,Tywardreath Highway,UK,50.35580,-4.70211
PL25,St Austell,UK,50.33720,-4.75845
PL26,Victoria,UK,50.34739,-4.82709
PL27,St Minver,UK,50.52926,-4.90611
PL28,Padstow,UK,50.52780,-4.95169
PL29,Port Isaac,UK,50.59310,-4.82880
PL3,Crabtree,UK,50.38790,-4.12710
PL30,Withiel,UK,50.50991,-4.71678
PL31,Bodmin,UK,50.47150,-4.72430
PL32,Camelford,UK,50.63802,-4.65492
PL33,Westdowns,UK,50.62350,-4.73190
PL34,Tintagel,UK,50.66320,-4.75050
PL35,Trevalga,UK,50.68253,-4.67830
PL4,Plymouth,UK,50.37150,-4.14300
PL5,St Budeaux,UK,50.41430,-4.16135
PL6,Maristow,UK,50.41898,-4.11347
PL7,Plympton,UK,50.41702,-4.05129
PL8,Kitley,UK,50.33720,-4.00518
PL9,Staddiscombe,UK,50.34709,-4.09450
PL95,City of Plymouth,UK,50.34710,-4.09450
PO1,Portsea,UK,50.79990,-1.08985
PO10,Westbourne,UK,50.84767,-0.92434
PO11,Northney,UK,50.79850,-0.96979
PO12,Alverstoke,UK,50.79177,-1.13937
PO13,Bridgemary,UK,50.81440,-1.18867
PO14,Titchfield,UK,50.83390,-1.23523
PO15,Whiteley,UK,50.88310,-1.24370
PO16,Fareham,UK,50.84777,-1.15548
PO17,Wickham,UK,50.88813,-1.16045
PO18,Chilgrove,UK,50.88150,-0.80926
PO19,Fishbourne,UK,50.83730,-0.77915
PO2,North End,UK,50.81830,-1.07190
PO20,North Mundham,UK,50.80133,-0.77363
PO21,Bognor Regis,UK,50.77653,-0.71222
PO22,Flansham,UK,50.80320,-0.65327
PO3,Hilsea,UK,50.83100,-1.06530
PO30,Yafford,UK,50.68417,-1.32892
PO31,Cowes,UK,50.75490,-1.31123
PO32,Whippingham,UK,50.74863,-1.27723
PO33,Quarr Hill,UK,50.72468,-1.20408
PO34,Nettlestone,UK,50.71490,-1.11560
PO35,Hillway,UK,50.68630,-1.08280
PO36,Brading,UK,50.66633,-1.17467
PO37,Shanklin,UK,50.62610,-1.17850
PO38,Ventnor,UK,50.60746,-1.25193
PO39,Totland,UK,50.68470,-1.53690
PO4,Eastney,UK,50.78925,-1.06255
PO40,Freshwater,UK,50.68560,-1.51723
PO41,Wellow,UK,50.70136,-1.48001
PO5,Portsmouth,UK,50.79900,-1.09130
PO6,Wymering,UK,50.84730,-1.06047
PO7,Worlds End,UK,50.89539,-1.05321
PO8,Cowplain,UK,50.92219,-1.00087
PO9,Bedhampton,UK,50.85050,-0.99090
PR0,Preston,UK,53.75880,-2.68390
PR1,Preston,UK,53.75822,-2.72290
PR11,Preston,UK,53.79040,-2.68500
PR2,Elston,UK,53.78298,-2.69214
PR25,Leyland,UK,53.69790,-2.68760
PR26,Leyland,UK,53.68770,-2.74090
PR3,Whin Lane End,UK,53.90388,-2.70710
PR4,Cottam,UK,53.75503,-2.83875
PR5,Clayton-le-Woods,UK,53.72710,-2.65642
PR6,Abbey Village,UK,53.69271,-2.58039
PR7,Coppull Moor,UK,53.64461,-2.66701
PR8,Southport,UK,53.62538,-3.02010
PR9,Banks,UK,53.67138,-2.94928
RG1,Reading,UK,51.45630,-0.97110
RG10,Ruscombe,UK,51.48521,-0.84070
RG12,Bracknell South,UK,51.40070,-0.76350
RG14,Newbury,UK,51.40738,-1.32438
RG17,Chilton Foliat,UK,51.42562,-1.48871
RG18,Hermitage,UK,51.44690,-1.24471
RG19,Ashford Hill,UK,51.39020,-1.25570
RG2,Whitley,UK,51.41552,-0.94632
RG20,Ecchinswell,UK,51.41969,-1.34714
RG21,Basingstoke,UK,51.26250,-1.08710
RG22,Kempshott,UK,51.24870,-1.12440
RG23,East Oakley,UK,51.25000,-1.18840
RG24,Old Basing,UK,51.28745,-1.08155
RG25,Ellisfield,UK,51.21709,-1.11281
RG26,Upper Wootton,UK,51.31610,-1.15921
RG27,Winchfield,UK,51.30497,-0.95108
RG28,Whitchurch,UK,51.24503,-1.33012
RG29,Greywell,UK,51.23835,-0.95200
RG30,Reading,UK,51.45150,-1.01410
RG31,Tilehurst,UK,51.45130,-1.04627
RG4,Sonning Eye,UK,51.47845,-0.95083
RG40,Finchampstead,UK,51.38633,-0.84647
RG41,Barkham,UK,51.41563,-0.88130
RG42,Bracknell North,UK,51.43689,-0.75809
RG45,Crowthorne,UK,51.37030,-0.79220
RG5,Woodley,UK,51.45000,-0.88330
RG6,Reading,UK,51.43960,-0.92920
RG7,Stratfield Saye,UK,51.40036,-1.06856
RG8,Goring,UK,51.50568,-1.11046
RG9,Mill End,UK,51.56040,-0.92104
RH1,South Nutfield,UK,51.22891,-0.14396
RH10,Pound Hill,UK,51.12013,-0.11913
RH11,Gossops Green,UK,51.11350,-0.20850
RH12,Bucks Green,UK,51.08465,-0.32762
RH13,Dial Post,UK,51.01257,-0.33574
RH14,Billingshurst,UK,51.03787,-0.50054
RH15,Burgess Hill,UK,50.95840,-0.13290
RH16,Haywards Heath,UK,51.00467,-0.09193
RH17,Slaugham,UK,51.01212,-0.13853
RH18,Wych Cross,UK,51.08142,0.02795
RH19,Saint Hill,UK,51.11742,-0.02217
RH2,Reigate,UK,51.23030,-0.21334
RH20,Sullington,UK,50.93754,-0.48774
RH3,Betchworth,UK,51.23873,-0.25917
RH4,Westcott,UK,51.22835,-0.35290
RH5,Capel,UK,51.19087,-0.34514
RH6,Norwood Hill,UK,51.16789,-0.15741
RH7,Lingfield,UK,51.18672,-0.01832
RH77,Crawley,UK,51.13880,-0.16980
RH8,Limpsfield,UK,51.25545,-0.00045
RH9,South Godstone,UK,51.24840,-0.06780
RM1,London,UK,51.57510,0.18580
RM10,London,UK,51.55000,0.16670
RM11,London,UK,51.55680,0.21660
RM12,London,UK,51.55323,0.20850
RM13,London,UK,51.52230,0.19370
RM14,London,UK,51.55452,0.27388
RM15,South Ockendon,UK,51.50395,0.26750
RM16,North Stifford,UK,51.49590,0.34357
RM17,Little Thurrock,UK,51.47605,0.33135
RM18,East Tilbury,UK,51.47323,0.38840
RM19,Purfleet,UK,51.48390,0.24250
RM2,London,UK,51.58640,0.20270
RM20,West Thurrock,UK,51.47830,0.27670
RM3,London,UK,51.59460,0.23290
RM4,London,UK,51.64540,0.19120
RM5,London,UK,51.59890,0.16600
RM6,London,UK,51.57580,0.12990
RM7,London,UK,51.56020,0.17920
RM8,London,UK,51.54610,0.13890
RM9,London,UK,51.55290,0.12900
S1,Sheffield,UK,53.38300,-1.46590
S10,Fulwood,UK,53.35000,-1.55000
S11,Sheffield,UK,53.36080,-1.50840
S12,Gleadless,UK,53.34850,-1.40680
S13,Handsworth,UK,53.36420,-1.37450
S14,Sheffield,UK,53.34620,-1.44450
S17,Totley,UK,53.32050,-1.54055
S18,Unstone,UK,53.29518,-1.47620
S2,Sheffield,UK,53.38300,-1.46590
S20,Sheffield,UK,53.33470,-1.35200
S21,Sheffield,UK,53.31230,-1.33940
S25,Sheffield,UK,53.36560,-1.21770
S26,Sheffield,UK,53.35290,-1.29150
S3,Sheffield,UK,53.38300,-1.46590
S32,Sheffield,UK,53.29520,-1.65110
S33,Sheffield,UK,53.34440,-1.73950
S35,Chapeltown,UK,53.45810,-1.49740
S36,Sheffield,UK,53.50520,-1.61610
S4,Sheffield,UK,53.38300,-1.46590
S40,Brampton,UK,53.23400,-1.44620
S41,Hasland,UK,53.25833,-1.42500
S42,Cutthorpe,UK,53.21066,-1.44717
S43,Woodthorpe,UK,53.27028,-1.32980
S44,Heath,UK,53.20758,-1.31539
S45,Ashover,UK,53.16159,-1.40043
S49,Chesterfield,UK,53.25000,-1.41670
S5,Sheffield,UK,53.42220,-1.46320
S6,Low Bradfield,UK,53.39310,-1.54520
S60,Treeton,UK,53.40436,-1.34648
S61,Greasbrough,UK,53.45670,-1.37380
S62,Wentworth,UK,53.46473,-1.36407
S63,Bolton upon Dearne,UK,53.50790,-1.34018
S64,Kilnhurst,UK,53.48260,-1.30428
S65,Ravenfield,UK,53.44843,-1.28717
S66,Stainton,UK,53.41711,-1.23470
S7,Sheffield,UK,53.35500,-1.49070
S70,Worsbrough,UK,53.53123,-1.47733
S71,Ardsley,UK,53.57650,-1.44157
S72,South Hiendley,UK,53.57321,-1.38263
S73,Wombwell,UK,53.52670,-1.38930
S74,Elsecar,UK,53.49947,-1.43797
S75,Kexbrough,UK,53.56098,-1.53913
S8,Beauchief,UK,53.34390,-1.47815
S80,Creswell,UK,53.28049,-1.17163
S81,Shireoaks,UK,53.34873,-1.12515
S9,Wincobank,UK,53.40550,-1.40847
S95,Rotherham,UK,53.43495,-1.41100
S96,Sheffield,UK,53.40310,-1.42730
S97,Sheffield,UK,53.46460,-1.34935
S98,Sheffield,UK,53.40410,-1.43130
S99,Sheffield,UK,53.40420,-1.43100
SA1,Landore,UK,51.63398,-3.94848
SA10,Crynant,UK,51.71422,-3.72037
SA11,Aber-pergwm,UK,51.70801,-3.69441
SA12,Cwmafan,UK,51.61182,-3.77030
SA13,Duffryn,UK,51.63321,-3.67089
SA14,Cefneithin,UK,51.76378,-4.08948
SA15,Llanelli,UK,51.74003,-4.18725
SA16,Burry Port,UK,51.68593,-4.26157
SA17,Broadway,UK,51.76146,-4.27827
SA18,Brynamman,UK,51.79185,-3.96678
SA19,Talley,UK,51.92280,-3.95098
SA2,Killay,UK,51.61628,-4.04254
SA20,Abercrychan,UK,52.01661,-3.78581
SA3,Llanddewi,UK,51.59142,-4.13639
SA31,Carmarthen,UK,51.85391,-4.30209
SA32,Brechfa,UK,51.89156,-4.16407
SA33,Laugharne,UK,51.85140,-4.43910
SA34,Hebron,UK,51.86776,-4.62014
SA35,Cwm-Morgan,UK,51.97499,-4.55551
SA36,Hermon,UK,51.95780,-4.60860
SA37,Boncath,UK,52.02878,-4.58652
SA38,Newcastle Emlyn,UK,52.04397,-4.47885
SA39,Pencader,UK,52.01507,-4.24810
SA4,Fforest,UK,51.67023,-4.05913
SA40,Aber,UK,52.08594,-4.17561
SA41,Crymych,UK,51.98668,-4.68779
SA42,Newport,UK,52.01680,-4.84271
SA43,Penparc,UK,52.07603,-4.63760
SA44,Hawen,UK,52.04620,-4.36310
SA45,Gilfachrheda,UK,52.20968,-4.35834
SA46,Llwyncelyn,UK,52.24250,-4.25870
SA47,Llanarth,UK,52.18775,-4.29985
SA48,Tal-sarn,UK,52.15412,-4.11180
SA5,Cadle,UK,51.64667,-3.98539
SA6,Morriston,UK,51.67660,-3.91470
SA61,Woodbine,UK,51.80170,-4.96910
SA62,Granston,UK,51.84975,-5.03141
SA63,Clarbeston,UK,51.88459,-4.85137
SA64,Tresinwen,UK,52.00472,-5.01007
SA65,Scleddau,UK,51.97978,-4.96308
SA66,Llanfallteg West,UK,51.88357,-4.74716
SA67,Bethesda,UK,51.78254,-4.73883
SA68,Begelly,UK,51.73025,-4.77902
SA69,Pentlepoir,UK,51.71060,-4.70140
SA7,Pentre-Dwr,UK,51.67030,-3.88620
SA70,Redberth,UK,51.67470,-4.76935
SA71,Rhoscrowther,UK,51.65320,-4.95581
SA72,Cosheston,UK,51.69333,-4.92160
SA73,Robeston Cross,UK,51.71984,-4.98336
SA8,Cilybebyll,UK,51.72245,-3.84586
SA80,Llansamlet Community,UK,51.64790,-3.92430
SA9,Cwmllynfell,UK,51.78135,-3.76081
SA99,Mynyddbach Community,UK,51.67000,-3.94540
SE1,London,UK,51.49875,-0.09304
SE10,London,UK,51.47790,-0.01180
SE11,London,UK,51.48810,-0.11312
SE12,London,UK,51.44480,0.02090
SE13,London,UK,51.46430,-0.01190
SE14,London,UK,51.47647,-0.03223
SE15,London,UK,51.47017,-0.06032
SE16,London,UK,51.49742,-0.05280
SE17,London,UK,51.48563,-0.10283
SE18,London,UK,51.48717,0.07407
SE19,London,UK,51.41788,-0.08508
SE1P,London,UK,51.50000,-0.08330
SE2,London,UK,51.48690,0.10750
SE20,London,UK,51.41095,-0.05695
SE21,London,UK,51.44390,-0.08850
SE22,London,UK,51.45363,-0.06877
SE23,London,UK,51.44697,-0.04167
SE24,London,UK,51.45420,-0.09830
SE25,London,UK,51.39832,-0.06895
SE26,London,UK,51.42278,-0.06650
SE27,London,UK,51.43160,-0.10270
SE28,London,UK,51.50230,0.10450
SE3,London,UK,51.46597,0.01750
SE4,London,UK,51.46100,-0.03520
SE5,London,UK,51.47458,-0.09012
SE6,London,UK,51.44165,-0.01850
SE7,London,UK,51.48420,0.03390
SE8,London,UK,51.47760,-0.02610
SE9,London,UK,51.44698,0.05428
SG1,Stevenage,UK,51.90220,-0.20260
SG10,Much Hadham,UK,51.85410,0.07190
SG11,Bury Green,UK,51.89398,0.04611
SG12,Wareside,UK,51.81927,-0.00749
SG13,Hertford,UK,51.76600,-0.07885
SG14,Stapleford,UK,51.81177,-0.11705
SG15,Church End,UK,52.01025,-0.26465
SG16,Lower Stondon,UK,52.03020,-0.28600
SG17,Chicksands,UK,52.03746,-0.34044
SG18,Dunton,UK,52.07825,-0.27325
SG19,East Hatley,UK,52.13761,-0.18800
SG2,Shephall,UK,51.89905,-0.14905
SG3,Datchworth Green,UK,51.85688,-0.17498
SG4,Hitchin,UK,51.91385,-0.23424
SG5,Upton End,UK,51.97019,-0.32795
SG6,Letchworth,UK,51.98690,-0.21750
SG7,Bygrave,UK,52.01186,-0.17391
SG8,Shingay,UK,52.07207,-0.02316
SG9,Aspenden,UK,51.94930,-0.00653
SK1,Stockport,UK,53.40980,-2.15760
SK10,Chelford,UK,53.29020,-2.14415
SK11,Rushton Spencer,UK,53.22964,-2.14892
SK12,Birch Vale,UK,53.35188,-2.09209
SK13,Old Glossop,UK,53.44330,-1.94900
SK14,Charlesworth,UK,53.45065,-2.04802
SK15,Stalybridge,UK,53.48410,-2.05910
SK16,Dukinfield,UK,53.47500,-2.08810
SK17,Hollinsclough,UK,53.21500,-1.82370
SK2,Offerton,UK,53.39460,-2.13290
SK22,High Peak,UK,53.37330,-1.98750
SK23,Chinley,UK,53.33157,-1.94483
SK3,Stockport,UK,53.40980,-2.15760
SK4,Heaton Moor,UK,53.41910,-2.18120
SK5,Reddish,UK,53.44180,-2.16100
SK6,Bredbury,UK,53.40628,-2.07140
SK7,Hazel Grove,UK,53.35820,-2.14960
SK8,Cheadle Hulme,UK,53.38802,-2.20320
SK9,Styal,UK,53.32640,-2.22810
SL0,Iver,UK,51.52170,-0.51253
SL1,Burnham,UK,51.52122,-0.63036
SL2,Hedgerley,UK,51.55307,-0.60603
SL3,George Green,UK,51.50211,-0.55126
SL4,Dorney,UK,51.47828,-0.63117
SL5,South Ascot,UK,51.40361,-0.65329
SL6,Taplow,UK,51.52433,-0.72959
SL60,Windsor and Maidenhead,UK,51.51860,-0.71480
SL7,Lower Woodend,UK,51.56580,-0.78258
SL8,Well End,UK,51.57860,-0.70890
SL9,Chalfont St Peter,UK,51.59747,-0.55580
SL95,Slough,UK,51.49920,-0.53910
SM1,London,UK,51.35000,-0.20000
SM2,London,UK,51.35100,-0.19940
SM3,London,UK,51.35790,-0.21620
SM4,London,UK,51.39487,-0.19920
SM5,London,UK,51.36830,-0.16760
SM6,London,UK,51.36700,-0.15383
SM7,Cuddington,UK,51.32360,-0.19950
SN1,Swindon,UK,51.55800,-1.78120
SN10,Calstone Wellington,UK,51.32456,-1.99616
SN11,Heddington,UK,51.44736,-1.97660
SN12,Seend Cleeve,UK,51.37382,-2.14156
SN13,Neston,UK,51.42416,-2.20342
SN14,Nettleton,UK,51.47903,-2.20724
SN15,Notton,UK,51.48109,-2.07150
SN16,Garsdon,UK,51.60625,-2.07155
SN2,Broad Blunsdon,UK,51.58287,-1.79523
SN25,Swindon,UK,51.55800,-1.78120
SN26,Swindon,UK,51.61240,-1.78730
SN3,Coate,UK,51.58920,-1.71940
SN38,Swindon,UK,51.55800,-1.78120
SN4,Broad Town,UK,51.50309,-1.80516
SN5,Nine Elms,UK,51.57998,-1.85634
SN6,Leigh,UK,51.61734,-1.73250
SN7,Shellingford,UK,51.64503,-1.55534
SN8,Crofton,UK,51.37459,-1.66867
SN9,East Chisenbury,UK,51.32111,-1.81599
SN99,Swindon,UK,51.55800,-1.78120
SO14,Northam,UK,50.91100,-1.39200
SO15,Southampton,UK,50.91380,-1.41968
SO16,Lordshill,UK,50.94213,-1.43182
SO17,Portswood,UK,50.92700,-1.39400
SO18,Swaythling,UK,50.92565,-1.36840
SO19,Sholing,UK,50.89930,-1.36707
SO20,Broughton,UK,51.11021,-1.49766
SO21,Otterbourne,UK,51.08812,-1.30014
SO22,Pitt,UK,51.06670,-1.35443
SO23,Headbourne Worthy,UK,51.07607,-1.31407
SO24,Ropley,UK,51.09180,-1.14974
SO25,Winchester,UK,51.06760,-1.29730
SO30,Botley,UK,50.91855,-1.30265
SO31,Hound,UK,50.87047,-1.31366
SO32,Hillpound,UK,50.97581,-1.17934
SO40,Copythorne,UK,50.91249,-1.51342
SO41,Downton,UK,50.75771,-1.57136
SO42,Beaulieu,UK,50.81211,-1.48311
SO43,Bolderwood,UK,50.89636,-1.59736
SO45,Holbury,UK,50.82128,-1.37738
SO50,North Stoneham,UK,50.96270,-1.32847
SO51,Romsey,UK,51.01539,-1.49410
SO52,North Baddesley,UK,50.97750,-1.44550
SO53,Chandler's Ford,UK,50.98460,-1.39900
SO97,Eastleigh,UK,50.96670,-1.35000
SP1,Stratford sub Castle,UK,51.06930,-1.79570
SP10,Charlton,UK,51.21670,-1.49775
SP11,Ludgershall,UK,51.23441,-1.47604
SP2,Netherhampton,UK,51.09477,-1.86676
SP3,East Knoyle,UK,51.11464,-1.98727
SP4,Bulford Camp,UK,51.17019,-1.75576
SP5,Alvediston,UK,51.05343,-1.80511
SP6,Alderholt,UK,50.93916,-1.80468
SP7,Berwick St John,UK,50.99635,-2.15666
SP8,Huntingford,UK,51.02831,-2.30867
SP9,South Tidworth,UK,51.23237,-1.66497
SR1,Sunderland,UK,54.90460,-1.38220
SR2,Hendon,UK,54.87920,-1.37365
SR3,New Silksworth,UK,54.87423,-1.41537
SR4,South Hylton,UK,54.90040,-1.42550
SR5,Castletown,UK,54.92137,-1.41673
SR6,Whitburn,UK,54.94488,-1.37252
SR7,Murton,UK,54.82140,-1.37063
SR8,Peterlee,UK,54.77632,-1.34098
SR9,Sunderland,UK,54.90460,-1.38220
SS0,Westcliff-on-Sea,UK,51.54745,0.69740
SS1,Southend-on-Sea,UK,51.53847,0.73510
SS11,Battlesbridge,UK,51.61865,0.56070
SS12,Wickford,UK,51.60307,0.52637
SS13,Bowers Gifford,UK,51.56505,0.51675
SS14,Basildon,UK,51.56840,0.45780
SS15,Laindon,UK,51.57630,0.42170
SS16,Langdon Hills,UK,51.56052,0.45237
SS17,Stanford-le-Hope,UK,51.52144,0.45817
SS2,Southend,UK,51.53780,0.71430
SS22,Southend-on-Sea,UK,51.53780,0.71430
SS3,Great Wakering,UK,51.55461,0.78897
SS4,Great Stambridge,UK,51.60099,0.72139
SS5,Hullbridge,UK,51.60523,0.64863
SS6,Rayleigh,UK,51.58570,0.60460
SS7,Hope's Green,UK,51.55652,0.58128
SS8,Leigh Beck,UK,51.52200,0.58090
SS9,Leigh-on-Sea,UK,51.54885,0.65005
SS99,Southend-on-Sea,UK,51.53780,0.71430
ST1,Hanley,UK,53.02490,-2.17390
ST10,Near Cotton,UK,52.99453,-1.94196
ST11,Blythe Bridge,UK,52.96680,-2.05812
ST12,Tittensor,UK,52.94200,-2.17050
ST13,Thorncliff,UK,53.10931,-1.98960
ST14,Grindley,UK,52.90300,-1.87218
ST15,Stone,UK,52.90192,-2.12229
ST16,Castle Bank,UK,52.80520,-2.11640
ST17,Brocton,UK,52.77072,-2.05892
ST18,Weston,UK,52.81031,-2.08839
ST19,Brewood,UK,52.71195,-2.16558
ST2,Milton,UK,53.03332,-2.14168
ST20,Gnosall Heath,UK,52.80018,-2.28455
ST21,Cranberry,UK,52.87869,-2.24400
ST3,Meirheath,UK,52.98330,-2.13330
ST4,Trentham,UK,52.99089,-2.18020
ST5,Baldwin's Gate,UK,53.00718,-2.25353
ST55,Silverdale,UK,53.01450,-2.24000
ST6,Burslem,UK,53.05913,-2.18272
ST7,Mow Cop,UK,53.08971,-2.26781
ST8,Newtown,UK,53.11566,-2.16911
ST9,Stanley,UK,53.05458,-2.09029
SW1,London,UK,51.49558,-0.14179
SW10,London,UK,51.48760,-0.16940
SW11,London,UK,51.46917,-0.16193
SW12,London,UK,51.44690,-0.13840
SW13,London,UK,51.47350,-0.24840
SW14,London,UK,51.46550,-0.26690
SW15,London,UK,51.45653,-0.23060
SW16,London,UK,51.42283,-0.12427
SW17,London,UK,51.43070,-0.16470
SW18,London,UK,51.44890,-0.19710
SW19,London,UK,51.42343,-0.19733
SW1A,London,UK,51.50180,-0.13280
SW1E,London,UK,51.50850,-0.12570
SW1H,London,UK,51.50850,-0.12570
SW1P,London,UK,51.50850,-0.12570
SW1V,London,UK,51.50850,-0.12570
SW1W,London,UK,51.50850,-0.12570
SW1X,London,UK,51.49730,-0.15530
SW1Y,London,UK,51.50850,-0.12570
SW2,London,UK,51.45480,-0.11580
SW20,London,UK,51.40950,-0.22818
SW3,London,UK,51.48798,-0.16587
SW4,London,UK,51.46758,-0.12912
SW5,London,UK,51.48700,-0.19100
SW6,London,UK,51.48030,-0.19930
SW7,London,UK,51.49598,-0.17628
SW8,London,UK,51.48162,-0.12760
SW9,London,UK,51.47400,-0.11680
SW95,London,UK,51.48860,-0.12355
SY1,Battlefield,UK,52.71675,-2.74680
SY10,Edgerley,UK,52.83394,-3.14697
SY11,Oswestry,UK,52.83286,-2.96593
SY12,Ellesmere,UK,52.88754,-2.86404
SY13,Whixall,UK,52.94580,-2.67513
SY14,Bickerton,UK,53.04084,-2.76980
SY15,Chirbury,UK,52.55073,-3.12186
SY16,Aberhafesp,UK,52.50788,-3.30158
SY17,Oakley Park,UK,52.51968,-3.47288
SY18,Pant Mawr,UK,52.42800,-3.57299
SY19,Pandy,UK,52.57353,-3.63426
SY2,Sutton,UK,52.70650,-2.72950
SY20,Angler's Retreat,UK,52.59227,-3.81667
SY21,Marton,UK,52.67081,-3.19769
SY22,Tycrwyn,UK,52.72475,-3.22920
SY23,Aberffrwd,UK,52.34459,-3.98850
SY24,Ynyslas,UK,52.47329,-4.02848
SY25,Penuwch,UK,52.25278,-3.92938
SY3,Great Lyth,UK,52.69886,-2.77491
SY4,Noneley,UK,52.76510,-2.71901
SY5,Church Pulverbatch,UK,52.64781,-2.82518
SY6,Wall Bank,UK,52.53828,-2.78398
SY7,Craven Arms,UK,52.43639,-2.83271
SY8,Bitterley,UK,52.36667,-2.69401
SY9,Wentnor,UK,52.50330,-2.97876
SY99,Shrewsbury,UK,52.71010,-2.75210
TA1,Bathpool,UK,51.00923,-3.10910
TA10,Bramwell,UK,51.03782,-2.81612
TA11,Barton St David,UK,51.07033,-2.67303
TA12,Kingsbury Episcopi,UK,50.97779,-2.77336
TA13,East Lambrook,UK,50.93670,-2.81232
TA14,Stoke sub Hambon,UK,50.93020,-2.75720
TA15,Montacute,UK,50.95000,-2.71670
TA16,Merriott,UK,50.91270,-2.79540
TA17,Dinnington,UK,50.91005,-2.84300
TA18,Crewkerne,UK,50.88359,-2.78445
TA19,Seavington St Michael,UK,50.93459,-2.90396
TA2,West Monkton,UK,51.04662,-3.08832
TA20,Thorncombe,UK,50.87217,-2.95818
TA21,Hockworthy,UK,50.97909,-3.28244
TA22,Hawkridge,UK,51.06260,-3.54731
TA23,Washford,UK,51.15741,-3.36947
TA24,Exford,UK,51.17405,-3.54186
TA3,Pitminster,UK,50.99757,-2.99251
TA4,Ash Priors,UK,51.08139,-3.28794
TA5,Dodington,UK,51.16936,-3.10421
TA6,Bridgwater,UK,51.13923,-3.00647
TA7,Huntworth,UK,51.12420,-2.90269
TA8,Brean,UK,51.26753,-3.00560
TA9,Bason Bridge,UK,51.22147,-2.94988
TD1,Clovenfords,UK,55.66659,-2.86069
TD10,Purves Hall,UK,55.72610,-2.43510
TD11,Lintlaw,UK,55.78831,-2.31273
TD12,Howtel,UK,55.60056,-2.20458
TD13,Oldhamstocks,UK,55.93094,-2.38120
TD14,Eyemouth,UK,55.86298,-2.15812
TD15,Scremerston,UK,55.71180,-2.05172
TD2,Lauder,UK,55.74290,-2.77377
TD3,Gordon,UK,55.71090,-2.57460
TD4,Fans,UK,55.66000,-2.66748
TD5,Gateshaw,UK,55.58069,-2.41269
TD6,Bowden,UK,55.57121,-2.70192
TD7,Aikwood Tower,UK,55.53200,-2.88542
TD8,Langlee,UK,55.48030,-2.54700
TD9,Howpasley,UK,55.39355,-2.70757
TF1,Wellington,UK,52.70000,-2.50000
TF10,Newport,UK,52.76590,-2.35081
TF11,Crackleybank,UK,52.64843,-2.34676
TF12,Broseley,UK,52.60473,-2.48800
TF13,Stretton Westwood,UK,52.56573,-2.60278
TF2,Trench,UK,52.70497,-2.44937
TF3,Telford,UK,52.67660,-2.44930
TF4,Lawley,UK,52.66903,-2.47977
TF5,Admaston,UK,52.71670,-2.55000
TF6,Wrockwardine,UK,52.73707,-2.55151
TF7,Madeley,UK,52.63330,-2.43330
TF8,Coalbrookdale,UK,52.62990,-2.48845
TF9,Sutton,UK,52.85676,-2.42556
TN1,Royal Tunbridge Wells,UK,51.13250,0.26330
TN10,Higham Wood,UK,51.22580,0.28020
TN11,Penshurst,UK,51.20164,0.26276
TN12,Chainhurst,UK,51.17186,0.43543
TN13,Sevenoaks,UK,51.28125,0.17813
TN14,London,UK,51.29798,0.13729
TN15,Wrotham Hill,UK,51.30684,0.28470
TN16,London,UK,51.28710,0.05978
TN17,Rolvenden,UK,51.09639,0.54385
TN18,Newenden,UK,51.03879,0.53776
TN19,Boarzell,UK,51.00771,0.42940
TN2,Hawkenbury,UK,51.14300,0.32190
TN20,Five Ashes,UK,51.02010,0.25840
TN21,Rushlake Green,UK,50.95209,0.26949
TN22,Heron's Ghyll,UK,50.97996,0.09732
TN23,Great Chart,UK,51.13010,0.84320
TN24,Cheeseman's Green,UK,51.15110,0.89081
TN25,Aldington,UK,51.14643,0.93936
TN26,Hamstreet,UK,51.11189,0.75130
TN27,Westwell Leacon,UK,51.17051,0.71509
TN28,Littlestone-on-Sea,UK,50.98460,0.95223
TN29,St Mary's Bay,UK,51.01352,0.90759
TN3,Frant,UK,51.10269,0.18929
TN30,Ashenden,UK,51.02749,0.72080
TN31,Udimore,UK,50.96017,0.70061
TN32,Staple Cross,UK,50.97845,0.49240
TN33,Battle,UK,50.90560,0.45649
TN34,St Helen's,UK,50.85520,0.57290
TN35,Fairlight Cove,UK,50.88908,0.62499
TN36,Winchelsea,UK,50.91907,0.69993
TN37,Baldslow,UK,50.87460,0.54770
TN38,Bulverhythe,UK,50.85560,0.54520
TN39,Cooden,UK,50.85192,0.45088
TN4,High Brooms,UK,51.15680,0.24428
TN40,Bexhill,UK,50.85020,0.47100
TN5,Tidebrook,UK,51.05440,0.37391
TN6,Town Row,UK,51.05578,0.21309
TN7,Hartfield,UK,51.09822,0.11116
TN8,Four Elms,UK,51.19319,0.09832
TN9,Tonbridge,UK,51.19240,0.27530
TQ1,Maidencombe,UK,50.47820,-3.51760
TQ10,Avonwick,UK,50.42100,-3.80763
TQ11,Buckfastleigh,UK,50.47672,-3.78396
TQ12,Netherton,UK,50.52605,-3.61183
TQ13,Dartmeet,UK,50.59313,-3.68865
TQ14,Bishopsteignton,UK,50.54670,-3.51523
TQ2,Barton,UK,50.47620,-3.54600
TQ3,Paignton,UK,50.44185,-3.58188
TQ4,Goodrington,UK,50.42400,-3.57130
TQ5,Churston Ferrers,UK,50.39042,-3.54280
TQ6,Dartmouth,UK,50.34440,-3.59713
TQ7,Torcross,UK,50.27873,-3.79012
TQ8,East Portlemouth,UK,50.23465,-3.76465
TQ9,Littlehempston,UK,50.40683,-3.69641
TR1,St Clement,UK,50.26370,-5.06268
TR10,Rame,UK,50.16754,-5.11564
TR11,Falmouth,UK,50.14499,-5.10941
TR12,Coverack,UK,50.03119,-5.17912
TR13,Sithney,UK,50.11412,-5.28395
TR14,Camborne,UK,50.19814,-5.30309
TR15,Redruth,UK,50.23037,-5.23843
TR16,Penhalvean,UK,50.24102,-5.22403
TR17,Marazion,UK,50.12560,-5.47510
TR18,Gulval,UK,50.12072,-5.53718
TR19,Paul,UK,50.09961,-5.62728
TR2,Trelassick,UK,50.22666,-4.96160
TR20,Germoe,UK,50.13114,-5.49728
TR21,Hugh Town,UK,49.91450,-6.31140
TR22,St. Agnes,UK,49.89250,-6.34480
TR23,Bryher,UK,49.95330,-6.35280
TR24,Tresco,UK,49.94870,-6.33110
TR25,Higher Town,UK,49.96420,-6.29330
TR26,St Ives,UK,50.19705,-5.50252
TR27,Hayle,UK,50.18622,-5.39431
TR3,Ponsanooth,UK,50.21233,-5.09849
TR4,Trispen,UK,50.28749,-5.13143
TR5,St Agnes,UK,50.31060,-5.19740
TR6,Perranporth,UK,50.34380,-5.15560
TR7,Newquay,UK,50.41865,-5.06048
TR8,Rejerrah,UK,50.38499,-5.04220
TR9,Indian Queens,UK,50.43330,-4.93330
TS1,Middlesbrough,UK,54.57620,-1.23480
TS10,Wilton,UK,54.60510,-1.07006
TS11,New Marske,UK,54.57873,-1.02817
TS12,Skelton Green,UK,54.55160,-0.96301
TS13,Dalehouse,UK,54.53401,-0.83748
TS14,Pinchinthorpe,UK,54.53480,-1.05610
TS15,Middleton-on-Leven,UK,54.47510,-1.31340
TS16,Eaglescliffe,UK,54.52520,-1.35040
TS17,Thornaby-on-Tees,UK,54.53330,-1.30000
TS18,Hartburn,UK,54.56130,-1.32430
TS19,Stockton-on-Tees,UK,54.56850,-1.31870
TS2,Port Clarence,UK,54.58700,-1.22740
TS20,Norton,UK,54.58680,-1.31380
TS21,Foxton,UK,54.61246,-1.43429
TS22,Wynyard,UK,54.63310,-1.29168
TS23,Billingham,UK,54.59667,-1.26840
TS24,Crimdon Park,UK,54.69310,-1.21150
TS25,Seaton Carew,UK,54.65150,-1.21280
TS26,High Throston,UK,54.70000,-1.25000
TS27,Castle Eden,UK,54.71442,-1.30490
TS28,Wingate,UK,54.72895,-1.37705
TS29,Trimdon,UK,54.70647,-1.42747
TS3,Cargo Fleet,UK,54.56210,-1.18777
TS4,Middlesbrough,UK,54.57620,-1.23480
TS5,Acklam,UK,54.55070,-1.25210
TS6,Eston,UK,54.56914,-1.14240
TS7,Tollesby,UK,54.52897,-1.19350
TS8,Newby,UK,54.51546,-1.24278
TS9,Battersby,UK,54.45925,-1.16069
TW1,London,UK,51.44540,-0.32970
TW10,London,UK,51.44236,-0.30408
TW11,London,UK,51.42230,-0.33050
TW12,London,UK,51.41330,-0.36700
TW13,London,UK,51.43975,-0.39860
TW14,London,UK,51.45280,-0.42150
TW15,Ashford,UK,51.43170,-0.45760
TW16,Sunbury,UK,51.40420,-0.41820
TW17,Littleton,UK,51.39723,-0.44823
TW18,Staines,UK,51.42025,-0.49775
TW19,Hythe End,UK,51.45637,-0.50920
TW2,London,UK,51.44540,-0.32970
TW20,Cooper's Hill,UK,51.42200,-0.55452
TW3,London,UK,51.47140,-0.36820
TW4,London,UK,51.46840,-0.36090
TW5,London,UK,51.48025,-0.39460
TW6,London,UK,51.47000,-0.45090
TW7,London,UK,51.47520,-0.34250
TW8,London,UK,51.48620,-0.30830
TW9,London,UK,51.47153,-0.29637
UB1,London,UK,51.50900,-0.37130
UB10,London,UK,51.54860,-0.44830
UB11,London,UK,51.51120,-0.44690
UB18,London,UK,51.50070,-0.40270
UB2,London,UK,51.49540,-0.37630
UB3,London,UK,51.51580,-0.42340
UB4,London,UK,51.52780,-0.39840
UB5,London,UK,51.54860,-0.36780
UB6,London,UK,51.53410,-0.33285
UB7,London,UK,51.50226,-0.47134
UB8,London,UK,51.53787,-0.47913
UB9,London,UK,51.58443,-0.49240
W1,London,UK,51.50121,-0.09864
W10,London,UK,51.52300,-0.21880
W11,London,UK,51.50753,-0.20500
W12,London,UK,51.50500,-0.22110
W13,London,UK,51.51220,-0.31162
W14,London,UK,51.49550,-0.21798
W1A,London,UK,51.50000,-0.11670
W1B,London,UK,51.50850,-0.12570
W1C,London,UK,51.50850,-0.12570
W1D,London,UK,51.50850,-0.12570
W1F,London,UK,51.50850,-0.12570
W1G,London,UK,51.50850,-0.12570
W1H,London,UK,51.51760,-0.16120
W1J,London,UK,51.50850,-0.12570
W1K,London,UK,51.50850,-0.12570
W1M,London,UK,51.50000,-0.15000
W1S,London,UK,51.50850,-0.12570
W1T,London,UK,51.50850,-0.12570
W1U,London,UK,51.50850,-0.12570
W1W,London,UK,51.50850,-0.12570
W2,London,UK,51.51414,-0.18865
W3,London,UK,51.51048,-0.26572
W4,London,UK,51.49270,-0.25800
W5,London,UK,51.51633,-0.28519
W6,London,UK,51.49248,-0.22040
W7,London,UK,51.51180,-0.33590
W8,London,UK,51.50113,-0.19850
W9,London,UK,51.52442,-0.18458
WA1,Woolston,UK,53.39550,-2.56100
WA10,St Helens,UK,53.45000,-2.75830
WA11,Haydock,UK,53.48700,-2.73925
WA12,Newton-le-Willows,UK,53.45125,-2.61980
WA13,Warburton,UK,53.39150,-2.46508
WA14,Broadheath,UK,53.38524,-2.36554
WA15,Hale,UK,53.37610,-2.33310
WA16,Mere,UK,53.30641,-2.37902
WA2,Winwick,UK,53.41607,-2.58103
WA3,Lowton,UK,53.45247,-2.54573
WA4,Dutton,UK,53.34802,-2.58387
WA5,Burtonwood,UK,53.40978,-2.65560
WA55,Warrington,UK,53.40290,-2.60585
WA6,Alvanley,UK,53.26614,-2.73279
WA7,Weston Point,UK,53.32413,-2.71180
WA8,Cronton,UK,53.36993,-2.73971
WA88,Halton,UK,53.36800,-2.76870
WA9,Clock Face,UK,53.42643,-2.73487
WC1,London,UK,51.52549,-0.12230
WC1A,London,UK,51.50850,-0.12570
WC1B,London,UK,51.50850,-0.12570
WC1E,London,UK,51.50850,-0.12570
WC1H,London,UK,51.50850,-0.12570
WC1N,London,UK,51.50850,-0.12570
WC1R,London,UK,51.50850,-0.12570
WC1V,London,UK,51.50850,-0.12570
WC1X,London,UK,51.50850,-0.12570
WC2,London,UK,51.51340,-0.12338
WC2A,London,UK,51.50850,-0.12570
WC2B,London,UK,51.50850,-0.12570
WC2E,London,UK,51.50850,-0.12570
WC2H,London,UK,51.50850,-0.12570
WC2N,London,UK,51.50850,-0.12570
WC2R,London,UK,51.50850,-0.12570
WD1,Watford,UK,51.64120,-0.38098
WD17,Watford,UK,51.65530,-0.39600
WD18,Watford,UK,51.65530,-0.39600
WD19,Watford,UK,51.65530,-0.39600
WD2,Aldenham,UK,51.67418,-0.37722
WD23,Bushey,UK,51.64320,-0.36050
WD24,Watford,UK,51.65530,-0.39600
WD25,Watford,UK,51.65530,-0.39600
WD3,Chenies,UK,51.65108,-0.49022
WD4,Chipperfield,UK,51.70890,-0.47060
WD5,Bedmond,UK,51.70520,-0.41730
WD6,Borehamwood,UK,51.65073,-0.28350
WD7,Radlett,UK,51.68860,-0.30470
WD99,Watford,UK,51.65530,-0.39600
WF1,Wakefield,UK,53.69247,-1.47710
WF10,Ledston,UK,53.73315,-1.35290
WF11,Birkin,UK,53.71867,-1.25085
WF12,Whitley Lower,UK,53.68023,-1.62753
WF13,Ravensthorpe,UK,53.67870,-1.66080
WF14,Mirfield,UK,53.67340,-1.69640
WF15,Roberttown,UK,53.70185,-1.69825
WF16,Heckmondwike,UK,53.70650,-1.67750
WF17,Batley,UK,53.70290,-1.63370
WF2,Walton,UK,53.66534,-1.51568
WF3,Lofthouse,UK,53.72902,-1.51775
WF4,Netherton,UK,53.63833,-1.52937
WF5,Ossett,UK,53.67980,-1.58010
WF6,Altofts,UK,53.70345,-1.42490
WF7,Ackworth Moor Top,UK,53.66962,-1.34368
WF8,Kirk Smeaton,UK,53.66014,-1.26719
WF9,Kinsley,UK,53.61584,-1.31360
WF90,Wakefield,UK,53.68330,-1.49770
WN1,Wigan,UK,53.54315,-2.62260
WN2,Bryn Gates,UK,53.54413,-2.58987
WN3,Ince-in-Makerfield,UK,53.53330,-2.61670
WN4,Ashton-in-Makerfield,UK,53.49070,-2.65740
WN5,Orrell,UK,53.49790,-2.70810
WN6,Appley Bridge,UK,53.57782,-2.69360
WN7,Lately Common,UK,53.49310,-2.51750
WN8,Skelmersdale,UK,53.56230,-2.76599
WR1,Worcester,UK,52.18940,-2.22000
WR10,Wick,UK,52.11445,-2.04761
WR11,Salford Priors,UK,52.10796,-1.92014
WR12,Aston Somerville,UK,52.03696,-1.88752
WR13,Mathon,UK,52.09508,-2.32954
WR14,West Malvern,UK,52.09508,-2.32723
WR15,Boraston,UK,52.30149,-2.54946
WR2,Henwick,UK,52.19408,-2.25072
WR3,Fernhill Heath,UK,52.23040,-2.19280
WR4,Warndon,UK,52.20380,-2.18970
WR5,Kempsey,UK,52.16510,-2.19744
WR6,Whitbourne,UK,52.22843,-2.39026
WR7,Abbots Morton,UK,52.19072,-2.06735
WR8,Clifton,UK,52.08893,-2.20044
WR9,Wychbold,UK,52.26260,-2.16358
WR99,Warndon,UK,52.19050,-2.19955
WS1,Maw Green,UK,52.58530,-1.98400
WS10,Moxley,UK,52.55902,-2.02842
WS11,Four Crosses,UK,52.68246,-2.02148
WS12,Littleworth,UK,52.70603,-2.00617
WS13,Hilliard's Cross,UK,52.69530,-1.80766
WS14,Chesterfield,UK,52.65805,-1.81576
WS15,Rugeley,UK,52.75766,-1.90304
WS2,Walsall,UK,52.58530,-1.98400
WS3,Bloxwich,UK,52.62360,-1.98583
WS4,Shelfield,UK,52.60000,-1.95000
WS5,Walsall,UK,52.58530,-1.98400
WS6,Cheslyn Hay,UK,52.66280,-2.01110
WS7,Burntwood,UK,52.67313,-1.91802
WS8,Brownhills,UK,52.63330,-1.93330
WS9,Stonnall,UK,52.61708,-1.91614
WV1,Monmore Green,UK,52.58135,-2.11545
WV10,Oxley,UK,52.65111,-2.10143
WV11,Essington,UK,52.61457,-2.07050
WV12,New Invention,UK,52.60600,-2.04060
WV13,Willenhall,UK,52.60000,-2.03330
WV14,Bradley,UK,52.55627,-2.07710
WV15,Quatford,UK,52.51134,-2.36303
WV16,Acton Round,UK,52.51170,-2.47611
WV2,Blakenhall,UK,52.57410,-2.11950
WV3,Bradmore,UK,52.57910,-2.15610
WV4,Lower Penn,UK,52.56170,-2.16073
WV5,Claverley,UK,52.54219,-2.23660
WV6,Badger,UK,52.59425,-2.22065
WV7,Albrighton,UK,52.63130,-2.27438
WV8,Lane Green,UK,52.62990,-2.20150
WV9,Coven,UK,52.63500,-2.14250
WV98,Wolverhampton,UK,52.40540,-2.22000
WV99,Telford,UK,52.67130,-2.42030
YO1,Heslington,UK,53.95846,-1.08279
YO10,York,UK,53.95760,-1.08270
YO11,Folkton,UK,54.23711,-0.38536
YO12,Falsgrave,UK,54.23197,-0.46021
YO13,Broxa,UK,54.28802,-0.51611
YO14,Filey,UK,54.19110,-0.29568
YO15,Bempton,UK,54.09392,-0.18082
YO16,Grindale,UK,54.09080,-0.24196
YO17,East Lutton,UK,54.12735,-0.72100
YO18,Allerston,UK,54.28571,-0.77206
YO19,Deighton,UK,53.89830,-1.03011
YO21,West Barnby,UK,54.45860,-0.83894
YO22,High Hawsker,UK,54.44505,-0.64223
YO23,Rufforth,UK,53.91488,-1.16723
YO24,York,UK,53.94600,-1.11690
YO25,Fridaythorpe,UK,53.98589,-0.41608
YO26,Thorpe Underwood,UK,53.96660,-1.19397
YO30,Newton-on-Ouse,UK,54.01795,-1.18013
YO31,York,UK,53.95760,-1.08270
YO32,Huntington,UK,54.01144,-1.04306
YO41,Wilberfoss,UK,53.98863,-0.90257
YO42,Pocklington,UK,53.91507,-0.77611
YO43,Market Weighton,UK,53.82520,-0.64142
YO51,Marton,UK,54.06670,-1.36670
YO60,Bulmer,UK,54.07530,-0.91436
YO61,Tollerton,UK,54.11894,-1.20407
YO62,Ampleforth,UK,54.23754,-0.99173
YO7,Carlton Miniott,UK,54.24004,-1.34412
YO8,Breighton,UK,53.77469,-1.02690
YO90,York,UK,53.95760,-1.08270
YO91,Huntington,UK,54.00000,-1.05000
ZE1,Scalloway,UK,60.14640,-1.21319
ZE2,East Burrafirth,UK,60.38121,-1.27361
ZE3,Sumburgh,UK,59.87840,-1.30110
